topic,topic_distribution
0,"{'asset': np.float64(0.8824475227314867), 'activity': np.float64(0.3154762795358152), 'also': np.float64(0.28710571744874147), 'account': np.float64(0.11173529542677865), 'area': np.float64(0.08290535846212568), 'action': np.float64(0.08156288333062559), 'approval': np.float64(0.06319386339068434), 'act': np.float64(0.0505022343682227), 'aim': np.float64(0.042173430933413074), 'asia': np.float64(0.029366372236804793), 'amt': np.float64(0.028611702979737606), 'remaining': np.float64(0.023858087744887686), 'agreed': np.float64(0.017855095968871276), 'even': np.float64(0.017154182140973532), 'association': np.float64(0.01682891284687427), 'icaap': np.float64(0.01546774257726523), 'bbb': np.float64(0.014664625407576948), 'usa': np.float64(0.013581848319626218), 'ama': np.float64(0.011944154802320773), 'iaa': np.float64(0.011921542908224001), 'iaaa': np.float64(0.011921542908224001), 'eve': np.float64(0.010074843962537768), 'etc': np.float64(0.008653609928636315), 'aaa': np.float64(0.007750107310260747), 'ccc': np.float64(0.007107992240378289), 'assist': np.float64(0.006600542099875701), 'baa': np.float64(0.006272338394536076), 'acute': np.float64(0.0061437340793379005), 'erc': np.float64(0.005969791793124819), 'aear': np.float64(0.005925925346946542), 'approve': np.float64(0.005644823858238346), 'caa': np.float64(0.005643461078684932), 'avg': np.float64(0.005352385256129616), 'afc': np.float64(0.005099912735971698), 'abcp': np.float64(0.005037912619278117), 'bac': np.float64(0.0048238496823456625), 'alm': np.float64(0.004768790801228624), 'always': np.float64(0.003959423651169315), 'aware': np.float64(0.003922973501533333), 'alert': np.float64(0.0038702648784505714), 'aml': np.float64(0.0031617229655905646), 'alia': np.float64(0.0026503617664809516), 'assignment': np.float64(0.002569679643559214), 'agent': np.float64(0.0024684654507864975), 'alpha': np.float64(0.0023843085816448), 'attribute': np.float64(0.002108110965695037), 'iam': np.float64(0.00188297712888671), 'arching': np.float64(0.0017346266674573066), 'rtc': np.float64(0.001591931707526979), 'ima': np.float64(0.0015623385069782275), 'rea': np.float64(0.0014277737851819178), 'agm': np.float64(0.0014000855476551043), 'automatic': np.float64(0.0013837290385243606), 'eea': np.float64(0.0013588339227099749), 'ups': np.float64(0.0010722715068327492), 'acams': np.float64(0.0010652853351138562), 'auto': np.float64(0.0010399685230475144), 'psps': np.float64(0.0009903741653640075), 'ante': np.float64(0.0009647699364691324), 'jsc': np.float64(0.0008644822714431134), 'edd': np.float64(0.0008601442379870011), 'amc': np.float64(0.0007776346340495832), 'avatar': np.float64(0.0006625911453641955), 'ooo': np.float64(0.0006625911453641955), 'asf': np.float64(0.0006496819141874938), 'aside': np.float64(0.0006496819141874938), 'app': np.float64(0.0006388613929239684), 'ago': np.float64(0.0005410317169939018), 'accountse': np.float64(0.0005017617784155895), 'assetsa': np.float64(0.0005017617784155895), 'administrator': np.float64(0.0004951870826820037), 'aud': np.float64(0.0004901392199656617), 'ras': np.float64(0.0004828356590599375), 'assetsb': np.float64(0.00047715357043866204), 'authentication': np.float64(0.0004534171914616424), 'era': np.float64(0.00041522079897111225), 'apr': np.float64(0.00039571353735463487), 'aug': np.float64(0.00039571353735463487), 'aid': np.float64(0.000381107603875588), 'agement': np.float64(0.00032434582546164595), 'reas': np.float64(0.0002987842852545474), 'asking': np.float64(0.0002911202873438726), 'ances': np.float64(0.0002675658904956009), 'afca': np.float64(0.00024759354134100186), 'ally': np.float64(0.00021749940049114764), 'alfa': np.float64(0.00018048302693508342), 'aum': np.float64(0.00017716896397215238), 'apps': np.float64(0.00014892597743801223), 'aiver': np.float64(0.00014310412127599222), 'asse': np.float64(0.00014310412127599222), 'acc': np.float64(0.00013229528218163854), 'rre': np.float64(0.0001242732212231861), 'appro': np.float64(0.00012070639366272929), 'ate': np.float64(0.00010989755456837555), 'cal': np.float64(9.003303177024417e-05), 'ana': np.float64(8.75501132661349e-05), 'ari': np.float64(8.284881414879075e-05), 'aries': np.float64(8.252504017806345e-05), 'arcc': np.float64(7.713533600872377e-05), 'ara': np.float64(7.466454100344239e-05)}"
1,"{'decrease': np.float64(0.471448580255078), 'adverse': np.float64(0.46056247237431475), 'reduction': np.float64(0.3702872551593785), 'mitigation': np.float64(0.31094164739325186), 'reduced': np.float64(0.2533234395437961), 'reduce': np.float64(0.248999001784047), 'deduction': np.float64(0.22696066879090615), 'mitigate': np.float64(0.191143171374712), 'forborne': np.float64(0.15269306421079726), 'adversely': np.float64(0.15269304202844822), 'excludes': np.float64(0.14625194650620446), 'mitigating': np.float64(0.1179172594544679), 'reducing': np.float64(0.09888806046232776), 'avoid': np.float64(0.05954423034358561), 'mitigated': np.float64(0.057581398144875326), 'deducted': np.float64(0.05619033201696824), 'termination': np.float64(0.054688718313553125), 'detriment': np.float64(0.043251012303428024), 'cure': np.float64(0.039032983344296654), 'reduces': np.float64(0.03656611309010357), 'exclude': np.float64(0.03485139962477985), 'lesser': np.float64(0.02301933028439067), 'removal': np.float64(0.02299464749488664), 'cease': np.float64(0.02081330080560554), 'terminate': np.float64(0.02076346385200328), 'minimize': np.float64(0.020603680111246227), 'absorb': np.float64(0.01896102383178742), 'mitigates': np.float64(0.01855172279306441), 'remove': np.float64(0.016884951359302562), 'remediate': np.float64(0.01564921501604907), 'censure': np.float64(0.01541069997042037), 'subdued': np.float64(0.015050616957230629), 'eliminate': np.float64(0.014898522991951471), 'apart': np.float64(0.013367109612614296), 'minimising': np.float64(0.013326574353483688), 'minimise': np.float64(0.013108123652489282), 'ceasing': np.float64(0.012980143564230282), 'absorption': np.float64(0.012486836829437464), 'deviate': np.float64(0.011876957598233477), 'mitigant': np.float64(0.011363490144644016), 'deducting': np.float64(0.011212927091267217), 'combating': np.float64(0.011155941752960634), 'abuse': np.float64(0.00997936984366484), 'shrink': np.float64(0.009402503763518042), 'deminimis': np.float64(0.009217892104822462), 'deduct': np.float64(0.008767512287598459), 'downgraded': np.float64(0.008584814902429128), 'apac': np.float64(0.007867460588703575), 'avoids': np.float64(0.007698530857959251), 'modify': np.float64(0.0076264639539658854), 'refine': np.float64(0.007016082788162118), 'reprimand': np.float64(0.006987878277370898), 'precluded': np.float64(0.006243418414718732), 'subtracting': np.float64(0.006243418414718732), 'removing': np.float64(0.006203102350568763), 'inhibit': np.float64(0.006163857917862454), 'omitted': np.float64(0.006163857917862454), 'eliminated': np.float64(0.0060174950674999565), 'abrupt': np.float64(0.005879580052847715), 'deductible': np.float64(0.005180581100145603), 'diminished': np.float64(0.005105326728119138), 'veto': np.float64(0.004969782558753077), 'trim': np.float64(0.00490341708692251), 'hampered': np.float64(0.00489936440842173), 'narrowed': np.float64(0.00489936440842173), 'prohibit': np.float64(0.004729608433746136), 'elimination': np.float64(0.0035836895862046054), 'abused': np.float64(0.003360463637791726), 'demise': np.float64(0.0032648920461142276), 'suppression': np.float64(0.0032648920461142276), 'abate': np.float64(0.0032648920461141647), 'receded': np.float64(0.0032631702976937227), 'abolished': np.float64(0.0032055744851643706), 'refusing': np.float64(0.003109230335154106), 'foregoing': np.float64(0.003082984134695465), 'revocation': np.float64(0.003082984134695465), 'impair': np.float64(0.003080873783166988), 'refines': np.float64(0.002524093872879727), 'abreast': np.float64(0.0024971621127191563), 'revert': np.float64(0.0023542217260338325), 'aversion': np.float64(0.002337155630272095), 'amend': np.float64(0.002184634248924289), 'cured': np.float64(0.0020717976120482534), 'hinders': np.float64(0.0020717976120482534), 'withdraw': np.float64(0.001653339946765673), 'discontinue': np.float64(0.001473662917526205), 'imputed': np.float64(0.0013628336368235196), 'abated': np.float64(0.0012630634746363897), 'tapering': np.float64(0.0012610303982433368), 'curtailment': np.float64(0.0010585708336761487), 'eliminates': np.float64(0.0008916156899303994), 'abovementioned': np.float64(0.0008817030569004732), 'terminated': np.float64(0.0007866362817518503), 'lowering': np.float64(0.0006669000297136378), 'waive': np.float64(0.0003814678213244806), 'ated': np.float64(0.00037621075239007345), 'deter': np.float64(0.00026959887566213917)}"
2,"{'compliance': np.float64(0.6299700224851701), 'must': np.float64(0.39245027207795397), 'ensure': np.float64(0.3596258220790517), 'manage': np.float64(0.3158835471364219), 'continue': np.float64(0.21036949732252527), 'accordance': np.float64(0.1862072211240001), 'remains': np.float64(0.15484146786379255), 'maintain': np.float64(0.14721146011213251), 'require': np.float64(0.11262732753859758), 'remain': np.float64(0.11167119821733308), 'hold': np.float64(0.09599074469712299), 'remained': np.float64(0.09288130869680016), 'occur': np.float64(0.0846640606834152), 'comply': np.float64(0.07135331267829147), 'adherence': np.float64(0.07120687193481134), 'yield': np.float64(0.06376255003634387), 'understand': np.float64(0.05614691902209972), 'allow': np.float64(0.05322338146775392), 'along': np.float64(0.0514229936657623), 'keep': np.float64(0.04645961397790595), 'compliant': np.float64(0.046352972184585166), 'operate': np.float64(0.04372603801561135), 'consist': np.float64(0.04040053600296288), 'rely': np.float64(0.040053253026042825), 'fulfil': np.float64(0.03803641038145974), 'vary': np.float64(0.03283480160790615), 'governed': np.float64(0.03196330367783199), 'incorporate': np.float64(0.03191184218649427), 'believe': np.float64(0.026842943600036712), 'contain': np.float64(0.025630497779702516), 'exist': np.float64(0.024761853907525104), 'accept': np.float64(0.023076897665048425), 'relies': np.float64(0.021328642124109395), 'withstand': np.float64(0.02043397438573049), 'carry': np.float64(0.018766545162075633), 'govern': np.float64(0.018459460723242744), 'undertake': np.float64(0.01789872066216326), 'living': np.float64(0.01673732385356736), 'shall': np.float64(0.016496619041223806), 'incur': np.float64(0.01582622735961389), 'keeping': np.float64(0.0150198380104312), 'stay': np.float64(0.015001018463760236), 'live': np.float64(0.014850633460434609), 'domiciled': np.float64(0.014301395752770733), 'depend': np.float64(0.014069746013080397), 'fulfill': np.float64(0.012994461564600391), 'adhere': np.float64(0.012452003711324306), 'pursue': np.float64(0.011752015670192552), 'complied': np.float64(0.010772216401222202), 'complies': np.float64(0.01046952368387385), 'settle': np.float64(0.010435314142881342), 'standby': np.float64(0.010044761084171452), 'engage': np.float64(0.009935741886447675), 'adheres': np.float64(0.009916615449481133), 'adhering': np.float64(0.009854857792644047), 'adhered': np.float64(0.009581101333566468), 'enforce': np.float64(0.009427439222536811), 'resides': np.float64(0.0092901967938872), 'belong': np.float64(0.008529365357545546), 'suffer': np.float64(0.00809168047306961), 'encompass': np.float64(0.006899433734768183), 'complying': np.float64(0.006516485524682095), 'participate': np.float64(0.006513098054714784), 'happen': np.float64(0.006366198063485995), 'survive': np.float64(0.006342536213465485), 'belonging': np.float64(0.005754913883428361), 'governs': np.float64(0.005752020070898274), 'intend': np.float64(0.005174577334601421), 'undergo': np.float64(0.005006379471589244), 'appear': np.float64(0.004877960055072693), 'conform': np.float64(0.003917195044642476), 'succeed': np.float64(0.0037186112653815164), 'necessitate': np.float64(0.00344344409949545), 'therein': np.float64(0.0033352876382291272), 'occupy': np.float64(0.0031198545197034916), 'dwelling': np.float64(0.0030454121865398894), 'existence': np.float64(0.003036998628738868), 'presence': np.float64(0.0029213526467579665), 'belongs': np.float64(0.0025914714083897024), 'relying': np.float64(0.0025914714083897024), 'substantiate': np.float64(0.0025914714083897024), 'persisted': np.float64(0.0024625180736863373), 'sit': np.float64(0.0024053498391685382), 'cooperate': np.float64(0.0023112178089856657), 'persist': np.float64(0.0018625753047184037), 'observe': np.float64(0.001835355887454228), 'habit': np.float64(0.0017903814581883984), 'navigate': np.float64(0.0017745334991778933), 'staying': np.float64(0.0016614281234850338), 'embrace': np.float64(0.0016102590590535094), 'persists': np.float64(0.0014808687020252717), 'refrain': np.float64(0.0014123046237468262), 'pertains': np.float64(0.000961059720492641), 'proceed': np.float64(0.0009296697261724936), 'pliance': np.float64(0.0008881711078091265), 'abide': np.float64(0.0006589050090411226), 'prevail': np.float64(0.0006589050090410374), 'sustain': np.float64(0.0005452772991115324)}"
3,"{'liability': np.float64(0.714024893310427), 'impairment': np.float64(0.3909993681571187), 'potential': np.float64(0.38585539047493683), 'responsibility': np.float64(0.20202555629539853), 'available': np.float64(0.19618926066022657), 'adequacy': np.float64(0.1473360172944143), 'ability': np.float64(0.13392075361474634), 'facility': np.float64(0.11248751435634986), 'provided': np.float64(0.11062983704451033), 'capacity': np.float64(0.09751486922799037), 'access': np.float64(0.0773969227329994), 'power': np.float64(0.04741505783108412), 'allocated': np.float64(0.04728753033675099), 'active': np.float64(0.046078907344399005), 'requires': np.float64(0.04264596141849434), 'allocation': np.float64(0.041828594788251544), 'enable': np.float64(0.038593878979604646), 'able': np.float64(0.03828232968526051), 'vulnerability': np.float64(0.03512767364220867), 'capability': np.float64(0.03472692066601402), 'enables': np.float64(0.03348682495473369), 'utility': np.float64(0.03271350148518711), 'dependent': np.float64(0.032029535617564026), 'difficulty': np.float64(0.03053328136673613), 'affordability': np.float64(0.029806695182036016), 'availability': np.float64(0.029252140526721114), 'unable': np.float64(0.027281984880009654), 'inclusion': np.float64(0.027280917228591054), 'anticipated': np.float64(0.02696482021052589), 'limitation': np.float64(0.02534058988330873), 'awareness': np.float64(0.025329732792666825), 'allows': np.float64(0.025168158332930297), 'inability': np.float64(0.022840576469979192), 'advanced': np.float64(0.019694279808153792), 'willing': np.float64(0.019611895214464492), 'encumbered': np.float64(0.017716175803132003), 'allowing': np.float64(0.014724287819579853), 'readily': np.float64(0.013592317925691894), 'competence': np.float64(0.013045810809949876), 'eligibility': np.float64(0.012885060076568217), 'facilitation': np.float64(0.012213267749655808), 'allowed': np.float64(0.010581037211506987), 'equipment': np.float64(0.009472680679017622), 'liable': np.float64(0.00905438599470409), 'enabling': np.float64(0.008348390149144333), 'permitted': np.float64(0.007726034928172286), 'ment': np.float64(0.007550941381088624), 'enabled': np.float64(0.007356251660889108), 'possibility': np.float64(0.006886573573010568), 'recoverability': np.float64(0.006763005546613191), 'authorized': np.float64(0.006512019635048325), 'authorization': np.float64(0.0064171036897547155), 'reliant': np.float64(0.006065383713314447), 'optionality': np.float64(0.005001058204814723), 'ease': np.float64(0.004951048262731401), 'permission': np.float64(0.004819829182618821), 'flexibility': np.float64(0.004450306696338962), 'readiness': np.float64(0.0038845268206709103), 'provisioned': np.float64(0.0038533410681083347), 'disability': np.float64(0.0037334762768767606), 'preparedness': np.float64(0.0036112364266683373), 'responsiveness': np.float64(0.0033876902213507004), 'adapting': np.float64(0.0033384602620620454), 'compatible': np.float64(0.003224830454682495), 'achievement': np.float64(0.003144790286057525), 'mobility': np.float64(0.0026877247450741003), 'accessible': np.float64(0.0024709191425308086), 'impairmentc': np.float64(0.002082162805391152), 'functionality': np.float64(0.0019673349333136957), 'movable': np.float64(0.0018741364593414652), 'willingness': np.float64(0.0015542580984360785), 'optionalities': np.float64(0.0015337536793129049), 'adapts': np.float64(0.001403353140940287), 'allowancec': np.float64(0.0013848140130621467), 'attachment': np.float64(0.0013781516921763796), 'accommodative': np.float64(0.001374930441466283), 'ity': np.float64(0.0012417464180507307), 'ance': np.float64(0.0011690973574873024), 'incapacity': np.float64(0.0005214085712777459), 'usability': np.float64(0.0004943563176679669), 'bility': np.float64(0.00046165141732952005), 'resiliency': np.float64(0.0003576887631193339), 'capable': np.float64(0.00035706342446559073), 'compatibility': np.float64(0.00035662313205509063), 'competency': np.float64(0.0003350415840862569), 'adaptability': np.float64(0.0003195638962317487), 'sibility': np.float64(0.00031153271929370673), 'sible': np.float64(0.00023848134969409513), 'ency': np.float64(0.00014700411213714956), 'tainability': np.float64(0.000142961467654661)}"
4,"{'foreign': np.float64(0.7301158363450908), 'different': np.float64(0.4140651250042051), 'negative': np.float64(0.3521707681482482), 'impaired': np.float64(0.28938055773931154), 'elevated': np.float64(0.13215990530214491), 'extreme': np.float64(0.11283798739389296), 'beyond': np.float64(0.11212009231683862), 'normal': np.float64(0.09278184795283329), 'excess': np.float64(0.09034433188996334), 'wrong': np.float64(0.08195103784449992), 'inadequate': np.float64(0.058125849679445715), 'deviation': np.float64(0.050255083530430913), 'exceeding': np.float64(0.046375077827114204), 'outlier': np.float64(0.04525992620160525), 'ordinary': np.float64(0.042302004033060156), 'exceptional': np.float64(0.03084066731687731), 'undue': np.float64(0.02964170903121031), 'inappropriate': np.float64(0.02908921864177069), 'exceed': np.float64(0.028323495333965668), 'artificial': np.float64(0.02524633175314593), 'exceeded': np.float64(0.02463811711785326), 'malicious': np.float64(0.02256518656113436), 'unauthorised': np.float64(0.022342340483541744), 'illegal': np.float64(0.0210782169298856), 'excessive': np.float64(0.0181343939535233), 'usual': np.float64(0.017719387446313312), 'illicit': np.float64(0.01509926605781875), 'unacceptable': np.float64(0.014209875716600439), 'unfavourable': np.float64(0.013869929458234793), 'asymmetry': np.float64(0.013217799787585728), 'disrupted': np.float64(0.01223571525109112), 'substandard': np.float64(0.011553646446824573), 'ordinarily': np.float64(0.010945540425434063), 'disorderly': np.float64(0.010886443352383337), 'harmful': np.float64(0.010328254829268826), 'unauthorized': np.float64(0.010298891905955255), 'disruptive': np.float64(0.00950649989950199), 'unethical': np.float64(0.00895367836716713), 'undesired': np.float64(0.008731885966459562), 'suspicious': np.float64(0.008591025346708291), 'normally': np.float64(0.008014870696661607), 'unprecedented': np.float64(0.007996277614795197), 'bad': np.float64(0.0076716411936406164), 'benign': np.float64(0.007135328958763068), 'flaw': np.float64(0.007001690409713324), 'improper': np.float64(0.006873460190236021), 'unintended': np.float64(0.0065418046732569155), 'unsuitable': np.float64(0.006221322416574141), 'improperly': np.float64(0.006136998817120959), 'abroad': np.float64(0.00605964742817779), 'biased': np.float64(0.005587635917154849), 'unusual': np.float64(0.0052436823949016465), 'deviating': np.float64(0.005171019668434716), 'undesirable': np.float64(0.005065434640676676), 'unstable': np.float64(0.004875795714180718), 'erroneous': np.float64(0.0040785717503637065), 'erroneously': np.float64(0.0040785717503637065), 'illegally': np.float64(0.0040785717503637065), 'inappropriately': np.float64(0.004033458143352232), 'exogenous': np.float64(0.003920355848898839), 'inaccurate': np.float64(0.003907218585716769), 'lacking': np.float64(0.003907218585716769), 'extraordinary': np.float64(0.003831452653063087), 'unfairly': np.float64(0.003822190833283343), 'impropriety': np.float64(0.0037014959906469594), 'flawed': np.float64(0.0032790698323440053), 'altered': np.float64(0.0030881560043659736), 'unduly': np.float64(0.00304935821698508), 'contrary': np.float64(0.002991318849488427), 'skewed': np.float64(0.0029231186593496163), 'unlawfully': np.float64(0.0029231186593496163), 'unforeseen': np.float64(0.002840650078431042), 'turbulent': np.float64(0.0026936686609260884), 'exceptionally': np.float64(0.0024552738430263874), 'damaged': np.float64(0.002159175519045105), 'sick': np.float64(0.002142750666210435), 'unlawful': np.float64(0.0019390187329824651), 'unconventional': np.float64(0.0019362557690366473), 'unfavorable': np.float64(0.0019337011318353108), 'fraudulent': np.float64(0.0018273392329830336), 'sickness': np.float64(0.0018264374971956377), 'overly': np.float64(0.0015518629358239747), 'unfair': np.float64(0.001492291733453998), 'altering': np.float64(0.001394720391547567), 'unfavourably': np.float64(0.0013832582048138701), 'toxic': np.float64(0.001169549664786318), 'discrepancy': np.float64(0.001034960634198927), 'irregular': np.float64(0.0005295317910578986), 'unplanned': np.float64(0.0005295317910578986), 'unnecessary': np.float64(0.000514567164830233), 'disturbed': np.float64(0.00044636697469142204), 'unpredicted': np.float64(0.00044636697469142204), 'abnormal': np.float64(0.0004147101965644762), 'uncontrolled': np.float64(0.0003902272649114076), 'rare': np.float64(0.0003097896383379919)}"
5,"{'loss': np.float64(0.9878941681162582), 'excluding': np.float64(0.12812844260724834), 'without': np.float64(0.03788553448933805), 'exemption': np.float64(0.036433876935083404), 'gap': np.float64(0.03155992886439996), 'except': np.float64(0.029586588302994606), 'shortfall': np.float64(0.028119600151999404), 'insufficient': np.float64(0.017909756738192572), 'weakness': np.float64(0.01669147874270324), 'excluded': np.float64(0.016559661065224787), 'negatively': np.float64(0.014545047277207967), 'deficiency': np.float64(0.013083771972650655), 'lack': np.float64(0.01174784013578865), 'cancellation': np.float64(0.009543212577885592), 'delinquency': np.float64(0.008811895680319329), 'expired': np.float64(0.008645758988226766), 'missing': np.float64(0.007724318616565764), 'withdrawal': np.float64(0.007138086870836241), 'absence': np.float64(0.006755387478521419), 'withdrawn': np.float64(0.006315320296402391), 'ineffectiveness': np.float64(0.00616198150904583), 'evasion': np.float64(0.005889463186343888), 'avoiding': np.float64(0.005415024540848446), 'deficit': np.float64(0.005285780021888502), 'exclusion': np.float64(0.0050217879955716214), 'leaving': np.float64(0.004885371064233252), 'unavailability': np.float64(0.004513424758847835), 'unavailable': np.float64(0.00446181483595412), 'cessation': np.float64(0.004435871956481089), 'shortcoming': np.float64(0.004117695412543652), 'fails': np.float64(0.003888250722933893), 'discontinuation': np.float64(0.003706347869174404), 'shortage': np.float64(0.003513006446565251), 'outage': np.float64(0.003448751038228125), 'inaction': np.float64(0.0031664761964705734), 'suspension': np.float64(0.0031463504239291474), 'away': np.float64(0.002655551505242965), 'interruption': np.float64(0.0026128844840236426), 'vacancy': np.float64(0.0024892654576550133), 'none': np.float64(0.0024261671614049327), 'immateriality': np.float64(0.002071581006216214), 'possession': np.float64(0.002071581006216214), 'leakage': np.float64(0.0019127223059689225), 'vacant': np.float64(0.0016608270453091834), 'depletion': np.float64(0.0015179719911131524), 'null': np.float64(0.001479187795809539), 'separation': np.float64(0.0014676223538928484), 'dismissal': np.float64(0.0013325637448284695), 'illness': np.float64(0.0012995945863651234), 'avoidance': np.float64(0.0011902766763465546), 'ineffectivenes': np.float64(0.001183350236647631), 'incomplete': np.float64(0.001159295769995548), 'inaccessibility': np.float64(0.0009913423348517452), 'omission': np.float64(0.0009443141077002067), 'inactive': np.float64(0.0008875126774857235), 'departure': np.float64(0.0007603078311323437), 'missed': np.float64(0.0007603078311323437), 'furlough': np.float64(0.0006313433894132382), 'inaccessible': np.float64(0.000575502323346169), 'scarcity': np.float64(0.0005665395909596017), 'attendance': np.float64(0.0004966618250828413), 'postponement': np.float64(0.00028101233841223744), 'withheld': np.float64(0.00023983416176341974)}"
6,"{'total': np.float64(0.6560334378750501), 'value': np.float64(0.6070758660323615), 'amount': np.float64(0.2714128020182702), 'basis': np.float64(0.17322354060099598), 'defined': np.float64(0.1363573682968148), 'quality': np.float64(0.13393919539151072), 'significant': np.float64(0.12832112203966206), 'real': np.float64(0.12478603518291369), 'overall': np.float64(0.0750314067858301), 'physical': np.float64(0.06145950128407059), 'maximum': np.float64(0.055540466382059346), 'amounting': np.float64(0.0487015709540567), 'definition': np.float64(0.04503724545491321), 'full': np.float64(0.03674503317051294), 'base': np.float64(0.03648624516084202), 'actual': np.float64(0.03379272113438654), 'consistent': np.float64(0.033532243244883374), 'relative': np.float64(0.03218600721977167), 'final': np.float64(0.027881767256268883), 'fixed': np.float64(0.02738521615457671), 'major': np.float64(0.02546924079843133), 'zero': np.float64(0.02358762785517357), 'mean': np.float64(0.0221381493657488), 'approximately': np.float64(0.01846278637734163), 'severity': np.float64(0.016707287333945487), 'recognized': np.float64(0.016666828868766147), 'highest': np.float64(0.014672420520911948), 'greater': np.float64(0.013556681061724201), 'equal': np.float64(0.013317871244495072), 'integral': np.float64(0.011093027219982895), 'whole': np.float64(0.010951732430322722), 'best': np.float64(0.010689838776756182), 'absolute': np.float64(0.00874877570140852), 'degree': np.float64(0.008663151067145007), 'sum': np.float64(0.008540856983958942), 'plus': np.float64(0.008224137397708298), 'accepted': np.float64(0.007766157234475697), 'constant': np.float64(0.0075592834547238965), 'essential': np.float64(0.007305617955468534), 'accuracy': np.float64(0.0071610741508294894), 'acceptable': np.float64(0.007084432900585613), 'complete': np.float64(0.006791124062735962), 'fundamental': np.float64(0.006333297473335968), 'valid': np.float64(0.005401729904390418), 'distinct': np.float64(0.004753205941219446), 'completeness': np.float64(0.004126798423851605), 'qualification': np.float64(0.0040918180428471075), 'exists': np.float64(0.0040138381478457795), 'explicit': np.float64(0.0039047349828738587), 'uniform': np.float64(0.0037230408903314903), 'ultimate': np.float64(0.0036650012517036555), 'virtual': np.float64(0.003468983953717262), 'supreme': np.float64(0.0033783988138143903), 'entire': np.float64(0.0032604559741913307), 'proper': np.float64(0.003184048225400542), 'equating': np.float64(0.0030851261151702424), 'implicit': np.float64(0.0030645722881631633), 'certainty': np.float64(0.002526898723096736), 'almost': np.float64(0.0024380233739508613), 'permanent': np.float64(0.0023256141493884263), 'lasting': np.float64(0.001993729107247277), 'max': np.float64(0.0019390464272981988), 'implicitly': np.float64(0.001891232130778884), 'inclusive': np.float64(0.001811792229199151), 'true': np.float64(0.001576808058039675), 'completely': np.float64(0.0015202949529467935), 'norm': np.float64(0.0012217984534366774), 'perfect': np.float64(0.0010982013114388958), 'bound': np.float64(0.0010910883008586646), 'assert': np.float64(0.0010862340336540031), 'basic': np.float64(0.0010850791697176723), 'entirety': np.float64(0.0010431868942425318), 'inevitable': np.float64(0.0009688845544990078), 'totaling': np.float64(0.000844590668727708), 'ever': np.float64(0.0008279535354840715), 'ness': np.float64(0.0007034863673219089), 'unconditionally': np.float64(0.0006338187694156862), 'exactly': np.float64(0.0005992821949631593), 'normalized': np.float64(0.0005486174797150423), 'invalid': np.float64(0.0004582150208390943), 'pure': np.float64(0.000421115488168252), 'invalidate': np.float64(0.00036960235953584865), 'universal': np.float64(0.0002959471371455114), 'anything': np.float64(0.0002647332273647979), 'super': np.float64(0.00020557299272856505), 'ures': np.float64(0.00019477126805915435), 'totalling': np.float64(0.00010292405731357438), 'purely': np.float64(7.212150732715602e-05)}"
7,"{'applicable': np.float64(0.5803675673063173), 'managing': np.float64(0.4410379618584066), 'taking': np.float64(0.41571895591298386), 'reflected': np.float64(0.2469987940680318), 'reflects': np.float64(0.2180935445958275), 'acquisition': np.float64(0.20577543063454756), 'applying': np.float64(0.16195377631704982), 'reflecting': np.float64(0.1511618884995847), 'supporting': np.float64(0.11449662853962415), 'captured': np.float64(0.10686881219534307), 'affecting': np.float64(0.10404144602037609), 'implementing': np.float64(0.09920875569337913), 'retained': np.float64(0.09693532104908154), 'assumed': np.float64(0.09314664542928991), 'understanding': np.float64(0.07375349276641127), 'absorbing': np.float64(0.06555821555565268), 'impacting': np.float64(0.06312786632096268), 'focusing': np.float64(0.060366846354717923), 'requiring': np.float64(0.05535038427966224), 'growing': np.float64(0.04629763773527853), 'involving': np.float64(0.03387244673646471), 'incorporating': np.float64(0.029517062105331324), 'approving': np.float64(0.02896764961896194), 'becoming': np.float64(0.028527933462672187), 'deriving': np.float64(0.027528255842909768), 'capturing': np.float64(0.026878493840885486), 'aggregating': np.float64(0.023992514764961118), 'integrating': np.float64(0.02155271034329108), 'contributing': np.float64(0.020989468124077478), 'adding': np.float64(0.01709838799436957), 'engaging': np.float64(0.0168979388812632), 'expanding': np.float64(0.015333774370646864), 'encompassing': np.float64(0.015322009090177325), 'earning': np.float64(0.01515308336820501), 'amortizing': np.float64(0.01505543524355123), 'recognising': np.float64(0.013800462610286874), 'gained': np.float64(0.012105891675791718), 'incurring': np.float64(0.011919196551277818), 'participating': np.float64(0.011331396278985871), 'obtaining': np.float64(0.010589113777515504), 'responding': np.float64(0.010468324347296974), 'collecting': np.float64(0.008723370637769253), 'recognizing': np.float64(0.008682026194267115), 'reflective': np.float64(0.008615809870476394), 'retaining': np.float64(0.008586653019146412), 'consolidating': np.float64(0.008483816217102706), 'acquires': np.float64(0.007527717621775615), 'insuring': np.float64(0.007527717621775615), 'fulfilling': np.float64(0.006870018516001983), 'acquire': np.float64(0.006554806183524919), 'pertaining': np.float64(0.006508290288401984), 'recovering': np.float64(0.006214352583209705), 'containing': np.float64(0.006087175085263248), 'accepting': np.float64(0.005564894787287093), 'accrue': np.float64(0.004796300563380308), 'observing': np.float64(0.0042695713591074805), 'accelerating': np.float64(0.0041506369545060845), 'affirming': np.float64(0.0039831799148095015), 'passing': np.float64(0.003975538512365704), 'collapsing': np.float64(0.003941781622610983), 'emitting': np.float64(0.00383916261409841), 'benefiting': np.float64(0.0038290575520237864), 'attracting': np.float64(0.0038261869813847275), 'employing': np.float64(0.0038261869813847275), 'adjusting': np.float64(0.00370651130298141), 'consuming': np.float64(0.0036986600697518288), 'demanding': np.float64(0.0034867159493457436), 'knowing': np.float64(0.0034867159493457436), 'repaying': np.float64(0.0034867159493457436), 'getting': np.float64(0.0034074367306434223), 'effecting': np.float64(0.0032824799490612814), 'fading': np.float64(0.0030912976989140584), 'shrinking': np.float64(0.0027533478125619684), 'acknowledging': np.float64(0.0027379055283693102), 'accumulation': np.float64(0.0024600535493901543), 'focussing': np.float64(0.002308886383122657), 'disclosing': np.float64(0.002299630821081377), 'occupying': np.float64(0.0022821926582741576), 'paying': np.float64(0.0018850026246477296), 'appreciating': np.float64(0.0013260940629470641), 'ecting': np.float64(0.0013246265567092518), 'acquiring': np.float64(0.0012584802480616242), 'realising': np.float64(0.0011234340914584597), 'embracing': np.float64(0.0005274375603759978)}"
8,"{'transaction': np.float64(0.7235739969930144), 'legal': np.float64(0.6347285857573213), 'contract': np.float64(0.1791508662726866), 'disposal': np.float64(0.12047325973281216), 'solvency': np.float64(0.0800899206753174), 'irrevocable': np.float64(0.07745486163574519), 'revocable': np.float64(0.06627729898808515), 'liquidation': np.float64(0.059438736989847085), 'legally': np.float64(0.04738157861206979), 'closing': np.float64(0.033993839117537554), 'derecognition': np.float64(0.03130293587122579), 'legislation': np.float64(0.02899129864321961), 'closure': np.float64(0.018309133832452352), 'bankruptcy': np.float64(0.015632575630633267), 'completion': np.float64(0.01162339710500364), 'liquidated': np.float64(0.00948220605186426), 'insolvency': np.float64(0.009465492730451917), 'contractually': np.float64(0.008509685992256016), 'bundesbank': np.float64(0.008189934562847128), 'ceased': np.float64(0.00817643734600559), 'amortisation': np.float64(0.005958070812777405), 'restructurings': np.float64(0.005663176967513712), 'liquidate': np.float64(0.005159210587398164), 'cancelled': np.float64(0.005116008828710203), 'transacting': np.float64(0.0042168781487988225), 'bundesanstalt': np.float64(0.004094967281423564), 'discontinuance': np.float64(0.004094967281423564), 'elapses': np.float64(0.004094967281423564), 'finanzdienstleistungsaufsicht': np.float64(0.004094967281423564), 'kreditwesengesetz': np.float64(0.004094967281423564), 'liquidating': np.float64(0.004094967281423564), 'sanierungs': np.float64(0.004094967281423564), 'abwicklungsgesetz': np.float64(0.004094967281423471), 'rescission': np.float64(0.0024235470346401244), 'severance': np.float64(0.0017536417048028118), 'cassation': np.float64(0.0017452137682332303), 'finalization': np.float64(0.001645786341484589), 'finalisation': np.float64(0.0012733897850066896), 'gmbh': np.float64(0.0011634758454888202), 'regula': np.float64(0.0008094706613133856), 'verwaltungs': np.float64(7.712361118926567e-05), 'bundesländer': np.float64(7.245817214913366e-05)}"
9,"{'credit': np.float64(0.6833748535105573), 'capital': np.float64(0.582478212635164), 'business': np.float64(0.32401151010488827), 'based': np.float64(0.17469035029956068), 'internal': np.float64(0.14421829765820623), 'assessment': np.float64(0.08340658117588538), 'subject': np.float64(0.07817736440204118), 'profile': np.float64(0.0736347615648022), 'institution': np.float64(0.04795203196465935), 'senior': np.float64(0.04680991232641502), 'appropriate': np.float64(0.03940353425701068), 'associated': np.float64(0.03911822010954589), 'authority': np.float64(0.03883147340194171), 'eligible': np.float64(0.036936149219974), 'valuation': np.float64(0.03380115122307542), 'principal': np.float64(0.03181743300446291), 'finance': np.float64(0.030583543250387982), 'approved': np.float64(0.030076409020793934), 'grade': np.float64(0.02757954183039386), 'personal': np.float64(0.027406823922972844), 'eur': np.float64(0.02349160216160151), 'apply': np.float64(0.018265531914256047), 'expert': np.float64(0.01701539205207707), 'structural': np.float64(0.01692929402435672), 'primary': np.float64(0.01413814582007964), 'audit': np.float64(0.013902475751411512), 'assigned': np.float64(0.013720180804604189), 'benchmark': np.float64(0.012506686921790883), 'master': np.float64(0.01148519184456767), 'published': np.float64(0.011113021274918498), 'training': np.float64(0.009105516393255152), 'professional': np.float64(0.008895041437050723), 'critical': np.float64(0.008335656418109032), 'premium': np.float64(0.006727997191772202), 'national': np.float64(0.006136968706836722), 'completed': np.float64(0.004650065353892502), 'political': np.float64(0.004581126512266268), 'education': np.float64(0.004540682961531632), 'learning': np.float64(0.00454066458145143), 'scientific': np.float64(0.004320280439141916), 'course': np.float64(0.004308880617201839), 'learned': np.float64(0.0041277568137680085), 'evaluation': np.float64(0.0041015410215377674), 'validated': np.float64(0.0032888850211739333), 'certificate': np.float64(0.002929931662353101), 'civil': np.float64(0.0018856786759611248), 'history': np.float64(0.0018442088730263044), 'associate': np.float64(0.0018149875512327052), 'qualified': np.float64(0.001776711417330903), 'formal': np.float64(0.001583538442743022), 'secondary': np.float64(0.0015256798245553175), 'background': np.float64(0.0014572790532808523), 'bridge': np.float64(0.0014313641419974295), 'engineering': np.float64(0.0013628317658745737), 'appointed': np.float64(0.00133160123382846), 'analytics': np.float64(0.0012325042902914347), 'credential': np.float64(0.0011864404820015977), 'study': np.float64(0.0006957187360006742), 'disciplinary': np.float64(0.0006632920071841971), 'journal': np.float64(0.0006531169374132039), 'career': np.float64(0.0005880184521281231), 'academy': np.float64(0.0005531141440260071), 'adult': np.float64(0.0005264218760735251), 'award': np.float64(0.0004802039362127123), 'academic': np.float64(0.00044795435395714113), 'university': np.float64(0.0004438534237713186), 'medical': np.float64(0.00042319271824529546), 'resume': np.float64(0.0003638947351329592), 'architecture': np.float64(0.00034427131637578153), 'exam': np.float64(0.00032863200994366577), 'curriculum': np.float64(0.00028144745526604637), 'school': np.float64(0.0002598005846556333), 'prof': np.float64(0.00013352567685790873), 'english': np.float64(0.00011213048335723661), 'strate': np.float64(6.829839233283313e-05), 'accreditation': np.float64(6.753274645168013e-05), 'ited': np.float64(3.914505772074823e-05)}"
10,"{'increase': np.float64(0.6114125009976862), 'leverage': np.float64(0.4480935263346537), 'driven': np.float64(0.4067559287638486), 'advance': np.float64(0.3388578386814147), 'provide': np.float64(0.2208561530734226), 'driver': np.float64(0.14543165818635134), 'forward': np.float64(0.143660744346644), 'increasing': np.float64(0.1086429886155906), 'enhanced': np.float64(0.08595702696237469), 'attack': np.float64(0.07242830188527988), 'add': np.float64(0.06145873158090238), 'gain': np.float64(0.06087907135020528), 'improve': np.float64(0.051565076927209214), 'achieve': np.float64(0.04825672859507124), 'develop': np.float64(0.04627950299547329), 'enhance': np.float64(0.045330580325511), 'progress': np.float64(0.03987270024010187), 'drive': np.float64(0.03899977626419774), 'facilitate': np.float64(0.03648255939247902), 'move': np.float64(0.0345386366846324), 'promote': np.float64(0.03286805565154886), 'generate': np.float64(0.03269651431012468), 'strengthen': np.float64(0.026419446370635452), 'escalated': np.float64(0.02628206889916321), 'adapt': np.float64(0.018359463923399485), 'contribute': np.float64(0.01824790432563866), 'exacerbated': np.float64(0.017936313836509933), 'escalate': np.float64(0.01769722651645256), 'accelerate': np.float64(0.017663713668483322), 'enhancing': np.float64(0.016482343429041747), 'steer': np.float64(0.014734508172178588), 'slowdown': np.float64(0.014259932168871382), 'facilitates': np.float64(0.013816248229808554), 'escalating': np.float64(0.012674484614420606), 'facilitating': np.float64(0.011723229158006237), 'expand': np.float64(0.011463785198415437), 'escalates': np.float64(0.0114379590203618), 'ramped': np.float64(0.010273558344622943), 'promotes': np.float64(0.01017163609322691), 'speed': np.float64(0.01006994080386765), 'rapid': np.float64(0.010014833396751402), 'grow': np.float64(0.009886278459944046), 'quickly': np.float64(0.00968429064464882), 'charged': np.float64(0.009271165579883053), 'accelerated': np.float64(0.008794973299503584), 'advancement': np.float64(0.007467694760156365), 'rapidly': np.float64(0.007445645118771605), 'reinforce': np.float64(0.00685094148003242), 'empower': np.float64(0.005718493397551624), 'enhances': np.float64(0.005413015488137279), 'swiftly': np.float64(0.005099012779649004), 'acceleration': np.float64(0.00456351083546855), 'transform': np.float64(0.004472752673197247), 'ahead': np.float64(0.004101224311259272), 'intensified': np.float64(0.0040539653312959036), 'fast': np.float64(0.003651370948057492), 'tighten': np.float64(0.0036507738661966677), 'widen': np.float64(0.003540409922297274), 'emphasise': np.float64(0.003173043555689497), 'heighten': np.float64(0.003173043555689497), 'motivate': np.float64(0.003173043555689497), 'convey': np.float64(0.002956462823316956), 'enact': np.float64(0.002418266804817966), 'velocity': np.float64(0.0019740547356529034), 'faster': np.float64(0.0018977618379673424), 'stimulate': np.float64(0.0018885650005071666), 'initiate': np.float64(0.0018408057810727061), 'encourage': np.float64(0.0016829300421088746), 'mover': np.float64(0.0016267223493719428), 'intensify': np.float64(0.001589593262680394), 'endorse': np.float64(0.0013360570145515562), 'drove': np.float64(0.001318961908186824), 'consolidate': np.float64(0.0013071925202332065), 'automate': np.float64(0.0012609013113443947), 'boost': np.float64(0.0011215292696099845), 'broaden': np.float64(0.0010256759481440446), 'maximize': np.float64(0.0010256759481440446), 'swift': np.float64(0.0009882482857814477), 'amplify': np.float64(0.0008827096345569141), 'encouraged': np.float64(0.0008431276824386696), 'aggravating': np.float64(0.0007231498266650184), 'converge': np.float64(0.0007231498266650184), 'exponentially': np.float64(0.0005742723267015867), 'prioritize': np.float64(0.0005742723267015867), 'fuelled': np.float64(0.0005557022644280172), 'lengthens': np.float64(0.0003555543932794189), 'incentivise': np.float64(0.0001794548970832204), 'incre': np.float64(0.00016993754062735863), 'devel': np.float64(3.29975191813218e-05), 'encourages': np.float64(3.29975191813218e-05)}"
11,"{'agreement': np.float64(0.5652768531304121), 'commitment': np.float64(0.5174508003647491), 'maturity': np.float64(0.39441136219128614), 'assumption': np.float64(0.2969676991314463), 'received': np.float64(0.1791057744136306), 'consideration': np.float64(0.16319467581872016), 'validation': np.float64(0.15408629803167992), 'confidence': np.float64(0.14728161942077334), 'claim': np.float64(0.13994336768076562), 'recognition': np.float64(0.09787893436334433), 'recommendation': np.float64(0.08186092182836117), 'assurance': np.float64(0.07650811199629498), 'tolerance': np.float64(0.06233868494858352), 'receive': np.float64(0.05572590219774852), 'engagement': np.float64(0.0550794567690795), 'consensus': np.float64(0.04955421259917028), 'representation': np.float64(0.040795550133924295), 'binding': np.float64(0.036344816666874634), 'adoption': np.float64(0.03237661352422623), 'certification': np.float64(0.030703291747924123), 'accommodation': np.float64(0.03055402657239761), 'participation': np.float64(0.02816334756453474), 'interpretation': np.float64(0.026089106475413702), 'consistency': np.float64(0.022243523781076042), 'acceptance': np.float64(0.020672279143394916), 'confirmation': np.float64(0.020516828121371587), 'concession': np.float64(0.018103010666972657), 'submission': np.float64(0.016886181760128835), 'denial': np.float64(0.016643827827780712), 'confirmed': np.float64(0.013901456145690405), 'success': np.float64(0.011664593986327779), 'receipt': np.float64(0.011290118234251446), 'appreciation': np.float64(0.007326673210908137), 'validate': np.float64(0.00695841967376591), 'affirmed': np.float64(0.006714812468180956), 'confirm': np.float64(0.005957895674970176), 'attest': np.float64(0.005787853725776984), 'acknowledgement': np.float64(0.005534816909068525), 'realization': np.float64(0.00548505883285331), 'conformance': np.float64(0.005483512331539079), 'attestation': np.float64(0.005092337762066269), 'endorsement': np.float64(0.005092337762066269), 'adaptation': np.float64(0.004389030799281284), 'resignation': np.float64(0.004351978173591693), 'granting': np.float64(0.004186084373868794), 'grant': np.float64(0.004083044418751489), 'joining': np.float64(0.0039891163246177416), 'conformity': np.float64(0.0034719761537254307), 'validity': np.float64(0.0034373590982186703), 'acknowledged': np.float64(0.0031299345829025847), 'sponsorship': np.float64(0.0029346188780078387), 'acknowledge': np.float64(0.0028941414109506045), 'surrender': np.float64(0.002604113220383288), 'promise': np.float64(0.002433355510535427), 'acknowledges': np.float64(0.0022302975691864935), 'consent': np.float64(0.002173848147305191), 'rejected': np.float64(0.0018265244016812073), 'fulfilment': np.float64(0.0017349396855390181), 'accepts': np.float64(0.0016311952552819139), 'confirming': np.float64(0.0015931900980434572), 'satisfaction': np.float64(0.0014198528818343775), 'appropriation': np.float64(0.0013815361159918134), 'approver': np.float64(0.0011781632123611199), 'endorsing': np.float64(0.0006728237171912331), 'compliancy': np.float64(0.000154136148591821)}"
12,"{'interest': np.float64(0.8940138226281401), 'monitoring': np.float64(0.25806038388642877), 'using': np.float64(0.20372743044638997), 'charge': np.float64(0.1455746445139131), 'secured': np.float64(0.12823041829953466), 'resource': np.float64(0.11846661203721433), 'operating': np.float64(0.09827626721647392), 'looking': np.float64(0.09002287636103788), 'assessing': np.float64(0.07726023168375626), 'identifying': np.float64(0.05470577291473723), 'providing': np.float64(0.05164166274326001), 'maintaining': np.float64(0.048391901080570954), 'borrowing': np.float64(0.04403046231668696), 'usage': np.float64(0.03677166428714581), 'connection': np.float64(0.03267295292476191), 'reviewing': np.float64(0.02775027998307831), 'obtained': np.float64(0.026298883033964424), 'finding': np.float64(0.023632606993045754), 'starting': np.float64(0.021578368168522218), 'controlling': np.float64(0.01954490721614755), 'sourcing': np.float64(0.01543700079154817), 'request': np.float64(0.015006321449051547), 'repos': np.float64(0.01417599155994181), 'executing': np.float64(0.01360818911097858), 'addressing': np.float64(0.013600724131942446), 'entry': np.float64(0.013531487085486054), 'helping': np.float64(0.010607849171096974), 'utilizing': np.float64(0.009289866860743682), 'entering': np.float64(0.0078007743516502765), 'seeking': np.float64(0.0075254688295330885), 'allocating': np.float64(0.007102785008501126), 'owning': np.float64(0.006853440955471142), 'sharing': np.float64(0.0067562244231904375), 'dealing': np.float64(0.006679056607608202), 'assigning': np.float64(0.006311918453840406), 'leveraging': np.float64(0.00463703416196661), 'exposing': np.float64(0.004586895132780961), 'indexed': np.float64(0.004292594776546057), 'contact': np.float64(0.004277863083047724), 'servicing': np.float64(0.003997178236647566), 'serving': np.float64(0.003973204483945161), 'utilising': np.float64(0.00392480943854403), 'securing': np.float64(0.003896064068505804), 'obtains': np.float64(0.0038097679182450316), 'linking': np.float64(0.0037982202228449245), 'indexation': np.float64(0.003461186849534346), 'referencing': np.float64(0.0032525864724370565), 'reaching': np.float64(0.00314801286525763), 'resourcing': np.float64(0.00263395355995063), 'exploiting': np.float64(0.002289726620744763), 'returning': np.float64(0.0022356941105839147), 'showing': np.float64(0.0020011585130714593), 'detecting': np.float64(0.0019497864787818787), 'accessing': np.float64(0.0018484337440630863), 'indexing': np.float64(0.0018484337440630454), 'referring': np.float64(0.0017680688221082452), 'purchasing': np.float64(0.0017111017856652653), 'checking': np.float64(0.0014510930529080415), 'scoping': np.float64(0.0013792043722178058), 'got': np.float64(0.0013352918577482355), 'claiming': np.float64(0.0011309050279593208), 'connectivity': np.float64(0.0007588353977946413), 'mounting': np.float64(0.0006381206413519046), 'associating': np.float64(0.0006053000505201818)}"
13,"{'risk': np.float64(0.9987727869332854), 'event': np.float64(0.035101662285215815), 'transfer': np.float64(0.02116879676398566), 'crime': np.float64(0.012351081604208307), 'insurance': np.float64(0.01200036611906901), 'fraud': np.float64(0.00892471629191931), 'failure': np.float64(0.00882807273803862), 'damage': np.float64(0.007921893595460586), 'consequence': np.float64(0.005913722395755915), 'crisis': np.float64(0.005850181747242643), 'trigger': np.float64(0.005212095181303345), 'circumstance': np.float64(0.004210863333614752), 'affected': np.float64(0.004043743238604892), 'incident': np.float64(0.0038224497981465136), 'conflict': np.float64(0.003772604508211876), 'fall': np.float64(0.0036928873822965717), 'caused': np.float64(0.00354708681353402), 'error': np.float64(0.003530894517606496), 'flood': np.float64(0.0030427229471027637), 'exception': np.float64(0.002650022051148974), 'contingency': np.float64(0.002632563745140861), 'vehicle': np.float64(0.0022461135652101813), 'incurred': np.float64(0.002200375061193329), 'unexpected': np.float64(0.0021143624131228647), 'occurred': np.float64(0.0017911483589541856), 'safety': np.float64(0.0017150109878976067), 'hazard': np.float64(0.0016559319557812838), 'fact': np.float64(0.0012883715802256732), 'attempt': np.float64(0.0011516428914652111), 'accrued': np.float64(0.0011134223982849439), 'totaled': np.float64(0.0010147149433168826), 'occurring': np.float64(0.0009203918362252022), 'accrual': np.float64(0.0008512702932929462), 'falling': np.float64(0.0007195473879886336), 'violation': np.float64(0.0007165183915322458), 'occurrence': np.float64(0.0006999503920099784), 'disaster': np.float64(0.000674793398980634), 'fail': np.float64(0.0006419811514726263), 'complaint': np.float64(0.0005704673482405919), 'sudden': np.float64(0.0005666579512067713), 'affair': np.float64(0.0004918147194571861), 'notification': np.float64(0.00046947733031261346), 'acquired': np.float64(0.00044484149373057044), 'lapse': np.float64(0.00041108455536595254), 'offence': np.float64(0.0004024313859331168), 'accidental': np.float64(0.0003165900112374189), 'accident': np.float64(0.00022466697765369695), 'correction': np.float64(0.00021595188417895898), 'automobile': np.float64(0.00020685844642909118), 'activation': np.float64(0.00018572005544482845), 'allegation': np.float64(0.00017770017415732673), 'catastrophe': np.float64(0.00017253594813471974), 'negligent': np.float64(0.00016210389316731485), 'happening': np.float64(0.00014948100676606644), 'appointment': np.float64(0.00014788126126556484), 'collapse': np.float64(0.00013984102371376967), 'causal': np.float64(0.00012129466349109934), 'injury': np.float64(0.00010901185990009594), 'unintentional': np.float64(0.00010430923765989667), 'emergency': np.float64(8.585534647830613e-05), 'tragedy': np.float64(7.474050338303322e-05), 'risked': np.float64(6.433407082531891e-05), 'accord': np.float64(5.838401901875949e-05), 'assistance': np.float64(4.473772161070433e-05), 'actu': np.float64(8.617240938360616e-06)}"
14,"{'continued': np.float64(0.6048190734954635), 'following': np.float64(0.4189124296307525), 'included': np.float64(0.34898004811348626), 'audited': np.float64(0.2998250969906371), 'compared': np.float64(0.22453028938394085), 'taken': np.float64(0.20646168418296693), 'presented': np.float64(0.1751820179753416), 'monitored': np.float64(0.15812746842288739), 'combined': np.float64(0.11620858808946402), 'according': np.float64(0.1150198591150264), 'supported': np.float64(0.11192720655227589), 'together': np.float64(0.10396002962645728), 'amounted': np.float64(0.09997605253490334), 'among': np.float64(0.09114298605683815), 'undertaken': np.float64(0.061731145031406476), 'accounted': np.float64(0.055378931929242245), 'backed': np.float64(0.048194136235509465), 'unencumbered': np.float64(0.04738158623489598), 'carried': np.float64(0.0473368312699892), 'conducted': np.float64(0.04601221794094791), 'mentioned': np.float64(0.04235404185023286), 'complemented': np.float64(0.04134523920278747), 'involved': np.float64(0.039434371952181614), 'experienced': np.float64(0.03892871207316993), 'maintained': np.float64(0.03214475555183047), 'called': np.float64(0.030865881913025705), 'come': np.float64(0.02576836581812467), 'treated': np.float64(0.02498478076933641), 'going': np.float64(0.02375469796133836), 'matched': np.float64(0.023330280899302707), 'overseen': np.float64(0.018714017437400837), 'authorised': np.float64(0.018545491075604395), 'followed': np.float64(0.0181827136071234), 'alongside': np.float64(0.018020812086869644), 'attended': np.float64(0.015195095823789515), 'brought': np.float64(0.014618826405885946), 'bringing': np.float64(0.013743162503446987), 'contributed': np.float64(0.01056518859269549), 'went': np.float64(0.010345355331661895), 'came': np.float64(0.010185858074236004), 'participated': np.float64(0.009731468165620446), 'affiliated': np.float64(0.009705777526791371), 'coordinated': np.float64(0.009452141997226148), 'supplemented': np.float64(0.00896436419152276), 'tasked': np.float64(0.007506884478789361), 'preceding': np.float64(0.00724986280484199), 'supervised': np.float64(0.00698277074406276), 'helped': np.float64(0.006355253739943445), 'sponsored': np.float64(0.00592651182802297), 'entrusted': np.float64(0.005788329443857868), 'joined': np.float64(0.005230818727795431), 'assembled': np.float64(0.0045771534636097405), 'concurrently': np.float64(0.0045771534636097405), 'orchestrated': np.float64(0.0045771534636097405), 'ensured': np.float64(0.003957809416380033), 'attached': np.float64(0.003678967656246431), 'passed': np.float64(0.003507772888085196), 'witnessed': np.float64(0.003492360944428739), 'advised': np.float64(0.0032098159051746618), 'corresponded': np.float64(0.002918620512913471), 'piloted': np.float64(0.0028967785637360483), 'served': np.float64(0.0028612494360709395), 'packaged': np.float64(0.0028291090303503466), 'honored': np.float64(0.0027200680289158827), 'accompanied': np.float64(0.002703087037674896), 'undergone': np.float64(0.0020674325323750166), 'withstanding': np.float64(0.002038501319543948), 'coupled': np.float64(0.0019584612110234868), 'attracted': np.float64(0.0019526863770397184), 'migrated': np.float64(0.0018170461203912888), 'safeguarded': np.float64(0.0018140848438736007), 'directed': np.float64(0.0013614860984353908), 'embarked': np.float64(0.0011140320638849488), 'accompanying': np.float64(0.0008477218480142868), 'guided': np.float64(0.0004138048066307695)}"
15,"{'related': np.float64(0.7179479685126232), 'well': np.float64(0.624339727271714), 'respective': np.float64(0.1544224250489014), 'additionally': np.float64(0.0920337587032629), 'similar': np.float64(0.08395990835602356), 'furthermore': np.float64(0.08357045768243275), 'aligned': np.float64(0.08339908949374387), 'however': np.float64(0.07619422631546052), 'therefore': np.float64(0.0693529231423243), 'respectively': np.float64(0.06229835026042842), 'regarding': np.float64(0.05833992362239158), 'corresponding': np.float64(0.056923000853741704), 'manner': np.float64(0.047108063085394516), 'appropriately': np.float64(0.042516930075270506), 'thereby': np.float64(0.04176934509934558), 'closely': np.float64(0.040284538724708094), 'thereof': np.float64(0.03962222025338146), 'subsequently': np.float64(0.03903423337898476), 'adequately': np.float64(0.03288292865327012), 'accordingly': np.float64(0.032526220074654624), 'relate': np.float64(0.027552392670402236), 'subsequent': np.float64(0.026724976112714367), 'thus': np.float64(0.026662845148651877), 'specifically': np.float64(0.026008623288986593), 'namely': np.float64(0.02220931873351708), 'hence': np.float64(0.02125369110113989), 'similarly': np.float64(0.02098126368260745), 'correlated': np.float64(0.019071619701837073), 'moreover': np.float64(0.018647139992670536), 'consequently': np.float64(0.018479132351075286), 'systematically': np.float64(0.01708538589009527), 'relatively': np.float64(0.016032230749577145), 'whereby': np.float64(0.015906205044112814), 'sufficiently': np.float64(0.015620030737043716), 'consistently': np.float64(0.014215207751813966), 'orderly': np.float64(0.013865779860303037), 'commensurate': np.float64(0.010513068407414426), 'congruent': np.float64(0.009878057200258509), 'reasonably': np.float64(0.009228922501464681), 'suitable': np.float64(0.008725872721638966), 'accurately': np.float64(0.008719184853318589), 'corresponds': np.float64(0.008087745230388133), 'equally': np.float64(0.007187001942832789), 'notably': np.float64(0.007131426616695655), 'suited': np.float64(0.006635543197115066), 'correctly': np.float64(0.005787105060126089), 'correspondingly': np.float64(0.005632784685855335), 'carefully': np.float64(0.005224682141082549), 'properly': np.float64(0.0051868094643779455), 'correspond': np.float64(0.004884398321268553), 'thereon': np.float64(0.004387645361811624), 'differently': np.float64(0.004225059351509468), 'strictly': np.float64(0.003542235587873331), 'thereafter': np.float64(0.0033707265029312115), 'hereafter': np.float64(0.003214680062027572), 'addendum': np.float64(0.003035568150135029), 'reliably': np.float64(0.003035568150135029), 'thereupon': np.float64(0.003035568150135029), 'promptly': np.float64(0.002933118195051435), 'appropriateness': np.float64(0.002249280456687311), 'geographically': np.float64(0.0021023243355030967), 'likewise': np.float64(0.0020678314006240474), 'roughly': np.float64(0.0019821138416201236), 'apportioned': np.float64(0.0015337508228992257), 'coherently': np.float64(0.0014533006006055553), 'meanwhile': np.float64(0.001390448849486961), 'conforms': np.float64(0.0011553196852551822), 'conversely': np.float64(0.0010399501415021544), 'consequentially': np.float64(0.0010318153490263854), 'indeed': np.float64(0.000904092433631133), 'somewhat': np.float64(0.0008146749712249152), 'ordered': np.float64(0.0006977047004363911), 'proportionately': np.float64(0.0006733621073046743), 'allegedly': np.float64(0.0005600154726064101), 'duly': np.float64(0.0005035043111405607), 'herewith': np.float64(0.0002084244599319795), 'larly': np.float64(0.0001379658795830198)}"
16,"{'governance': np.float64(0.707808375374128), 'sustainability': np.float64(0.35050300207838864), 'reporting': np.float64(0.34284303926938053), 'regulation': np.float64(0.27392025140898796), 'responsible': np.float64(0.19088860405262137), 'obligation': np.float64(0.18311260146151775), 'accounting': np.float64(0.15481856114646902), 'disclosure': np.float64(0.14845117314627218), 'reputational': np.float64(0.14236474685920333), 'reputation': np.float64(0.1257512022753217), 'leadership': np.float64(0.10068283388569758), 'integrity': np.float64(0.06546999591190192), 'creditworthiness': np.float64(0.0597079774559787), 'ensuring': np.float64(0.05088209369707741), 'jurisdiction': np.float64(0.050198461216605136), 'accountable': np.float64(0.04524982633644333), 'annualreport': np.float64(0.04065716492258838), 'alignment': np.float64(0.03268021859788891), 'transparency': np.float64(0.02666329563866037), 'accountability': np.float64(0.025428428034953335), 'duty': np.float64(0.023969670987070032), 'trust': np.float64(0.022971524131751075), 'reportable': np.float64(0.02082836184029979), 'attributable': np.float64(0.016079878254785934), 'confidentiality': np.float64(0.010282955706180314), 'benchmarking': np.float64(0.009627737642060614), 'comparability': np.float64(0.008793657091469263), 'involvement': np.float64(0.006281543331842986), 'commit': np.float64(0.005923565947751396), 'discretion': np.float64(0.005827344700098426), 'balancing': np.float64(0.004295364137269846), 'recordkeeping': np.float64(0.003836048246531589), 'worthiness': np.float64(0.003649472228629645), 'creditworthy': np.float64(0.0034858798352105356), 'supportable': np.float64(0.003353399861040752), 'enforceability': np.float64(0.0032361747060013443), 'independence': np.float64(0.0024703065913004463), 'verification': np.float64(0.002469342748007684), 'fiduciary': np.float64(0.002460278913522654), 'reliability': np.float64(0.0021088644071485135), 'authorship': np.float64(0.0019745836786779717), 'collectability': np.float64(0.0016687430196063063), 'soundness': np.float64(0.0016421983584891807), 'responsibly': np.float64(0.0015556342938411404), 'correctness': np.float64(0.0014914153748133725), 'credibility': np.float64(0.0014914153748133725), 'attribution': np.float64(0.0013550431126467112), 'forgiveness': np.float64(0.0007652248911591335), 'observability': np.float64(0.0006518843366277362), 'fairness': np.float64(0.0006118671229192013), 'tradability': np.float64(0.0004345895577518242), 'ligence': np.float64(0.00016600929952642022), 'budgeting': np.float64(9.573836416245693e-05)}"
17,"{'consolidated': np.float64(0.669540270134879), 'applied': np.float64(0.43584648641774104), 'amortized': np.float64(0.4213155499843065), 'purchased': np.float64(0.17479749026321878), 'assessed': np.float64(0.17412973875578847), 'calculated': np.float64(0.1626199975583462), 'deferred': np.float64(0.13380090917605675), 'amortised': np.float64(0.12211019861743812), 'adjusted': np.float64(0.10275652736722722), 'transferred': np.float64(0.09026837919346938), 'aggregate': np.float64(0.0881153779495593), 'integrated': np.float64(0.08780576449380803), 'currently': np.float64(0.07548665049727622), 'incremental': np.float64(0.06969583353152656), 'recorded': np.float64(0.06374372437311084), 'aggregated': np.float64(0.05772477954730741), 'extended': np.float64(0.043315058402232244), 'achieved': np.float64(0.04211103214375751), 'undrawn': np.float64(0.03435869648200988), 'arrears': np.float64(0.028230856509824424), 'collectively': np.float64(0.024509134678611995), 'invested': np.float64(0.024108103813487824), 'evaluated': np.float64(0.023321754308207533), 'accumulated': np.float64(0.023197007930149893), 'realised': np.float64(0.02246231595597256), 'recovered': np.float64(0.022327827649769476), 'composed': np.float64(0.019363147507119583), 'unrealised': np.float64(0.01841197514744043), 'collect': np.float64(0.017785229675163428), 'grouped': np.float64(0.017534775482436375), 'compensated': np.float64(0.015167105311773349), 'finalized': np.float64(0.014121645858504601), 'cumulative': np.float64(0.013425063910525625), 'valued': np.float64(0.011961989804115752), 'attributed': np.float64(0.011525083368599214), 'matured': np.float64(0.011270160495811905), 'unrealized': np.float64(0.010667427162517066), 'annualised': np.float64(0.009395072770941334), 'summarised': np.float64(0.008387892852665406), 'pooled': np.float64(0.008352073832553975), 'counted': np.float64(0.008065386941524364), 'capitalized': np.float64(0.007453129019917905), 'realized': np.float64(0.007126382676014403), 'collected': np.float64(0.0069419242189286065), 'totalled': np.float64(0.005844376895813168), 'repeated': np.float64(0.005495211729432119), 'capped': np.float64(0.005061456953661842), 'appraised': np.float64(0.004187539877042391), 'compiled': np.float64(0.003506155270732653), 'capitalised': np.float64(0.003247204187166727), 'gather': np.float64(0.003056898383382739), 'stored': np.float64(0.002725200927395013), 'summed': np.float64(0.002563156168085888), 'deposited': np.float64(0.0023728901572759), 'lagged': np.float64(0.001838936960812084), 'protracted': np.float64(0.0016411669086486534), 'awarded': np.float64(0.0015790224982434875), 'computed': np.float64(0.0014598785835910576), 'debited': np.float64(0.001403182267716533), 'cumulatively': np.float64(0.0012048673782181826), 'collated': np.float64(0.0006183673612158009), 'spent': np.float64(0.0002515095631182799), 'prepaid': np.float64(0.00022020159451334944), 'forfeited': np.float64(0.0001876215117001952)}"
18,"{'certain': np.float64(0.7000534172952921), 'comprehensive': np.float64(0.3747812585778675), 'effective': np.float64(0.29877563517495326), 'quantitative': np.float64(0.26442228226640363), 'measured': np.float64(0.22346463665565777), 'sensitive': np.float64(0.21578702263403962), 'statistical': np.float64(0.14842407023055473), 'satisfactory': np.float64(0.13368907270626762), 'timely': np.float64(0.11788349691495016), 'sufficient': np.float64(0.09540620944611478), 'informed': np.float64(0.09434590370659322), 'adequate': np.float64(0.08577043329050014), 'detailed': np.float64(0.08072627250643609), 'calibrated': np.float64(0.07276825616004776), 'robust': np.float64(0.06095096182424583), 'targeted': np.float64(0.04898409047446681), 'accurate': np.float64(0.047462413961257395), 'efficient': np.float64(0.04704556236698672), 'plausible': np.float64(0.04442822978282116), 'reasonable': np.float64(0.03979057628463936), 'comparable': np.float64(0.03891505713419603), 'systematic': np.float64(0.03441685561615235), 'aimed': np.float64(0.0309608306958462), 'successful': np.float64(0.0305552375743969), 'competent': np.float64(0.02622652850735479), 'tailored': np.float64(0.0217900024051149), 'understood': np.float64(0.018858965553658354), 'measurable': np.float64(0.01768788571520371), 'empirical': np.float64(0.016347345656200576), 'efficiently': np.float64(0.01623206727003547), 'useful': np.float64(0.01585473063606761), 'thorough': np.float64(0.0136799121082243), 'reliable': np.float64(0.013623758370815212), 'credible': np.float64(0.012402137027758444), 'correct': np.float64(0.011827274835723614), 'realizable': np.float64(0.010843717439146845), 'practical': np.float64(0.010229935651119113), 'careful': np.float64(0.009327890930434443), 'cient': np.float64(0.0089331497564563), 'practicable': np.float64(0.00881723683499427), 'optimal': np.float64(0.008788119327240424), 'genuine': np.float64(0.0067731107552381625), 'inaccuracy': np.float64(0.006513786691902052), 'realistic': np.float64(0.0063264166548347685), 'precise': np.float64(0.0057135900544263655), 'approximate': np.float64(0.004920054692510885), 'honest': np.float64(0.004707794227631773), 'predictive': np.float64(0.004211123080502387), 'articulate': np.float64(0.002545582973154982), 'coherent': np.float64(0.002363583284895282), 'insightful': np.float64(0.001907668913964291), 'intuitive': np.float64(0.001907668913964291), 'objectively': np.float64(0.001907668913964291), 'feasible': np.float64(0.0013433509156402553), 'approximates': np.float64(0.001268838607263515), 'ascertainable': np.float64(0.001177879624988315), 'proven': np.float64(0.000831826442173161), 'predictable': np.float64(0.0006447162293870627), 'excellent': np.float64(0.0005889398124941575)}"
19,"{'performance': np.float64(0.8942737872036779), 'performing': np.float64(0.25170289952538555), 'objective': np.float64(0.20095657325549854), 'resulting': np.float64(0.16304854008670283), 'outcome': np.float64(0.1319196096986335), 'making': np.float64(0.12065117902296932), 'execution': np.float64(0.10418816219912666), 'effectiveness': np.float64(0.09579820089002247), 'working': np.float64(0.0798650276201208), 'ambition': np.float64(0.0489250303544427), 'challenging': np.float64(0.03508682095355386), 'establishing': np.float64(0.03391266223759402), 'defining': np.float64(0.03165949497535963), 'goal': np.float64(0.02849586082415478), 'failing': np.float64(0.02833936101079503), 'successfully': np.float64(0.02606507434859338), 'improving': np.float64(0.024919978793733085), 'producing': np.float64(0.02337078883280932), 'undertaking': np.float64(0.019674194126799844), 'acting': np.float64(0.01835248048246764), 'creating': np.float64(0.016063625656057314), 'delivering': np.float64(0.015367277921698641), 'reach': np.float64(0.01527823559632857), 'achieving': np.float64(0.012707084211945857), 'evaluating': np.float64(0.010397241858851313), 'aligning': np.float64(0.009963842964789709), 'fulfilled': np.float64(0.009888128668927175), 'experiencing': np.float64(0.009665447408661347), 'reached': np.float64(0.0089142208486716), 'strives': np.float64(0.008209100130113098), 'aiming': np.float64(0.00630928363403157), 'strive': np.float64(0.0061890474941965565), 'realisation': np.float64(0.005206632735176035), 'deliverable': np.float64(0.00474844207709367), 'operative': np.float64(0.003601321618319687), 'targeting': np.float64(0.0029885264008753043), 'constructing': np.float64(0.002925809463496185), 'maximising': np.float64(0.0027959458859331556), 'exercising': np.float64(0.002531734950920446), 'pursuing': np.float64(0.0021017626002764168), 'trying': np.float64(0.0018265875720351312), 'completing': np.float64(0.001268839843531938), 'benefitting': np.float64(0.0011858705183476345), 'succeeded': np.float64(0.000579274771427212), 'realise': np.float64(0.0005559261256606359), 'aspires': np.float64(0.00039934626860703155)}"
20,"{'across': np.float64(0.880072748712087), 'crr': np.float64(0.38823508489302966), 'ccp': np.float64(0.14970184625424035), 'lcr': np.float64(0.13877538221086647), 'crd': np.float64(0.10072035868520511), 'grc': np.float64(0.06669570943397495), 'brc': np.float64(0.06661130403377247), 'iccc': np.float64(0.057401376233887864), 'gdpa': np.float64(0.04244152365055619), 'ecls': np.float64(0.03667910151161479), 'ccf': np.float64(0.03370512158338925), 'ccps': np.float64(0.026919725126623377), 'gcrg': np.float64(0.025571222993708162), 'ccr': np.float64(0.0246284905740558), 'crm': np.float64(0.019116096749869676), 'crc': np.float64(0.018794580369743165), 'mrm': np.float64(0.018499977649406252), 'pace': np.float64(0.016428504947743096), 'cagr': np.float64(0.01638093389176437), 'rca': np.float64(0.01569287785616507), 'srmr': np.float64(0.014971771753357578), 'fca': np.float64(0.014591595602672144), 'ccar': np.float64(0.01434446083202711), 'ipre': np.float64(0.012775329672181588), 'crmf': np.float64(0.012285700418823282), 'mrc': np.float64(0.012285700418823282), 'gctp': np.float64(0.011700404283267735), 'cap': np.float64(0.011690106220629905), 'rcrmc': np.float64(0.011480275246777572), 'srm': np.float64(0.011480275246777572), 'alrb': np.float64(0.010312543128409993), 'crf': np.float64(0.009988209915687187), 'grrc': np.float64(0.00992621657158059), 'eca': np.float64(0.009820654937213853), 'orc': np.float64(0.009559681636007962), 'trm': np.float64(0.009168550844129921), 'iclaap': np.float64(0.007012190696417012), 'gcr': np.float64(0.006580745640452359), 'cibrc': np.float64(0.006207325870535471), 'icf': np.float64(0.0061493005844877055), 'frmc': np.float64(0.005581438597589072), 'fpc': np.float64(0.005225739117795545), 'ccfor': np.float64(0.004628004293392849), 'crcf': np.float64(0.00428715943710971), 'cagrs': np.float64(0.004095233472941093), 'crcu': np.float64(0.003704470293457752), 'capex': np.float64(0.0035497886161789216), 'crdiv': np.float64(0.0032903728202261797), 'fcrmf': np.float64(0.0029747116130200758), 'tpas': np.float64(0.0028952253275387895), 'cpac': np.float64(0.0028589277642615254), 'ctrc': np.float64(0.0028589277642615254), 'cdp': np.float64(0.002790719298794536), 'rcp': np.float64(0.002790719298794536), 'crrii': np.float64(0.002737620650968567), 'mrmc': np.float64(0.002732883941776939), 'csrd': np.float64(0.0025774807603746804), 'cpri': np.float64(0.0022607308785538485), 'ccrc': np.float64(0.002245923286491218), 'tprm': np.float64(0.002003062368335283), 'pcaf': np.float64(0.0017945906571230315), 'lcrs': np.float64(0.001335374912223523), 'mrec': np.float64(0.0012943351678939617), 'fcp': np.float64(0.0012312613879537403), 'cbr': np.float64(0.0010928954342117264), 'acpr': np.float64(0.0007769794783397157), 'transac': np.float64(0.0005513090668319233), 'rcc': np.float64(0.00038197045317297026), 'cip': np.float64(0.0003018514238860394), 'bcps': np.float64(0.00012732348439099003), 'rcsa': np.float64(0.00012732348439099003), 'rcsas': np.float64(0.00012732348439099003), 'fcca': np.float64(8.046897050178114e-05), 'administers': np.float64(5.3645980334520754e-05)}"
21,"{'operational': np.float64(0.7151616364730269), 'expected': np.float64(0.36092759101305943), 'movement': np.float64(0.3430499364611847), 'effect': np.float64(0.34128483682110583), 'operation': np.float64(0.2658407630118167), 'contractual': np.float64(0.1843063985326344), 'contingent': np.float64(0.11511215947018993), 'actively': np.float64(0.0384575960644636), 'committed': np.float64(0.02902458718821156), 'enforceable': np.float64(0.025536519763032867), 'functional': np.float64(0.02431281834606056), 'task': np.float64(0.021795494106061096), 'execute': np.float64(0.01978699842780745), 'behavioral': np.float64(0.018084453084773414), 'transactional': np.float64(0.017963400025775154), 'marketable': np.float64(0.014683672216231921), 'addressed': np.float64(0.011170102044676493), 'triggering': np.float64(0.010838373452104975), 'moving': np.float64(0.010383630383534502), 'done': np.float64(0.007852726921523055), 'agenda': np.float64(0.0076602976948615285), 'actuarial': np.float64(0.007317093800135681), 'triggered': np.float64(0.007297724845036874), 'executes': np.float64(0.007197178842481624), 'tangible': np.float64(0.007168147814579146), 'articulated': np.float64(0.00664786155305537), 'tradable': np.float64(0.006011662046478385), 'activités': np.float64(0.005930443714625633), 'viable': np.float64(0.0056456473364545155), 'tactic': np.float64(0.005401204335041609), 'exercisable': np.float64(0.0049992491743144785), 'transacted': np.float64(0.004442442635340546), 'participatory': np.float64(0.00238577130700863), 'intent': np.float64(0.0023266461016390803), 'alerting': np.float64(0.0020796119036457423), 'reactive': np.float64(0.0020796119036457423), 'aggressive': np.float64(0.0015090800162774938), 'motivated': np.float64(0.001158901100608373), 'operationally': np.float64(0.0011296482161292072), 'callable': np.float64(0.0008050641805628895), 'activated': np.float64(0.0006936070510533642), 'actionable': np.float64(0.0006858159274909373), 'agile': np.float64(0.0006293569085384505), 'activi': np.float64(0.000555619455911602), 'adjustable': np.float64(0.0003673145934547813), 'alerted': np.float64(0.0003468035255266821), 'negotiable': np.float64(0.00033901240196436265)}"
22,"{'model': np.float64(0.6732463398492563), 'scenario': np.float64(0.3639450724838128), 'customer': np.float64(0.30909875278627025), 'process': np.float64(0.28575645616909734), 'product': np.float64(0.23074731302469348), 'type': np.float64(0.19903715267037733), 'instrument': np.float64(0.1825946469107251), 'function': np.float64(0.1544173368042921), 'factor': np.float64(0.13927551664283178), 'entity': np.float64(0.12796280301830998), 'individual': np.float64(0.10927138704814052), 'conduct': np.float64(0.08262392541911694), 'employee': np.float64(0.07417759330320423), 'role': np.float64(0.06659411145157461), 'component': np.float64(0.05053338604887186), 'team': np.float64(0.04955546367105187), 'tool': np.float64(0.0489001285545017), 'show': np.float64(0.046827812870830376), 'oci': np.float64(0.0427285455260076), 'indicator': np.float64(0.03977199129270662), 'issuer': np.float64(0.03806270274458831), 'work': np.float64(0.03781192427162746), 'make': np.float64(0.03683267619020476), 'human': np.float64(0.03062471001868267), 'director': np.float64(0.029701715023941283), 'owner': np.float64(0.024936070643466462), 'agency': np.float64(0.0246935991860233), 'manager': np.float64(0.019901464076687518), 'people': np.float64(0.019549399619833), 'exercise': np.float64(0.016456012479641603), 'thing': np.float64(0.01339112839136845), 'production': np.float64(0.012746570030821606), 'art': np.float64(0.01098578384492352), 'play': np.float64(0.010349081190235447), 'perform': np.float64(0.010317548603257749), 'instance': np.float64(0.009948909283295112), 'user': np.float64(0.008626152457959651), 'controller': np.float64(0.008610345585535686), 'participant': np.float64(0.007974631043031427), 'actor': np.float64(0.006424179372274926), 'leader': np.float64(0.006211094145442122), 'employer': np.float64(0.00560466532537944), 'produce': np.float64(0.005553149566101449), 'person': np.float64(0.003890862209753835), 'car': np.float64(0.0037988764209314534), 'assign': np.float64(0.0034543470270893594), 'device': np.float64(0.0031834147826436754), 'interaction': np.float64(0.0031088995290447017), 'manufacturer': np.float64(0.002752723769328734), 'engine': np.float64(0.002272345839097078), 'creation': np.float64(0.0019011960683796558), 'automation': np.float64(0.0018891684041733052), 'combat': np.float64(0.001835236857068096), 'developer': np.float64(0.0015066233935952704), 'job': np.float64(0.001478700649121398), 'maker': np.float64(0.0014763413569123746), 'pair': np.float64(0.0009787690368905665), 'producer': np.float64(0.0008666517591653246), 'woman': np.float64(0.0008021401843859603), 'episode': np.float64(0.0006969051871373233), 'appearance': np.float64(0.0006698244390917862), 'cer': np.float64(0.0006687920851808437), 'player': np.float64(0.0006535167818351289), 'tion': np.float64(0.0005817149342845036), 'playing': np.float64(0.0005516801187993923), 'predicate': np.float64(0.0004486477073432631), 'worker': np.float64(0.0004454341891061002), 'transactor': np.float64(0.00033156587750306384), 'tor': np.float64(0.0002428977354568766), 'man': np.float64(0.00022598593698832476)}"
23,"{'result': np.float64(0.7018512905396637), 'data': np.float64(0.6182130510116655), 'existing': np.float64(0.20451507633526814), 'matter': np.float64(0.16760414043756097), 'implementation': np.float64(0.15708746214552913), 'either': np.float64(0.10104653659709978), 'otherwise': np.float64(0.0903474039737207), 'natural': np.float64(0.04921487677840817), 'implement': np.float64(0.04626249755627064), 'although': np.float64(0.04394048566150979), 'effectively': np.float64(0.042912022234487104), 'materially': np.float64(0.038193531331284857), 'already': np.float64(0.028005220307119823), 'assume': np.float64(0.02613603244467872), 'incorrect': np.float64(0.017943284318395425), 'observable': np.float64(0.016371467647761515), 'sits': np.float64(0.00920333519445657), 'official': np.float64(0.007692218215322776), 'prove': np.float64(0.006689267452761147), 'originally': np.float64(0.006025503145203582), 'materialises': np.float64(0.00530319982514424), 'inside': np.float64(0.0048196806605968106), 'reality': np.float64(0.004565756989906898), 'raw': np.float64(0.004308720142127292), 'sometimes': np.float64(0.0041953099811490105), 'seriously': np.float64(0.0033279511790346205), 'actually': np.float64(0.0031070539706645416), 'simulate': np.float64(0.002949580471437342), 'supposed': np.float64(0.002902138136562432), 'possibly': np.float64(0.002714429447268951), 'putting': np.float64(0.0027027246029314405), 'fake': np.float64(0.0018271001252302503), 'really': np.float64(0.0017152133722345554), 'verified': np.float64(0.0016863043080887522), 'officially': np.float64(0.0016508083845454772), 'essentially': np.float64(0.0011238588001183268), 'materialising': np.float64(0.000676614156710939), 'practically': np.float64(0.000478763428795288), 'inte': np.float64(0.00019452863632887449)}"
24,"{'tax': np.float64(0.8508303082807327), 'coverage': np.float64(0.40143115943706215), 'officer': np.float64(0.23276805404414816), 'prudential': np.float64(0.13663435589374212), 'investor': np.float64(0.12306416008843733), 'underwriting': np.float64(0.12040561700307277), 'calculate': np.float64(0.08861040199892567), 'claimant': np.float64(0.024039790242605698), 'brokerage': np.float64(0.02278632531441916), 'policyholder': np.float64(0.02040771459580633), 'advisory': np.float64(0.01800468308572533), 'trustee': np.float64(0.016588998976204267), 'broker': np.float64(0.016347046604586794), 'taxable': np.float64(0.014947764504269094), 'representative': np.float64(0.014764882596152), 'cfo': np.float64(0.014506800507899202), 'guarantor': np.float64(0.01258839559934266), 'advisor': np.float64(0.01218966873567771), 'statistic': np.float64(0.012105667435230488), 'auditor': np.float64(0.011842753958254695), 'insured': np.float64(0.010436983061450762), 'statistically': np.float64(0.00957854589813299), 'attendee': np.float64(0.008924471850428784), 'reinsurance': np.float64(0.008815337647041104), 'underwritten': np.float64(0.008503129783368129), 'levy': np.float64(0.00684593780265539), 'adviser': np.float64(0.0066611984936205005), 'indemnity': np.float64(0.006600110890708123), 'annuity': np.float64(0.0065435659288710845), 'banker': np.float64(0.006279218670661821), 'assures': np.float64(0.005805462202456359), 'attorney': np.float64(0.005581651968816874), 'certified': np.float64(0.005058060603113012), 'consultant': np.float64(0.005044800309653451), 'analyst': np.float64(0.004989226623650014), 'underwriter': np.float64(0.004807958048521139), 'comptroller': np.float64(0.00450349870707372), 'assure': np.float64(0.00430493346666191), 'appraisal': np.float64(0.004196131866447553), 'appraiser': np.float64(0.004196131866447553), 'contributory': np.float64(0.004196131866447553), 'legislator': np.float64(0.0036593170662235015), 'lawyer': np.float64(0.0032599089374070567), 'underwrites': np.float64(0.0032382163848459163), 'guardian': np.float64(0.0031511073371926998), 'correspondent': np.float64(0.0021931918555910626), 'actuary': np.float64(0.0021375630641493858), 'econometric': np.float64(0.0020444155629114735), 'assetsc': np.float64(0.001930424615329341), 'ofﬁcer': np.float64(0.0017134813202901017), 'insurer': np.float64(0.0008283182173670144), 'assessor': np.float64(0.0008045353379395016), 'reinsures': np.float64(0.0008045353379395016), 'ascertains': np.float64(0.0007774292615369075), 'professor': np.float64(0.0004352064008574329), 'reinsurer': np.float64(0.0004352064008574329), 'insur': np.float64(0.0003831174157736864), 'reinsurers': np.float64(0.0003305337011604019), 'reinsured': np.float64(0.0002544538637218264)}"
25,"{'managed': np.float64(0.5473842571128128), 'reviewed': np.float64(0.4339814957437682), 'designed': np.float64(0.3598572162098706), 'implemented': np.float64(0.3358279293171352), 'developed': np.float64(0.2769557778986974), 'borrowed': np.float64(0.21502076686836172), 'standardized': np.float64(0.196728391878969), 'modified': np.float64(0.18562496233906034), 'improved': np.float64(0.12905598849782027), 'evolving': np.float64(0.1146969606546048), 'amended': np.float64(0.08990298717815706), 'adopted': np.float64(0.08905923038262252), 'revised': np.float64(0.08032815505315878), 'standardised': np.float64(0.06845117910552266), 'modeled': np.float64(0.06099612151249203), 'specialized': np.float64(0.05848397216836392), 'expanded': np.float64(0.047824480059769185), 'influenced': np.float64(0.03965398032071461), 'upgraded': np.float64(0.03017178964088171), 'utilized': np.float64(0.024825931603681347), 'simplified': np.float64(0.023678471795596834), 'adapted': np.float64(0.022331617118503434), 'adjust': np.float64(0.018726415543141858), 'transitioned': np.float64(0.017378724652923113), 'restructured': np.float64(0.017166971834685685), 'enriched': np.float64(0.015506274383165038), 'modifying': np.float64(0.01512003799730753), 'adjusts': np.float64(0.013916619624973592), 'shifted': np.float64(0.01391425393269312), 'enacted': np.float64(0.01170104412310698), 'specialised': np.float64(0.011555840641247766), 'adaptive': np.float64(0.01029024664005336), 'customized': np.float64(0.010150128420196218), 'extrapolated': np.float64(0.010150128420196218), 'transformed': np.float64(0.010150128420196218), 'evolved': np.float64(0.00905230830204689), 'adopt': np.float64(0.0076617884525160985), 'utilised': np.float64(0.007326978342917524), 'converted': np.float64(0.0071454301688650525), 'corrected': np.float64(0.0070406196585724124), 'referenced': np.float64(0.006282680173528805), 'progressed': np.float64(0.006157672358243941), 'readied': np.float64(0.00585052206155349), 'supplied': np.float64(0.00585052206155349), 'redeveloped': np.float64(0.005593959324317101), 'adopts': np.float64(0.0055037289145845715), 'formulated': np.float64(0.0051941544994861585), 'benefitted': np.float64(0.004995771855014707), 'optimised': np.float64(0.004173906292439341), 'screened': np.float64(0.0038995970342765667), 'analyzed': np.float64(0.003884724321934685), 'transposed': np.float64(0.003024467184574072), 'geared': np.float64(0.002274482534620865), 'pared': np.float64(0.000758936206328829), 'mated': np.float64(0.00018595035684982282)}"
26,"{'additional': np.float64(0.582765821463757), 'share': np.float64(0.46798202980515813), 'addition': np.float64(0.4479858049350088), 'required': np.float64(0.37316511497284055), 'update': np.float64(0.18865100546701763), 'updated': np.float64(0.15073778696720086), 'post': np.float64(0.11651459097960867), 'linked': np.float64(0.08912421897056721), 'sold': np.float64(0.07883355747427861), 'loaded': np.float64(0.0642665219553695), 'needed': np.float64(0.044914111497152256), 'integration': np.float64(0.03865951637625035), 'entered': np.float64(0.03731412789889152), 'follow': np.float64(0.036563778273572135), 'added': np.float64(0.03522543676361548), 'connected': np.float64(0.025764531673109468), 'listed': np.float64(0.022806546464833967), 'created': np.float64(0.018639161870514107), 'agree': np.float64(0.018437519791107995), 'feed': np.float64(0.018274447288470497), 'shared': np.float64(0.017184938302838706), 'link': np.float64(0.01688542302365387), 'requested': np.float64(0.012542837359496942), 'posted': np.float64(0.012395852971756697), 'extra': np.float64(0.012193524188858745), 'upgrade': np.float64(0.010132544258472645), 'posting': np.float64(0.009361727307062025), 'comment': np.float64(0.008211069802205768), 'submitted': np.float64(0.007873617457920153), 'bonus': np.float64(0.007119202101387374), 'sure': np.float64(0.005864068077909318), 'optional': np.float64(0.005223174533939178), 'refresh': np.float64(0.005037512196124346), 'removed': np.float64(0.004299576197558976), 'augmented': np.float64(0.0038941264441175994), 'opt': np.float64(0.0030111116243146316), 'join': np.float64(0.0024811079729797967), 'welcome': np.float64(0.002406395925792291), 'said': np.float64(0.0022463096650513032), 'attach': np.float64(0.0017471915265579218), 'addi': np.float64(0.001495815217021423), 'increment': np.float64(0.001430428433991148), 'signed': np.float64(0.0014060953988012275), 'invite': np.float64(0.0012893804101909135), 'upload': np.float64(0.0012893804101909135), 'thanks': np.float64(0.0010879871273235518), 'ded': np.float64(0.00042870593218501666), 'contrib': np.float64(0.0002500147871804072), 'admin': np.float64(0.000193929623875315)}"
27,"{'position': np.float64(0.7118990900445159), 'card': np.float64(0.38652602463512914), 'number': np.float64(0.25527129547493793), 'resolution': np.float64(0.19126838118732817), 'offset': np.float64(0.19118251823962762), 'issue': np.float64(0.18828177402700663), 'point': np.float64(0.15968727368218638), 'identification': np.float64(0.1578290070241201), 'office': np.float64(0.1512765912253354), 'date': np.float64(0.14620653094556257), 'place': np.float64(0.1447747399317369), 'code': np.float64(0.08952812312162693), 'direct': np.float64(0.08498280266881217), 'address': np.float64(0.08104343234798352), 'meeting': np.float64(0.08013713457979779), 'topic': np.float64(0.06371853524875241), 'name': np.float64(0.06303049672867374), 'delivery': np.float64(0.057131684167919805), 'channel': np.float64(0.050300834851638984), 'location': np.float64(0.04432759202339181), 'mapping': np.float64(0.03908962591042536), 'administration': np.float64(0.034333088325209135), 'documentation': np.float64(0.033069601837263055), 'irc': np.float64(0.031660994780286715), 'housing': np.float64(0.02894046121348072), 'mapped': np.float64(0.023841429317950722), 'register': np.float64(0.023769211298086148), 'border': np.float64(0.022250468099563648), 'path': np.float64(0.02214431477616351), 'geographic': np.float64(0.02088509357339345), 'direction': np.float64(0.016148192292515472), 'handle': np.float64(0.014614148527534178), 'website': np.float64(0.01372368179002658), 'map': np.float64(0.013587277890043442), 'proxy': np.float64(0.012332887687442735), 'hub': np.float64(0.0119679556379243), 'email': np.float64(0.011565762591569103), 'closest': np.float64(0.01108458806284425), 'handling': np.float64(0.009908792111995312), 'domain': np.float64(0.009749953129095351), 'registration': np.float64(0.009086898696851399), 'format': np.float64(0.008760193877456485), 'coordinate': np.float64(0.008649902899190275), 'internet': np.float64(0.006707232541099766), 'port': np.float64(0.006195238136568071), 'display': np.float64(0.006012320519075192), 'resolve': np.float64(0.005899552845765212), 'registered': np.float64(0.005715698173687688), 'title': np.float64(0.005374412404025102), 'heading': np.float64(0.005180167863466894), 'postcode': np.float64(0.004791323568016318), 'interface': np.float64(0.004352526258301384), 'handled': np.float64(0.004149250344143554), 'structuring': np.float64(0.0036978420812246175), 'listing': np.float64(0.003622324742044672), 'designation': np.float64(0.002996271064836494), 'ftp': np.float64(0.002949350871834128), 'ledger': np.float64(0.0028119568881373905), 'protocol': np.float64(0.002785174463357506), 'dated': np.float64(0.002610026601410557), 'configuration': np.float64(0.0016725135163209886), 'header': np.float64(0.0012283340105081978), 'host': np.float64(0.00113411684703722), 'distance': np.float64(0.001060501527368488), 'ected': np.float64(0.0008454472116241763), 'ipv': np.float64(0.0007236279519887805), 'label': np.float64(0.0006906321830112298), 'routing': np.float64(0.00043089414482312466), 'gate': np.float64(0.00015670068533753172)}"
28,"{'adjustment': np.float64(0.6471312645911839), 'allowance': np.float64(0.6059087634309165), 'calculation': np.float64(0.3058993940670248), 'settlement': np.float64(0.20955167572558364), 'shift': np.float64(0.13778590301832339), 'arrangement': np.float64(0.13407635284979705), 'compensation': np.float64(0.08814147836853092), 'estimation': np.float64(0.0667948032779607), 'modification': np.float64(0.06498932715393367), 'changing': np.float64(0.05733160700284182), 'refinement': np.float64(0.054329711880334204), 'reconciliation': np.float64(0.05239885460889601), 'amendment': np.float64(0.04855639663369346), 'restructuring': np.float64(0.04553437583971839), 'improvement': np.float64(0.03965124689662419), 'align': np.float64(0.038364236471337035), 'fluctuation': np.float64(0.037482759080424775), 'recalibrations': np.float64(0.03357874214608851), 'offsetting': np.float64(0.030507667417917328), 'margining': np.float64(0.026757139247038753), 'calibration': np.float64(0.023138909142180215), 'recalibration': np.float64(0.01958562037330649), 'tightening': np.float64(0.018572810157193493), 'reallocation': np.float64(0.01740726299972068), 'revision': np.float64(0.015786317103516922), 'stabilisation': np.float64(0.013857511415151787), 'fit': np.float64(0.01064650198669365), 'corrective': np.float64(0.008561119810712845), 'recalibrated': np.float64(0.007486899698159214), 'shifting': np.float64(0.007151026848527333), 'rebalancing': np.float64(0.006054591974958876), 'renegotiation': np.float64(0.005845849043760241), 'calibrating': np.float64(0.00512418318584901), 'manipulation': np.float64(0.0046157059672637295), 'setup': np.float64(0.004331980761706393), 'counterbalancing': np.float64(0.003987286414423515), 'updating': np.float64(0.003896608826639051), 'stabilization': np.float64(0.0037974762179321516), 'recalibrating': np.float64(0.0036934725717263335), 'counterbalance': np.float64(0.0036073321875290496), 'adjustmentsb': np.float64(0.0035190940435187927), 'patch': np.float64(0.003441556522662796), 'unadjusted': np.float64(0.0031844267019190803), 'articulation': np.float64(0.0017752059275122152), 'adjustmentsc': np.float64(0.0017605597811354023), 'setback': np.float64(0.0014470422371376495), 'refit': np.float64(0.0007093113639802205), 'revise': np.float64(0.000698608489441042), 'moderation': np.float64(0.0004547210372189994), 'fixing': np.float64(0.00014975143713578826)}"
29,"{'management': np.float64(0.9967235206332707), 'considered': np.float64(0.04780518392338113), 'performed': np.float64(0.03679783161133931), 'designated': np.float64(0.027958548868559856), 'manages': np.float64(0.027015833186428268), 'deemed': np.float64(0.019699783923202135), 'delegated': np.float64(0.016716730124106925), 'granted': np.float64(0.015746452133408313), 'executed': np.float64(0.011466865507693866), 'controlled': np.float64(0.00839626642922313), 'funded': np.float64(0.00806554205245022), 'administrative': np.float64(0.006870926542812197), 'offered': np.float64(0.006078818075248227), 'systemically': np.float64(0.005640115402064665), 'owned': np.float64(0.005551957798197296), 'regulated': np.float64(0.004722025311095536), 'prescribed': np.float64(0.003686486290047221), 'delivered': np.float64(0.002371217551703089), 'deployed': np.float64(0.0022305705016650162), 'exercised': np.float64(0.001956851901316524), 'prioritized': np.float64(0.0016261395029261614), 'centralized': np.float64(0.0012345452458310286), 'supervising': np.float64(0.0011656285863607212), 'prescribes': np.float64(0.0010889679535681742), 'distributing': np.float64(0.0010829775930763542), 'operated': np.float64(0.0008448531853567413), 'benefited': np.float64(0.0008055739643248998), 'distributable': np.float64(0.0007993879867667158), 'dealt': np.float64(0.0006185390024842215), 'disciplined': np.float64(0.000574163097586846), 'instituted': np.float64(0.0004454898982546201), 'remunerated': np.float64(0.0004100850055055643), 'subsidised': np.float64(0.00037757555953378714), 'enrolled': np.float64(0.00036019561133839256), 'hosted': np.float64(0.00033883100652165013), 'administered': np.float64(0.00032500046387905755), 'moderated': np.float64(0.0002574617918419319), 'subsided': np.float64(0.0002574617918419319), 'practiced': np.float64(0.00021790711807779785)}"
30,"{'profit': np.float64(0.6007919415114047), 'benefit': np.float64(0.4993681450430456), 'difference': np.float64(0.24655975208992062), 'positive': np.float64(0.21078077591395034), 'downside': np.float64(0.20929568726843634), 'expense': np.float64(0.19024113783263216), 'option': np.float64(0.17933265240305468), 'preferred': np.float64(0.1565304807834832), 'enhancement': np.float64(0.15628927331129264), 'defense': np.float64(0.1482789995760505), 'upside': np.float64(0.14756524860957335), 'back': np.float64(0.1423769616895676), 'surplus': np.float64(0.11919189415320772), 'discount': np.float64(0.10323190281342737), 'versus': np.float64(0.09380767785957903), 'advice': np.float64(0.0676927311022099), 'opportunity': np.float64(0.06316389748942582), 'especially': np.float64(0.05697848628421023), 'counter': np.float64(0.05195078510073715), 'importance': np.float64(0.05022818537360968), 'incentive': np.float64(0.04003030807158537), 'feature': np.float64(0.036867781478417114), 'reward': np.float64(0.0342160056508681), 'appeal': np.float64(0.03204772302261379), 'preference': np.float64(0.024314997967955356), 'favour': np.float64(0.02312741833704975), 'competitive': np.float64(0.022774571615103066), 'choice': np.float64(0.01996203470086015), 'pro': np.float64(0.017290969360765764), 'favourable': np.float64(0.015055318299806067), 'preferential': np.float64(0.014904996703257598), 'positively': np.float64(0.013319495435883306), 'advantage': np.float64(0.01225695625416857), 'exploit': np.float64(0.011385669544888838), 'favorable': np.float64(0.008592106783688842), 'advise': np.float64(0.0069220015008944705), 'distinction': np.float64(0.006167629074307491), 'favor': np.float64(0.003854008879358875), 'beneficiary': np.float64(0.0037260579447070423), 'promotion': np.float64(0.0032862544942753244), 'disadvantage': np.float64(0.003166280043812476), 'privilege': np.float64(0.0030895388898394987), 'win': np.float64(0.002190006760413028), 'favourably': np.float64(0.0019423920394272581), 'affords': np.float64(0.001327067722567231), 'beneﬁ': np.float64(0.0011854229252472787), 'hindrance': np.float64(0.0002800487266562997)}"
31,"{'provides': np.float64(0.7468956477874513), 'guidance': np.float64(0.37327074534583343), 'applies': np.float64(0.3642967527142975), 'consider': np.float64(0.16277180133495311), 'considers': np.float64(0.15430027101199575), 'refers': np.float64(0.14016181195384778), 'approves': np.float64(0.1293739852552799), 'directive': np.float64(0.1286707430279379), 'ensures': np.float64(0.10307265039590219), 'oversees': np.float64(0.09679919574893438), 'describes': np.float64(0.07263103027008269), 'inform': np.float64(0.07167792122074841), 'expects': np.float64(0.07138657163748331), 'assumes': np.float64(0.07062533687291377), 'prudent': np.float64(0.06872099313404292), 'warning': np.float64(0.06411690938087107), 'recommends': np.float64(0.05243573809149844), 'advising': np.float64(0.0465515574631655), 'discusses': np.float64(0.045128216833513285), 'instruction': np.float64(0.04252521053028136), 'indicated': np.float64(0.04103087682393487), 'discloses': np.float64(0.03134712541833755), 'guiding': np.float64(0.029792124698041), 'advises': np.float64(0.028033974651109843), 'informing': np.float64(0.02658443899997719), 'counsel': np.float64(0.024230926051628115), 'influencing': np.float64(0.016182752229140507), 'informs': np.float64(0.014656698958331755), 'decides': np.float64(0.014259713143054275), 'recommend': np.float64(0.013920530586901441), 'consulting': np.float64(0.013659900544360814), 'indicating': np.float64(0.013641416796910402), 'agrees': np.float64(0.013468129574400349), 'indicates': np.float64(0.013295761677195919), 'observes': np.float64(0.012921858763572632), 'implies': np.float64(0.012683196720079356), 'invests': np.float64(0.011563567501691678), 'protects': np.float64(0.011317977234734485), 'appoints': np.float64(0.011068522627703744), 'authorizes': np.float64(0.011068522627703744), 'recommending': np.float64(0.011068522627703744), 'prepares': np.float64(0.010803049337451156), 'explains': np.float64(0.010643389541191367), 'proposes': np.float64(0.008828188815117302), 'solicits': np.float64(0.00848726296366479), 'intends': np.float64(0.005226872262835045), 'confirms': np.float64(0.004953176056082275), 'prevents': np.float64(0.0045367928189969705), 'instructing': np.float64(0.004502401820272147), 'prefers': np.float64(0.004502401820272147), 'supervise': np.float64(0.004383921966709354), 'supervises': np.float64(0.004207559033991344), 'endorses': np.float64(0.003184355339883648), 'predicts': np.float64(0.003184355339883648), 'reminding': np.float64(0.002832456296602273), 'notified': np.float64(0.0025352487204542435), 'stipulates': np.float64(0.0022683964094984852), 'suggested': np.float64(0.00226678116258926), 'suggest': np.float64(0.0015903369468478925), 'anticipates': np.float64(0.001245646155787783), 'sures': np.float64(0.0009731543173160038)}"
32,"{'stage': np.float64(0.9648405983809866), 'sector': np.float64(0.18434751738797717), 'industry': np.float64(0.1539176828184974), 'environmental': np.float64(0.049302173740701345), 'infrastructure': np.float64(0.04697177417138841), 'enterprise': np.float64(0.04080856555428308), 'cybersecurity': np.float64(0.037010484574554185), 'scope': np.float64(0.02572129598518342), 'agriculture': np.float64(0.025634319083169484), 'geography': np.float64(0.020797238643304197), 'manufacturing': np.float64(0.01941494895054679), 'cyber': np.float64(0.01840850797096959), 'aspect': np.float64(0.016317276403474256), 'technological': np.float64(0.014921658145175347), 'air': np.float64(0.013519463629620499), 'automotive': np.float64(0.011707488342655864), 'forestry': np.float64(0.010112034441489367), 'entertainment': np.float64(0.009646641002687247), 'transportation': np.float64(0.009235654709454439), 'aviation': np.float64(0.006923231626050208), 'logistics': np.float64(0.005376953196552364), 'venture': np.float64(0.004334252207024544), 'fsa': np.float64(0.0034284033834819623), 'space': np.float64(0.0031089852746227545), 'aircraft': np.float64(0.0029765883863504534), 'agricultural': np.float64(0.002551851295312926), 'industrial': np.float64(0.002506746644376456), 'machinery': np.float64(0.00245409760309127), 'telecom': np.float64(0.0024268590024614217), 'automotives': np.float64(0.002024655567035189), 'pilot': np.float64(0.0020167335906316696), 'pharma': np.float64(0.001547902548885994), 'military': np.float64(0.0015026167113657912), 'ocean': np.float64(0.0013459076327202004), 'axis': np.float64(0.0013329952974986616), 'airline': np.float64(0.001309781184246026), 'economics': np.float64(0.0011999285996090803), 'industrials': np.float64(0.001170721623375668), 'emea': np.float64(0.0011617447997923358), 'auspex': np.float64(0.0010143803989145334), 'gaming': np.float64(0.0010143803989145334), 'marine': np.float64(0.0008204066444404892), 'tech': np.float64(0.0008091545801597106), 'occupational': np.float64(0.0006831532305279844), 'headroom': np.float64(0.0006809388946341642), 'eafe': np.float64(0.0006721592095840997), 'fishery': np.float64(0.0005699720916069827), 'aluminium': np.float64(0.0005287223828295619), 'facturing': np.float64(0.0004951886269068064), 'healthcare': np.float64(0.0004951886269068064), 'science': np.float64(0.00039583488095597437), 'literature': np.float64(0.00038078736399756717), 'soaring': np.float64(0.0003163159159803381), 'geospatial': np.float64(0.0002783310478480071), 'gage': np.float64(0.00021215849612617776), 'earth': np.float64(0.00018275501736366473), 'cargo': np.float64(0.00017257777844167414), 'petroleum': np.float64(0.0001341621427820076), 'universe': np.float64(0.0001341621427820076), 'aerospace': np.float64(7.173796125791659e-05), 'eurasia': np.float64(3.0245308053399205e-06)}"
33,"{'impact': np.float64(0.8541425077597143), 'approach': np.float64(0.4313462973884715), 'take': np.float64(0.1653935324089959), 'assess': np.float64(0.13809805959628832), 'affect': np.float64(0.09931571045415313), 'relating': np.float64(0.08471881000371415), 'cause': np.float64(0.07253613939729808), 'impacted': np.float64(0.06282679726645712), 'concern': np.float64(0.062214574655317864), 'give': np.float64(0.03900795536425086), 'effort': np.float64(0.03629449578121562), 'regard': np.float64(0.03605830265268494), 'relates': np.float64(0.02989982582342684), 'harm': np.float64(0.02714105199772891), 'like': np.float64(0.02346505853188151), 'indicate': np.float64(0.019028534542388693), 'implication': np.float64(0.018976359428308952), 'attract': np.float64(0.014996482455189333), 'causing': np.float64(0.01258882595557838), 'disrupt': np.float64(0.009986223151762678), 'influence': np.float64(0.009041801800098836), 'involve': np.float64(0.007210119569755398), 'tend': np.float64(0.007124394728913339), 'contagion': np.float64(0.006097207820597657), 'entail': np.float64(0.005904888301784409), 'tone': np.float64(0.004677941259881912), 'manipulate': np.float64(0.002717446033037686), 'attitude': np.float64(0.0025231864025998057), 'endanger': np.float64(0.0019146830670399055), 'impression': np.float64(0.0018659704184969294), 'impairmentse': np.float64(0.00153908898103479), 'think': np.float64(0.0014449372704839526), 'effecta': np.float64(0.0012311497835219463), 'worry': np.float64(0.0011293669715723366), 'feel': np.float64(0.0009917183880049038), 'impairs': np.float64(0.0009860031886617057), 'correlate': np.float64(0.0006005118396457421), 'effec': np.float64(0.00021407661703509237), 'tendency': np.float64(0.00017673285324319227), 'interacts': np.float64(9.395553244977087e-05)}"
34,"{'client': np.float64(0.6873736698000883), 'company': np.float64(0.5127825309346865), 'exchange': np.float64(0.37719465721480644), 'bond': np.float64(0.18071769595803222), 'organisation': np.float64(0.12534230443572641), 'subsidiary': np.float64(0.10714638874301173), 'member': np.float64(0.10515592363170036), 'firm': np.float64(0.10158349328163566), 'application': np.float64(0.10139284061587524), 'article': np.float64(0.07908046023129343), 'supplier': np.float64(0.07472579248513185), 'embedded': np.float64(0.06928803622876838), 'commission': np.float64(0.06444276628866305), 'branch': np.float64(0.04758999671359525), 'partner': np.float64(0.043921768240761105), 'extension': np.float64(0.02961753016119783), 'offer': np.float64(0.028942483743934804), 'employment': np.float64(0.028165750388560295), 'partnership': np.float64(0.025517555797006562), 'coupon': np.float64(0.025461797806783246), 'platform': np.float64(0.022697726177773686), 'network': np.float64(0.018884485950756806), 'embedding': np.float64(0.01849853107390045), 'online': np.float64(0.013734929019111122), 'embed': np.float64(0.011753117936987849), 'employ': np.float64(0.009737683566927384), 'invest': np.float64(0.008868001762405285), 'buyer': np.float64(0.008845547317515088), 'employed': np.float64(0.007681372424124289), 'membership': np.float64(0.006508707430353406), 'affiliate': np.float64(0.004508055601845024), 'delegate': np.float64(0.004265901161596776), 'overlap': np.float64(0.003633015226524064), 'joiner': np.float64(0.003563535147805302), 'auction': np.float64(0.00333187678657382), 'sponsor': np.float64(0.002845768880621021), 'commerce': np.float64(0.0018418613098672787), 'tenant': np.float64(0.0018418613098672787), 'intercompany': np.float64(0.0016894747679559448), 'syndicate': np.float64(0.001587224889600062), 'promotional': np.float64(0.001271553746079317), 'announcement': np.float64(0.0012402976488275522), 'subscription': np.float64(0.0011631016739932134), 'alternate': np.float64(0.000832318773722758), 'investee': np.float64(0.000730842779055697)}"
35,"{'income': np.float64(0.9686710155922094), 'wealth': np.float64(0.1620294996285366), 'particularly': np.float64(0.10943939859849373), 'diversified': np.float64(0.08817657890449472), 'highly': np.float64(0.08711721294022794), 'monetary': np.float64(0.05090168214712943), 'poor': np.float64(0.044466669317317256), 'extensive': np.float64(0.03081997821428334), 'sophisticated': np.float64(0.026367920242981888), 'financed': np.float64(0.020727099737556303), 'refined': np.float64(0.01499670104465556), 'frequent': np.float64(0.01486089282374682), 'extremely': np.float64(0.013420690992898505), 'owed': np.float64(0.013383306239453144), 'comfortable': np.float64(0.012903893494235624), 'grand': np.float64(0.008500421410245354), 'confident': np.float64(0.007030548180597016), 'sophistication': np.float64(0.006948263979747534), 'satisfied': np.float64(0.006235557282956617), 'financially': np.float64(0.006142995693745783), 'entitled': np.float64(0.005252535968185788), 'nancial': np.float64(0.005213321091580533), 'expensive': np.float64(0.004587162561020368), 'fed': np.float64(0.004248402876928444), 'ultra': np.float64(0.004181380316550647), 'valuable': np.float64(0.004133795881564901), 'dominant': np.float64(0.00403093121878526), 'prominent': np.float64(0.003922127764687037), 'attractive': np.float64(0.0036405704290861395), 'luxury': np.float64(0.0036050634948350925), 'enriches': np.float64(0.002965899106019504), 'costly': np.float64(0.002892784044387058), 'prosperity': np.float64(0.0026096840971009715), 'predominant': np.float64(0.0017677210784740418), 'profitable': np.float64(0.0017140383643480422), 'talented': np.float64(0.0016234573166094945), 'comfortably': np.float64(0.0006171770044574282), 'resourceful': np.float64(0.0006116295477684571), 'expansive': np.float64(0.0005694454309595568), 'finan': np.float64(0.0004749661011993294), 'affluent': np.float64(0.00016940723139497992)}"
36,"{'within': np.float64(0.8199212605074351), 'future': np.float64(0.26756913793426806), 'per': np.float64(0.24408452531827554), 'first': np.float64(0.2384863411810232), 'forbearance': np.float64(0.2316657581292752), 'since': np.float64(0.12734178370615434), 'prior': np.float64(0.12631600563505854), 'initial': np.float64(0.1025069915034743), 'pre': np.float64(0.1016486418607288), 'unless': np.float64(0.09281884981205214), 'upon': np.float64(0.08768035870599192), 'early': np.float64(0.06239814567214568), 'previous': np.float64(0.0531921963591675), 'prepayment': np.float64(0.04523552045638453), 'previously': np.float64(0.043318761326231685), 'earlier': np.float64(0.028442652761849898), 'premise': np.float64(0.027764338689605785), 'aforementioned': np.float64(0.027139258272067507), 'proactively': np.float64(0.02489659008480127), 'foreseeable': np.float64(0.022567209985181785), 'elsewhere': np.float64(0.022464365651638833), 'later': np.float64(0.020488068308463024), 'prepare': np.float64(0.01914396210876815), 'foreseen': np.float64(0.016622604460991716), 'amongst': np.float64(0.013220376735321693), 'earliest': np.float64(0.011444997677180033), 'instead': np.float64(0.010514728171183114), 'former': np.float64(0.010461632393042729), 'notwithstanding': np.float64(0.009800301484129368), 'backward': np.float64(0.008237963298396189), 'forth': np.float64(0.008197077875579934), 'far': np.float64(0.006903699892014078), 'firstly': np.float64(0.006236831555574164), 'besides': np.float64(0.0061627871528140135), 'prerequisite': np.float64(0.005589988404025323), 'formerly': np.float64(0.00547816533517878), 'sofr': np.float64(0.0050181815273173), 'begin': np.float64(0.00414899216954715), 'afore': np.float64(0.0039595926351065815), 'thereunder': np.float64(0.0038872073108506397), 'für': np.float64(0.0031288212921100752), 'upfront': np.float64(0.002702961990992791), 'precondition': np.float64(0.0015325889049534317), 'preliminary': np.float64(0.0012270304698156966), 'forthcoming': np.float64(0.0012084664542312414), 'predecessor': np.float64(0.0011307076773810255), 'foresee': np.float64(0.0009495353292772106), 'theless': np.float64(0.00016548846326483026)}"
37,"{'germany': np.float64(0.5057739235132205), 'european': np.float64(0.39738478668547805), 'europe': np.float64(0.38749982327024196), 'america': np.float64(0.2674671209971741), 'belgium': np.float64(0.22722579972811602), 'ukraine': np.float64(0.2232139917866552), 'russia': np.float64(0.2076371389976704), 'spain': np.float64(0.19148668535216298), 'italy': np.float64(0.17932849432064252), 'australia': np.float64(0.1548431601273275), 'world': np.float64(0.1448297750502277), 'poland': np.float64(0.14246411324235903), 'pacific': np.float64(0.12059974707408308), 'france': np.float64(0.11971613503833654), 'china': np.float64(0.10407066276136731), 'globally': np.float64(0.09783991271282606), 'switzerland': np.float64(0.09104376541316918), 'africa': np.float64(0.08639747782137397), 'japan': np.float64(0.07602658246794743), 'ireland': np.float64(0.07003130607208653), 'canada': np.float64(0.03990827861183655), 'worldwide': np.float64(0.03830154876956107), 'india': np.float64(0.0359143418956544), 'south': np.float64(0.03512312804594275), 'globe': np.float64(0.02907719394026002), 'romania': np.float64(0.0223752611703187), 'européenne': np.float64(0.021258156064838492), 'norway': np.float64(0.019867455378320006), 'england': np.float64(0.019362281001263304), 'sweden': np.float64(0.018923874306791898), 'denmark': np.float64(0.018316209645161605), 'paris': np.float64(0.013389777588437811), 'australian': np.float64(0.012759519138978374), 'equator': np.float64(0.01118763058515935), 'europeenne': np.float64(0.010828354561098498), 'korea': np.float64(0.010493912715317757), 'austria': np.float64(0.010006029825007885), 'berlin': np.float64(0.00974709346661415), 'israel': np.float64(0.008768372482813138), 'cafe': np.float64(0.007068666979288515), 'amsterdam': np.float64(0.006408526588163727), 'portugal': np.float64(0.006259747731648158), 'london': np.float64(0.0054543713369207885), 'danmark': np.float64(0.005274887715858112), 'gaza': np.float64(0.005059200567577222), 'syria': np.float64(0.005015837833519206), 'brazil': np.float64(0.00495389576344676), 'britain': np.float64(0.004899903375389872), 'french': np.float64(0.004631335877055978), 'scotland': np.float64(0.004608597287413457), 'slavery': np.float64(0.004431399468572351), 'cuba': np.float64(0.004004451970497452), 'sudan': np.float64(0.004004451970497452), 'arab': np.float64(0.0026825088315587816), 'greece': np.float64(0.0024584987149745574), 'overseas': np.float64(0.0023317713726602684), 'asian': np.float64(0.0019988360518939235), 'thailand': np.float64(0.001473622911301097), 'deutschland': np.float64(0.0010226187017146708), 'egypt': np.float64(0.0010113858630217563), 'iraq': np.float64(0.0010113858630217563), 'jordan': np.float64(0.0010113858630217563), 'monaco': np.float64(0.0009623135604437616), 'nordea': np.float64(0.0004045916782614224)}"
38,"{'rate': np.float64(0.7189191387054741), 'year': np.float64(0.59463986997613), 'period': np.float64(0.2586150769711134), 'time': np.float64(0.18156818051995166), 'parent': np.float64(0.12224411808901202), 'lifetime': np.float64(0.07272175693486972), 'culture': np.float64(0.051354393224506925), 'reference': np.float64(0.04080740252101942), 'life': np.float64(0.037084364368026985), 'around': np.float64(0.03650727780159162), 'legacy': np.float64(0.02952195515433477), 'weather': np.float64(0.018396600856488463), 'weight': np.float64(0.018180845923831696), 'longevity': np.float64(0.01371964331870549), 'duration': np.float64(0.011167205045711639), 'timing': np.float64(0.010678490860346864), 'holder': np.float64(0.01012081520434453), 'care': np.float64(0.009852165630067893), 'generation': np.float64(0.00902577887705042), 'historic': np.float64(0.007353911290151115), 'population': np.float64(0.006973309629619581), 'family': np.float64(0.004645067108409598), 'yeara': np.float64(0.0038349575786270343), 'worth': np.float64(0.003588143454333417), 'gia': np.float64(0.003588078260400788), 'late': np.float64(0.003558338391172314), 'get': np.float64(0.003399591403291827), 'ground': np.float64(0.002457158702087881), 'cation': np.float64(0.002002665381487651), 'ear': np.float64(0.001939595006637389), 'ageing': np.float64(0.0017125115330593054), 'expiry': np.float64(0.0013849537165848617), 'old': np.float64(0.0012905490668690498), 'height': np.float64(0.0010658173938493183), 'ask': np.float64(0.0010273062499594637), 'everyone': np.float64(0.000988964885285204), 'obsolete': np.float64(0.0009817897414374076), 'grown': np.float64(0.0009110955860870196), 'winter': np.float64(0.0008790866555772452), 'death': np.float64(0.0008475149223553167), 'age': np.float64(0.0007644414891594898), 'origin': np.float64(0.0007447794497718131), 'gender': np.float64(0.0006676217762384635), 'young': np.float64(0.000637836522306426), 'oct': np.float64(0.0005935146128021134), 'race': np.float64(0.0005835941238265525), 'usher': np.float64(0.0005248510193773199), 'mate': np.float64(0.00030979437081728303), 'older': np.float64(0.0002483387066304505)}"
39,"{'division': np.float64(0.7452013217058003), 'weighted': np.float64(0.4729884316025834), 'flow': np.float64(0.42262689709826046), 'contribution': np.float64(0.12418783723494564), 'combination': np.float64(0.09584310494078316), 'collection': np.float64(0.0480553549168252), 'aggregation': np.float64(0.042727390802721206), 'consolidation': np.float64(0.041148078049593716), 'collective': np.float64(0.039542047027116715), 'subset': np.float64(0.038617257633179164), 'collaboration': np.float64(0.03809035113589221), 'merger': np.float64(0.03696547681659784), 'quantification': np.float64(0.03694958805084193), 'matching': np.float64(0.02829008160665175), 'granularity': np.float64(0.02597320553332854), 'groep': np.float64(0.023825075524073164), 'amalgamation': np.float64(0.021618097039268706), 'quantifies': np.float64(0.0212095823506745), 'combining': np.float64(0.016746159581914374), 'match': np.float64(0.015855236860759278), 'conglomerate': np.float64(0.013567355859626824), 'segmentation': np.float64(0.012773885834200659), 'quantifying': np.float64(0.010652235110466255), 'count': np.float64(0.009962331370407125), 'cascading': np.float64(0.009761693795702905), 'merged': np.float64(0.008249958774880193), 'categorization': np.float64(0.008079037733085529), 'summation': np.float64(0.008079037733085529), 'combine': np.float64(0.007847347939334375), 'cluster': np.float64(0.006753332245099929), 'clustered': np.float64(0.006753332245099929), 'averaging': np.float64(0.0064558566769826195), 'multitude': np.float64(0.006333815013515247), 'pooling': np.float64(0.004882764104807995), 'cascade': np.float64(0.0038425271110367983), 'gathering': np.float64(0.003459780620870836), 'fragmentation': np.float64(0.0026241579563005967), 'grouping': np.float64(0.0024617693156691344), 'colluding': np.float64(0.0023847051969135154), 'merge': np.float64(0.002173020850567344), 'convergence': np.float64(0.0018378823086862405), 'sequence': np.float64(0.0016808369262755792), 'compression': np.float64(0.0015760550990781693), 'summarize': np.float64(0.0015287498910205263), 'scraping': np.float64(0.001465835773845611), 'collusion': np.float64(0.0010488909000403964), 'simplification': np.float64(0.000709817987918426), 'groupwide': np.float64(0.0006878869705781622), 'ering': np.float64(0.0003704136012614476)}"
40,"{'default': np.float64(0.5668768197104072), 'specific': np.float64(0.45202938958497885), 'development': np.float64(0.4416672881114035), 'global': np.float64(0.37046567420486326), 'testing': np.float64(0.3019046484080917), 'target': np.float64(0.15937425460660595), 'variable': np.float64(0.10661159221063023), 'classification': np.float64(0.08043032824506809), 'define': np.float64(0.059522137004688135), 'tested': np.float64(0.032181363988642346), 'constraint': np.float64(0.029587740672607152), 'assuming': np.float64(0.020870238187551685), 'marked': np.float64(0.01802964265162109), 'concept': np.float64(0.017292840574159713), 'dependency': np.float64(0.016669039394696907), 'volatile': np.float64(0.014545611810203285), 'persistent': np.float64(0.011693779512312463), 'logic': np.float64(0.011599252420212218), 'pit': np.float64(0.011037998360868353), 'built': np.float64(0.00781557735534929), 'version': np.float64(0.007796022944020805), 'variant': np.float64(0.006528068827692924), 'describe': np.float64(0.005138937022430024), 'unknown': np.float64(0.004208487948983984), 'generic': np.float64(0.0023591121089750386), 'ict': np.float64(0.002219555917427985), 'ect': np.float64(0.002193944578437219), 'validator': np.float64(0.0016392121643327338), 'agnostic': np.float64(0.0009179541148143436), 'rpc': np.float64(0.00017136960695055928)}"
41,"{'including': np.float64(0.9932146934361442), 'whether': np.float64(0.0647520560924705), 'partly': np.float64(0.047811648141242204), 'whilst': np.float64(0.04298748980108686), 'yet': np.float64(0.02796272641405585), 'rather': np.float64(0.0264481707414001), 'often': np.float64(0.02350385061492796), 'whereas': np.float64(0.02227854609377072), 'incl': np.float64(0.021851647525532487), 'mostly': np.float64(0.02029461980437116), 'slightly': np.float64(0.018642361839708268), 'regardless': np.float64(0.0159620854766773), 'indirectly': np.float64(0.01592926049786271), 'despite': np.float64(0.014566129250931774), 'initially': np.float64(0.01443625427063638), 'ultimately': np.float64(0.014082864584626773), 'emphasis': np.float64(0.010513746726281846), 'though': np.float64(0.007261405610177087), 'necessarily': np.float64(0.006282897271474237), 'nevertheless': np.float64(0.004921018680545296), 'wherein': np.float64(0.004425397962380533), 'unlike': np.float64(0.003972592603876581), 'marginally': np.float64(0.003917066229610291), 'barely': np.float64(0.003221118953447593), 'quasi': np.float64(0.002488728766791472), 'doubtful': np.float64(0.0018630131546329073), 'albeit': np.float64(0.0018361691578195824), 'considerably': np.float64(0.0012354734123716032), 'alleged': np.float64(0.0007037502871168101), 'lastly': np.float64(0.0004369714820957716), 'elt': np.float64(0.0002285193172234054)}"
42,"{'board': np.float64(0.917559062888443), 'otc': np.float64(0.24584869733543419), 'consumer': np.float64(0.21452790161392313), 'carbon': np.float64(0.14438571910201153), 'eba': np.float64(0.11781823003375766), 'gas': np.float64(0.09748295661021698), 'alco': np.float64(0.06349413681635327), 'com': np.float64(0.03386540300740081), 'beverage': np.float64(0.026278896195304567), 'chair': np.float64(0.022680856154956363), 'cso': np.float64(0.022136158689134617), 'center': np.float64(0.013676304258059322), 'community': np.float64(0.011364086231414322), 'alcos': np.float64(0.0077624018400728875), 'bev': np.float64(0.005583763791323027), 'cco': np.float64(0.005476538156230357), 'coo': np.float64(0.004939692320815934), 'exco': np.float64(0.004604629086831155), 'wall': np.float64(0.004307736751489213), 'bic': np.float64(0.002743608089270158), 'nac': np.float64(0.0018350357518862868), 'cial': np.float64(0.0010763382299955183), 'cel': np.float64(0.0009183856290645181), 'almt': np.float64(0.0006443191872806257), 'coe': np.float64(0.0006132691689552758), 'colva': np.float64(0.0005900162993965944), 'val': np.float64(0.0005866980158510194), 'orp': np.float64(0.0005285749597305933), 'nal': np.float64(0.0004924495876192312), 'cate': np.float64(0.00030555125808417273), 'olio': np.float64(0.00030555125808417273), 'alterna': np.float64(0.0001589909736560859)}"
43,"{'framework': np.float64(0.7982986368961849), 'measure': np.float64(0.4090525301972224), 'analysis': np.float64(0.29488718505782513), 'system': np.float64(0.2071488217325388), 'probability': np.float64(0.1324944181611795), 'technology': np.float64(0.10351696758994015), 'procedure': np.float64(0.09639769090643135), 'example': np.float64(0.09410087807064238), 'scheme': np.float64(0.06853716390982417), 'structured': np.float64(0.04902967352942207), 'method': np.float64(0.048815851524147615), 'program': np.float64(0.047146105467059066), 'simulation': np.float64(0.046436668854772434), 'organization': np.float64(0.03973054334260181), 'matrix': np.float64(0.03347000962527981), 'automated': np.float64(0.022795693956691464), 'processing': np.float64(0.021853401716335544), 'heatmap': np.float64(0.017443626027229254), 'distributed': np.float64(0.01691899827401125), 'analyze': np.float64(0.014830759749313322), 'roll': np.float64(0.013260495291042226), 'software': np.float64(0.011545697111466233), 'evaluate': np.float64(0.010840000167696697), 'optimize': np.float64(0.010153391019809735), 'automatically': np.float64(0.006974987953616851), 'compute': np.float64(0.005167189692777821), 'predict': np.float64(0.004911348518244644), 'algorithmic': np.float64(0.004444901221249321), 'classify': np.float64(0.004344942700802337), 'computer': np.float64(0.0035727061793873094), 'optimization': np.float64(0.0031099491696330427), 'machine': np.float64(0.0030858479585751876), 'organized': np.float64(0.0030091413298029726), 'numerically': np.float64(0.002742498864906831), 'bullet': np.float64(0.002446739148986497), 'algorithm': np.float64(0.0023479292082745616), 'module': np.float64(0.002141628455316162), 'automating': np.float64(0.0015676729521657581), 'formula': np.float64(0.0013375295448483258), 'sample': np.float64(0.0012881653196600644), 'comput': np.float64(0.00011745020863223103), 'culate': np.float64(2.508831849609444e-05)}"
44,"{'line': np.float64(0.9754920554641663), 'represents': np.float64(0.136765796868759), 'parallel': np.float64(0.11272700254487346), 'follows': np.float64(0.06894007476725268), 'maintains': np.float64(0.06439409423828826), 'establishes': np.float64(0.04625570650503292), 'linear': np.float64(0.04287314960868507), 'identifies': np.float64(0.03851120869505856), 'calculates': np.float64(0.02557987655319687), 'alliance': np.float64(0.02313188406130459), 'assigns': np.float64(0.018016680419844264), 'positioning': np.float64(0.013846603563407434), 'aligns': np.float64(0.010246749435773974), 'allocates': np.float64(0.00949529012871721), 'illustrates': np.float64(0.009374696615567849), 'differentiates': np.float64(0.009232337418542246), 'positioned': np.float64(0.008988022800182752), 'linearity': np.float64(0.008154261010531984), 'validates': np.float64(0.007387995601121377), 'analyzes': np.float64(0.006833812688810215), 'flattener': np.float64(0.006454158086762606), 'checked': np.float64(0.0054743353864186), 'collaborates': np.float64(0.004829757272193011), 'coordinating': np.float64(0.004777100909373163), 'engages': np.float64(0.004771189726437303), 'reconciles': np.float64(0.004652460328663401), 'prioritizes': np.float64(0.0045856485175114784), 'converging': np.float64(0.004292821060764795), 'linearly': np.float64(0.00424523364756164), 'loop': np.float64(0.003570706436284421), 'centered': np.float64(0.003497454958223928), 'consolidates': np.float64(0.0034219512411897707), 'harmonise': np.float64(0.002844583503268294), 'intersecting': np.float64(0.002800492238174846), 'arranging': np.float64(0.002793699313680525), 'reinforces': np.float64(0.0027498526130084137), 'restructures': np.float64(0.002637188979647523), 'harmonize': np.float64(0.0025273820816892265), 'tends': np.float64(0.002513282637289007), 'orientated': np.float64(0.0022875177684610636), 'arrange': np.float64(0.0020438158560082322), 'arranges': np.float64(0.001424179192849348), 'integrates': np.float64(0.001229101738856959), 'verifies': np.float64(6.573121345013656e-05)}"
45,"{'investment': np.float64(0.8326456676758657), 'deposit': np.float64(0.2797671466646887), 'held': np.float64(0.2384730414740795), 'buffer': np.float64(0.23599950864842906), 'distribution': np.float64(0.20449922850213514), 'reserve': np.float64(0.16484598269449868), 'swap': np.float64(0.1233559895984443), 'holding': np.float64(0.11782356058626055), 'repo': np.float64(0.09989893287092688), 'release': np.float64(0.07500297693316695), 'open': np.float64(0.02306581801535454), 'ownership': np.float64(0.019632789750622392), 'restricted': np.float64(0.017896463003391434), 'retain': np.float64(0.01580818866206901), 'deployment': np.float64(0.013957935373865468), 'lease': np.float64(0.011309937453485427), 'repository': np.float64(0.007400594906972976), 'dataset': np.float64(0.00735265248523388), 'recipient': np.float64(0.007081655257790605), 'restrict': np.float64(0.007053922223657913), 'leasing': np.float64(0.0052015118232941), 'entrant': np.float64(0.005023676977135265), 'extends': np.float64(0.004426623593533365), 'preserve': np.float64(0.004250829968300151), 'allocate': np.float64(0.004053772449827395), 'budget': np.float64(0.004001477774875746), 'disposed': np.float64(0.003584715650983768), 'reserved': np.float64(0.0030799681833189054), 'store': np.float64(0.000980945663681811), 'consume': np.float64(0.0008682348242234472), 'appoint': np.float64(0.0008403189183578088), 'divide': np.float64(0.0007746316202481958), 'dedicates': np.float64(0.0007413018940365389), 'leased': np.float64(0.0005958214524432087), 'reopen': np.float64(0.00029437784321763376), 'allotment': np.float64(0.0001384612491075875)}"
46,"{'one': np.float64(0.6445727211756609), 'private': np.float64(0.41828759447414643), 'strong': np.float64(0.35175193856710696), 'independent': np.float64(0.2682996070538148), 'identified': np.float64(0.2596939966753691), 'single': np.float64(0.24490498896251142), 'outside': np.float64(0.14685787170017683), 'united': np.float64(0.13520582597096995), 'others': np.float64(0.10601406479844058), 'individually': np.float64(0.08581806786640375), 'multi': np.float64(0.07541397091343091), 'separately': np.float64(0.07066251771341067), 'separate': np.float64(0.06919260896267793), 'independently': np.float64(0.053833626565891926), 'broken': np.float64(0.0456118845712088), 'another': np.float64(0.04547463528554176), 'standalone': np.float64(0.030895533525086446), 'exclusively': np.float64(0.027227304574710624), 'side': np.float64(0.024479303382444178), 'self': np.float64(0.022675320757491024), 'solely': np.float64(0.020294838768832636), 'unused': np.float64(0.01897635550510986), 'unlikely': np.float64(0.01746348298800382), 'remote': np.float64(0.01449477176187423), 'identity': np.float64(0.013863047382769568), 'lose': np.float64(0.01271839189944176), 'lien': np.float64(0.012119764110756577), 'unilateral': np.float64(0.01211531041052427), 'neutral': np.float64(0.012028904590036289), 'simple': np.float64(0.010528569112525858), 'unbiased': np.float64(0.009532568968716477), 'weak': np.float64(0.009425457669466925), 'unrelated': np.float64(0.006860189078897422), 'stranded': np.float64(0.006813299305919821), 'alone': np.float64(0.0061100661336798675), 'leave': np.float64(0.005771174641666972), 'uncorrelated': np.float64(0.005479228296038702), 'uncommitted': np.float64(0.004945603633618486), 'losing': np.float64(0.004779405560351157), 'random': np.float64(0.004020952203374988), 'stood': np.float64(0.003925293857314477), 'lost': np.float64(0.0023782464175916983), 'separated': np.float64(0.001996334188731505), 'paired': np.float64(0.00014375873682329545)}"
47,"{'change': np.float64(0.9504253231734746), 'counterparties': np.float64(0.18667548772404197), 'transition': np.float64(0.18649213081472865), 'trade': np.float64(0.09071584489236116), 'reverse': np.float64(0.07085685668421768), 'alternative': np.float64(0.06544418262038562), 'possible': np.float64(0.05830640371515443), 'equivalent': np.float64(0.036658695440362384), 'competition': np.float64(0.03601302986859355), 'conversion': np.float64(0.02714798016256557), 'comparison': np.float64(0.024213200535414935), 'variation': np.float64(0.021166470687877817), 'replacement': np.float64(0.01906432366365734), 'proposal': np.float64(0.018228156635411087), 'solution': np.float64(0.015581659430093283), 'traditional': np.float64(0.015106354342478895), 'selection': np.float64(0.011291733996522741), 'desired': np.float64(0.009943722402971956), 'deal': np.float64(0.009434966411408117), 'compare': np.float64(0.009209079888887287), 'fallback': np.float64(0.006649364138717232), 'supplementary': np.float64(0.004518628341453992), 'replace': np.float64(0.0045049674694146525), 'recommended': np.float64(0.004350842983697032), 'substitute': np.float64(0.0030378211461462336), 'dependence': np.float64(0.0029267536653473907), 'contrast': np.float64(0.002887296533675505), 'substituting': np.float64(0.002884239379451696), 'choose': np.float64(0.002805009120139519), 'replaces': np.float64(0.0016130708144995115), 'switch': np.float64(0.0012975632130459212), 'counterpart': np.float64(0.001267934549098684), 'prefer': np.float64(0.0009582694412286476), 'supplemental': np.float64(9.88708453139344e-05)}"
48,"{'mainly': np.float64(0.6664753625181249), 'various': np.float64(0.46932382405273226), 'fully': np.float64(0.28933073118495806), 'generally': np.float64(0.28712085907827956), 'throughout': np.float64(0.2100038039257947), 'several': np.float64(0.20543515327578657), 'comprises': np.float64(0.17614470350289585), 'overarching': np.float64(0.11139927971543821), 'largely': np.float64(0.11108026324916716), 'holistic': np.float64(0.08680032357644943), 'four': np.float64(0.06382325280335906), 'six': np.float64(0.05981741680643724), 'broadly': np.float64(0.05731190004053849), 'eight': np.float64(0.045099915300625015), 'comprised': np.float64(0.044932443492156415), 'consisting': np.float64(0.03804891218695674), 'encompasses': np.float64(0.025618476796265097), 'comprising': np.float64(0.025495290042005337), 'substantially': np.float64(0.022341280346479586), 'entirely': np.float64(0.01922000889023754), 'simultaneously': np.float64(0.015251375233759516), 'jointly': np.float64(0.014276310204794921), 'eventually': np.float64(0.012293278952822173), 'holistically': np.float64(0.012148973995026662), 'wholly': np.float64(0.011194052806070798), 'consisted': np.float64(0.010019441556350272), 'threefold': np.float64(0.007087304813327271), 'subtotal': np.float64(0.006514286768074475), 'mutually': np.float64(0.006154059770417124), 'onto': np.float64(0.005432199761903959), 'therewith': np.float64(0.004448910030519914), 'comprehensively': np.float64(0.004272396221400385), 'totalc': np.float64(0.0018395056940363366), 'altogether': np.float64(0.0016584562821170806), 'progressively': np.float64(0.0012347244299538646), 'totald': np.float64(0.0012205541439584454), 'ent': np.float64(0.0004012928378818539), 'thoroughly': np.float64(0.0002736210388117292)}"
49,"{'provision': np.float64(0.9368071787960995), 'remediation': np.float64(0.23318800001231604), 'reform': np.float64(0.15949296526623943), 'legislative': np.float64(0.1215166121461179), 'proceeding': np.float64(0.0837024297883339), 'refinancing': np.float64(0.08030543876102658), 'repair': np.float64(0.05587165191364366), 'strengthening': np.float64(0.048308677458555736), 'annex': np.float64(0.043726244381049176), 'mitigants': np.float64(0.033765161155405975), 'renegotiated': np.float64(0.032459544757565045), 'refining': np.float64(0.021724868871037906), 'amortization': np.float64(0.021590752146101462), 'replacing': np.float64(0.020823675628914212), 'reformed': np.float64(0.020355134813385904), 'enforcing': np.float64(0.01980054028236916), 'sanctioning': np.float64(0.01942658075868599), 'supplementing': np.float64(0.019001059448450167), 'amortize': np.float64(0.018623883971214547), 'redress': np.float64(0.01807001881430723), 'amending': np.float64(0.013015495344573871), 'extending': np.float64(0.012359393801824431), 'remediating': np.float64(0.011363160010252886), 'improves': np.float64(0.010967774107834673), 'restatement': np.float64(0.010744585890355467), 'upgrading': np.float64(0.010145230589049944), 'proposing': np.float64(0.009713290379342996), 'curing': np.float64(0.009521639820202507), 'renewal': np.float64(0.006797808385242008), 'modernising': np.float64(0.0066662164419919985), 'upholding': np.float64(0.006165636274914394), 'restructure': np.float64(0.005010492501377469), 'reconsidering': np.float64(0.004397060974425533), 'redetermination': np.float64(0.004363618044721774), 'reforming': np.float64(0.003646299464450309), 'nancing': np.float64(0.0032626831204125555), 'patching': np.float64(0.0024042453091041066), 'retrofitting': np.float64(0.0024042453091041066), 'convening': np.float64(0.0013346538861429332), 'constitution': np.float64(0.0008467200033629588), 'debating': np.float64(0.00044562942364435875)}"
50,"{'may': np.float64(0.9912510488041457), 'social': np.float64(0.09789352358751247), 'communication': np.float64(0.06991809072532248), 'cooperative': np.float64(0.038255791427284816), 'payable': np.float64(0.03449817944685726), 'mutual': np.float64(0.008780706808146434), 'facilitated': np.float64(0.0064364020697661554), 'collaborate': np.float64(0.0060797474390959705), 'interplay': np.float64(0.0056059921927854575), 'supportive': np.float64(0.004134932076803805), 'transferable': np.float64(0.0038532031885347923), 'reciprocal': np.float64(0.0034976453143332384), 'soft': np.float64(0.0034056538581492208), 'cant': np.float64(0.0029923335096686695), 'unified': np.float64(0.0026387250450318586), 'interrelated': np.float64(0.00252898477245887), 'contentious': np.float64(0.0021247836739260785), 'constructive': np.float64(0.0020627426782322093), 'cohesive': np.float64(0.0017853311849227547), 'communate': np.float64(0.0017473829748260626), 'collaborative': np.float64(0.0016990039976536716), 'informal': np.float64(0.0014659888096154917), 'interconnected': np.float64(0.0013654730910106425), 'transferrable': np.float64(0.0013501295472997908), 'amicable': np.float64(0.0010928696739688837), 'easily': np.float64(0.000988164209594226), 'interacting': np.float64(0.0009344608731779641), 'cdio': np.float64(0.0008895124265316591), 'collaborating': np.float64(0.0008815743736984406), 'mendes': np.float64(0.0008090097310673431), 'sizeable': np.float64(0.0007229393479597155), 'immovable': np.float64(0.0007197505383222205), 'synonymous': np.float64(0.0005948612705522811), 'nected': np.float64(0.0005661539065118701), 'flexible': np.float64(0.00044471027414464526), 'easy': np.float64(0.0003417162030020004), 'probabil': np.float64(9.37187752956438e-05)}"
51,"{'main': np.float64(0.6816954822014287), 'ongoing': np.float64(0.5120983072699292), 'met': np.float64(0.39954884525192713), 'depending': np.float64(0.2665248391260243), 'bottom': np.float64(0.15221946097154299), 'contains': np.float64(0.06828936429711373), 'constantly': np.float64(0.06355373206855164), 'middle': np.float64(0.056128752819476144), 'interim': np.float64(0.05151238807738062), 'mifid': np.float64(0.03091764807700578), 'imm': np.float64(0.02877492005107154), 'mid': np.float64(0.028340437661069296), 'moment': np.float64(0.025982301634623426), 'min': np.float64(0.02463984574688741), 'amid': np.float64(0.017767874070610767), 'intermediate': np.float64(0.01705013509703021), 'night': np.float64(0.010465584943303251), 'idd': np.float64(0.008798938798526373), 'anytime': np.float64(0.004343801519841727), 'meant': np.float64(0.0034611418791852945), 'miti': np.float64(0.0010490083027121873)}"
52,"{'review': np.float64(0.9835876472327992), 'methodology': np.float64(0.09338395546375458), 'programme': np.float64(0.09301641708381643), 'summary': np.float64(0.06932965833180285), 'identify': np.float64(0.0678742996613631), 'determine': np.float64(0.050748026266454783), 'technique': np.float64(0.029307584063972162), 'breakdown': np.float64(0.024807698095554352), 'determining': np.float64(0.024311179122867767), 'investigation': np.float64(0.018051903989314114), 'decomposition': np.float64(0.01631687803802381), 'scrutiny': np.float64(0.015511242984634716), 'quantify': np.float64(0.008241591613066476), 'analytical': np.float64(0.006372968606852043), 'scanning': np.float64(0.0063555482527817946), 'detection': np.float64(0.005108703460895257), 'evaluates': np.float64(0.004660867441588067), 'ascertain': np.float64(0.0036267882804570406), 'summarise': np.float64(0.003296439463123441), 'spanning': np.float64(0.0031558611137331837), 'crystallise': np.float64(0.003087881492390417), 'plot': np.float64(0.003087881492390417), 'interpreted': np.float64(0.003034356047482287), 'investigating': np.float64(0.002357191934196828), 'analyzing': np.float64(0.0022837995772493533), 'examine': np.float64(0.0022272883405556176), 'explanation': np.float64(0.002021037411469943), 'categorise': np.float64(0.0018981570332178733), 'summarises': np.float64(0.0015446181755315893), 'interpret': np.float64(0.0015257805133789026), 'investigated': np.float64(0.0012166392166249379), 'analysed': np.float64(0.001113195729838653), 'categorises': np.float64(0.0010858914057648203), 'analyse': np.float64(0.001012789547712028), 'valuer': np.float64(0.0008684596565125762), 'summarizes': np.float64(0.0008394440975563732), 'categorisation': np.float64(0.0008106011481535898), 'commentary': np.float64(0.0007056765913289947), 'formulation': np.float64(0.0004917871892753065), 'analysing': np.float64(0.0004705357962733838), 'explores': np.float64(0.0003955785418601615), 'categorize': np.float64(0.00036162476363121653), 'inquiry': np.float64(0.0002965551946182993), 'examining': np.float64(0.00022097539802302203), 'examined': np.float64(0.00022079123402393464), 'recog': np.float64(0.00016349262516866093), 'investigate': np.float64(0.00014960902192599025), 'profiling': np.float64(0.00014220299341678036), 'formalisation': np.float64(0.00012773149504685595), 'organise': np.float64(9.455563296308837e-05), 'organising': np.float64(7.681894846279613e-05), 'defini': np.float64(6.904956447186618e-05), 'reorganisation': np.float64(6.732975354247704e-05), 'operationalisation': np.float64(5.998793462759599e-05), 'elaboration': np.float64(5.327163394291215e-05), 'examination': np.float64(4.128399902017624e-05), 'examines': np.float64(3.452345290666387e-05)}"
53,"{'established': np.float64(0.6536840186877304), 'issued': np.float64(0.4251977885921375), 'exposed': np.float64(0.35877003847078964), 'recognised': np.float64(0.2611899041395896), 'introduced': np.float64(0.22938194336623674), 'discussed': np.float64(0.16200620741520838), 'announced': np.float64(0.14810025297278126), 'pledged': np.float64(0.1417125588056954), 'projected': np.float64(0.12143495059456205), 'disclosed': np.float64(0.11109828595816595), 'communicated': np.float64(0.08717190822227931), 'upcoming': np.float64(0.08247258472644566), 'expressed': np.float64(0.06981719726453241), 'notice': np.float64(0.06593031295767282), 'closed': np.float64(0.059618224945354396), 'disclose': np.float64(0.05832985275931457), 'proposed': np.float64(0.05453075422549025), 'released': np.float64(0.050367020942675735), 'launched': np.float64(0.04347167214823268), 'introduce': np.float64(0.03793015092004459), 'decided': np.float64(0.03619968586189258), 'highlighted': np.float64(0.033020897504839455), 'coming': np.float64(0.03258477629853827), 'concluded': np.float64(0.03114256762533387), 'showed': np.float64(0.02297159257499444), 'booked': np.float64(0.021097269098379903), 'publicly': np.float64(0.019220610769811013), 'declared': np.float64(0.017521161174449205), 'forecasted': np.float64(0.01685279290956244), 'displayed': np.float64(0.011750207321109717), 'declaration': np.float64(0.01163569000594499), 'decreed': np.float64(0.011547926535140661), 'impending': np.float64(0.011547926535140661), 'revealed': np.float64(0.011547926535140661), 'finalised': np.float64(0.010313357444432354), 'elected': np.float64(0.009232472539935598), 'pronounced': np.float64(0.008205809127633518), 'declaring': np.float64(0.006689370844463231), 'postponed': np.float64(0.006489627697034503), 'detected': np.float64(0.006291525217198706), 'demonstrated': np.float64(0.005920477885418772), 'discovered': np.float64(0.005672422462038176), 'canceled': np.float64(0.005179198690905892), 'endorsed': np.float64(0.00511792518687116), 'openly': np.float64(0.004614739492447044), 'bulletin': np.float64(0.0035122594288843323), 'undisclosed': np.float64(0.002112103147330257)}"
54,"{'issuance': np.float64(0.8312378678812128), 'nii': np.float64(0.38995519871962603), 'annually': np.float64(0.3484020007544787), 'enter': np.float64(0.1396061257663089), 'finally': np.float64(0.07968767888418521), 'ilaap': np.float64(0.07198005007924678), 'yearly': np.float64(0.05440385541832732), 'subordi': np.float64(0.020703481264638668), 'yearend': np.float64(0.0187354588003206), 'jan': np.float64(0.01826408647848537), 'higha': np.float64(0.011053277331377766), 'whenever': np.float64(0.01000384819253889), 'annum': np.float64(0.008722902232229983), 'anymore': np.float64(0.005907349773576899), 'dhvar': np.float64(0.005569055395414469), 'varavg': np.float64(0.005569055395414469), 'manu': np.float64(0.005526638665688883), 'jun': np.float64(0.0046680482314629965), 'anonymously': np.float64(0.004368423690386683), 'ned': np.float64(0.0034833675252057598), 'instru': np.float64(0.0024239992613942357), 'guest': np.float64(0.0023340241157314983), 'ning': np.float64(0.002189018159682871), 'invitee': np.float64(0.0012958660981440668), 'annu': np.float64(0.001210269733382152), 'regu': np.float64(0.0010514729844368104), 'perma': np.float64(0.0006485117976616139), 'mum': np.float64(0.0005533784666737631), 'unau': np.float64(0.0005533784666737631), 'authori': np.float64(0.0004980945177630469), 'kati': np.float64(-2.461311159611394e-18), 'olli': np.float64(-2.461311159611394e-18)}"
55,"{'non': np.float64(0.9649817587794998), 'support': np.float64(0.24457044853115897), 'ead': np.float64(0.06611350621903078), 'prevent': np.float64(0.053378572470987734), 'anti': np.float64(0.03264057924956044), 'prevention': np.float64(0.015306978633462375), 'pra': np.float64(0.014739933072986692), 'opposite': np.float64(0.010101924167048346), 'preventing': np.float64(0.006892044232948721), 'preventative': np.float64(0.006396126863384664), 'block': np.float64(0.0043298126013175215), 'opposed': np.float64(0.003740010399855218), 'stop': np.float64(0.0037275825201192655), 'lock': np.float64(0.0029882459398756643), 'red': np.float64(0.0026039947862538217), 'con': np.float64(0.0015709684489605374), 'antitrust': np.float64(0.0009377281423964988), 'preventive': np.float64(0.0008675728409076575), 'pseudo': np.float64(0.0007479174715654741), 'gamma': np.float64(0.0007362058080515563), 'iden': np.float64(0.00041564814070185876), 'sus': np.float64(0.000262201904145196), 'esti': np.float64(0.0001180001946997468)}"
56,"{'expectation': np.float64(0.5591514158559218), 'forecast': np.float64(0.5075105775890775), 'estimate': np.float64(0.4407113409278821), 'prospect': np.float64(0.3233882385975707), 'outlook': np.float64(0.2889834164116041), 'estimated': np.float64(0.1638355757417411), 'expect': np.float64(0.08109129645399453), 'predicted': np.float64(0.06327223946701123), 'prospective': np.float64(0.0396760891988458), 'arrive': np.float64(0.03818869438735271), 'forecasting': np.float64(0.032553997426019485), 'envisaged': np.float64(0.030540487791794697), 'probable': np.float64(0.02949457674199318), 'recognize': np.float64(0.026967841956297235), 'imminent': np.float64(0.02233317728958165), 'awaiting': np.float64(0.02155070103240023), 'estimating': np.float64(0.02085615196440765), 'expectancy': np.float64(0.019680469062802453), 'anticipate': np.float64(0.018441537869614128), 'prediction': np.float64(0.015011812532571276), 'anticipation': np.float64(0.012770220646556453), 'suspected': np.float64(0.012186201110498075), 'suspense': np.float64(0.011142403998946115), 'approaching': np.float64(0.010850494039235594), 'presumption': np.float64(0.010272550517784383), 'unforeseeable': np.float64(0.009562634510168538), 'react': np.float64(0.009189961809286837), 'suspect': np.float64(0.008233684350938065), 'underestimated': np.float64(0.007839839440092694), 'predetermined': np.float64(0.006245327925879279), 'precipitating': np.float64(0.005279292039762537), 'import': np.float64(0.004858920741016474), 'underpredict': np.float64(0.0036249722830362058), 'estim': np.float64(0.0013644015881420926), 'assump': np.float64(0.0008672236761940021)}"
57,"{'net': np.float64(0.8505671383683674), 'end': np.float64(0.3652491335916685), 'party': np.float64(0.23336239845914458), 'wide': np.float64(0.20294571395258834), 'via': np.float64(0.15383796061385815), 'way': np.float64(0.12716291683817768), 'extent': np.float64(0.06428785211718878), 'every': np.float64(0.035494181579037644), 'located': np.float64(0.03000565003421666), 'near': np.float64(0.020753699998776153), 'centre': np.float64(0.018141410840376425), 'vast': np.float64(0.015058147106185428), 'offshore': np.float64(0.010661918041723126), 'locally': np.float64(0.010014721073970766), 'wherever': np.float64(0.005482489244829196), 'internationally': np.float64(0.004722042209545992), 'widespread': np.float64(0.004624995481649821), 'whereof': np.float64(0.004332155449050933), 'find': np.float64(0.003885190381793871), 'zone': np.float64(0.003667055454669714), 'something': np.float64(0.003089273488310469), 'remotely': np.float64(0.0030444850597544605), 'whichever': np.float64(0.002553434926878129), 'widely': np.float64(0.002275281353521054), 'unlimited': np.float64(0.001002538018910302), 'anywhere': np.float64(0.0006797933817989945), 'unrestricted': np.float64(0.0006590419474668673)}"
58,"{'appetite': np.float64(0.9795552000364655), 'item': np.float64(0.139985885568026), 'appendix': np.float64(0.12730026908908243), 'performs': np.float64(0.04568216221078411), 'april': np.float64(0.043018713659624626), 'package': np.float64(0.020787688822836128), 'complementing': np.float64(0.007586526976146461), 'parp': np.float64(0.006779210481527735), 'bracket': np.float64(0.005473082572452974), 'appears': np.float64(0.005403287951387006), 'applicability': np.float64(0.004557648333156318), 'harness': np.float64(0.004440782707357858), 'par': np.float64(0.004049486437989231), 'apparent': np.float64(0.00374549636938617), 'emapp': np.float64(0.003610361974423003), 'rrap': np.float64(0.0035439701676095144), 'ring': np.float64(0.0030978012444726473), 'cope': np.float64(0.002887490359826394), 'tap': np.float64(0.0028188591527583042), 'appealed': np.float64(0.0027811541018215743), 'reappraisal': np.float64(0.0018779075730225505), 'apparel': np.float64(0.0018144476026480212), 'clothing': np.float64(0.0009915394567725428), 'resembling': np.float64(8.217911149367146e-05), 'ply': np.float64(5.5905676924679844e-05), 'transpar': np.float64(4.14971217987218e-05)}"
59,"{'percentage': np.float64(0.8012654144374165), 'portion': np.float64(0.3851859416591565), 'proportion': np.float64(0.3418470923811117), 'calculating': np.float64(0.23801735654915096), 'partial': np.float64(0.0976812631033203), 'imprecision': np.float64(0.08634262683774623), 'equivalence': np.float64(0.056018707336884625), 'approximation': np.float64(0.05183499688968212), 'rounding': np.float64(0.0452906497786317), 'semi': np.float64(0.044555304322335954), 'simulating': np.float64(0.03941096425917589), 'simplifying': np.float64(0.039027082653138735), 'closer': np.float64(0.03262055131827203), 'minimal': np.float64(0.028218037496762445), 'computationally': np.float64(0.0246491715620806), 'similarity': np.float64(0.0246491715620806), 'understate': np.float64(0.0246491715620806), 'minimised': np.float64(0.02383423362053168), 'nearly': np.float64(0.023106643794856354), 'fin': np.float64(0.020096591311087337), 'suggestion': np.float64(0.017508486859763694), 'underestimation': np.float64(0.011665075856594953), 'proportionate': np.float64(0.011500385953735084), 'smoothing': np.float64(0.010709550636998756), 'underestimating': np.float64(0.010412041502616272), 'incrementally': np.float64(0.010092402833967992), 'computation': np.float64(0.006390156176346097), 'extrapolation': np.float64(0.00545836533145782)}"
60,"{'counterparty': np.float64(0.5184661898014421), 'price': np.float64(0.47891817469964965), 'currency': np.float64(0.4532033247040037), 'range': np.float64(0.29931036037279385), 'payment': np.float64(0.28267134018579315), 'order': np.float64(0.17754304317065106), 'hedging': np.float64(0.1736891019425099), 'earnings': np.float64(0.1513276050759876), 'pricing': np.float64(0.09736601206165556), 'bps': np.float64(0.08310394940614445), 'libor': np.float64(0.07842354521550354), 'remuneration': np.float64(0.06985490657988554), 'fee': np.float64(0.0646879720086966), 'pay': np.float64(0.058469806635628896), 'paid': np.float64(0.05553974623661898), 'interbank': np.float64(0.03068852325658547), 'bribery': np.float64(0.028275313223309707), 'reimbursement': np.float64(0.02719873762116661), 'repricing': np.float64(0.026472086401478835), 'wibor': np.float64(0.014617942976364264), 'intermediary': np.float64(0.014109408528037758), 'salary': np.float64(0.013458672011903755), 'debit': np.float64(0.010069284914569047), 'bid': np.float64(0.007906168486175648), 'priced': np.float64(0.0069489227458195725), 'rulebook': np.float64(0.0067984627182721856), 'disintermediation': np.float64(0.006629499895500182), 'euribor': np.float64(0.006183426414180633), 'tariff': np.float64(0.004979640278935146), 'intermediation': np.float64(0.0038201932415490103), 'rata': np.float64(0.0035047261959728635), 'rent': np.float64(0.003314749947750091), 'parity': np.float64(0.0032089095650766116), 'libors': np.float64(0.002922426542010604), 'arbitration': np.float64(0.002760477153416362), 'payout': np.float64(0.0026799434575014163), 'payer': np.float64(0.002637721640899029), 'earn': np.float64(0.0025515319796960505), 'negotiated': np.float64(0.0024398800187434527), 'negotiation': np.float64(0.0023120506484990613), 'ratiosb': np.float64(0.001668757008469863), 'reimbursementsb': np.float64(0.001668757008469863), 'reimbursementsa': np.float64(0.001668696378422125), 'rts': np.float64(0.0015803870232315176), 'bandwidth': np.float64(0.001424507982820582), 'brokered': np.float64(0.0011126814825037873), 'rency': np.float64(0.0009919944792362138), 'bit': np.float64(0.000527218943687509), 'payouts': np.float64(0.0004864369148766834), 'atilities': np.float64(0.00045618035221562617), 'arbitrates': np.float64(0.00044377927819923117)}"
61,"{'standard': np.float64(0.9583816512410361), 'dedicated': np.float64(0.20562911104899564), 'hedged': np.float64(0.14990513749617418), 'rated': np.float64(0.10707993768553156), 'denominated': np.float64(0.046422167316250255), 'derecognised': np.float64(0.03169377824932421), 'standardisation': np.float64(0.020977556728619527), 'branded': np.float64(0.019652738603721888), 'characterised': np.float64(0.013457134181271676), 'decarbonise': np.float64(0.01329059534089339), 'categorised': np.float64(0.013178756029779581), 'securitised': np.float64(0.012381374892970453), 'harmonised': np.float64(0.01156798427325142), 'uncollateralised': np.float64(0.011301048209173327), 'standardising': np.float64(0.00892895869410386), 'normalised': np.float64(0.007816716156257524), 'centred': np.float64(0.005779834333958615), 'hindered': np.float64(0.005779834333958615), 'socialised': np.float64(0.005779834333958615), 'exposured': np.float64(0.00519717285718814), 'judged': np.float64(0.00515455765103227), 'rehedged': np.float64(0.003787807154318054), 'boarded': np.float64(0.003464781904792094), 'sanitised': np.float64(0.003144966557478153), 'stabilized': np.float64(0.0027393509722435814), 'stabilised': np.float64(0.002482888435140707), 'hardening': np.float64(0.00206262731661319), 'materialised': np.float64(0.0014151622421677641), 'ardised': np.float64(0.0006317947615761643), 'collaterialised': np.float64(0.0004687028622907257), 'levelled': np.float64(0.00030122378090699856), 'channelled': np.float64(0.00020804862638930708), 'shaded': np.float64(0.0001088800830183929), 'condensed': np.float64(9.916854337091418e-05)}"
62,"{'arising': np.float64(0.607761455270818), 'emerging': np.float64(0.5739310113065329), 'arises': np.float64(0.2724309847793303), 'arise': np.float64(0.2512748188453975), 'outstandings': np.float64(0.17413343710068446), 'rise': np.float64(0.15357958448248127), 'originated': np.float64(0.1514080246765721), 'resulted': np.float64(0.12821630685174967), 'rising': np.float64(0.11385346568957135), 'differ': np.float64(0.11289466421687858), 'evolve': np.float64(0.0822729428392698), 'become': np.float64(0.0760028192949387), 'obtain': np.float64(0.06727890717489596), 'raise': np.float64(0.06712673780032705), 'start': np.float64(0.0661668902858834), 'occurs': np.float64(0.05849393858124809), 'raised': np.float64(0.049807852322568916), 'expose': np.float64(0.047493590329614886), 'bring': np.float64(0.04583972945208044), 'manifest': np.float64(0.04015540213612861), 'originating': np.float64(0.039553542214681305), 'materialise': np.float64(0.0345163374428339), 'emerge': np.float64(0.028038194919855753), 'raising': np.float64(0.026835986294506373), 'originate': np.float64(0.02598907174784626), 'materialize': np.float64(0.021571384544313964), 'outbreak': np.float64(0.015991417990241504), 'originates': np.float64(0.015531422230507415), 'develops': np.float64(0.014603008399127648), 'emergence': np.float64(0.01294118176486134), 'resultant': np.float64(0.011738545741905788), 'derives': np.float64(0.010686298546474165), 'resurgence': np.float64(0.010403171849764706), 'diverge': np.float64(0.009221930188579393), 'emergent': np.float64(0.008599216284218213), 'surge': np.float64(0.008064312699554294), 'rouble': np.float64(0.007968516091768556), 'suddenly': np.float64(0.006206933841978102), 'emerged': np.float64(0.005808063294476165), 'evolves': np.float64(0.005472524755217275), 'propose': np.float64(0.005099473563440584), 'realize': np.float64(0.0022071318334772817), 'emerges': np.float64(0.0013379909362997444), 'surmount': np.float64(0.00018634057576998744)}"
63,"{'hedge': np.float64(0.9419327815736974), 'meet': np.float64(0.33407493336691024), 'distribute': np.float64(0.02129202950600894), 'organised': np.float64(0.017992273409788134), 'stabilize': np.float64(0.0103415842503883), 'swapped': np.float64(0.006646989188369076), 'lend': np.float64(0.006594277406269104), 'reconciled': np.float64(0.005390937196010417), 'renovation': np.float64(0.005268869980868932), 'rectified': np.float64(0.004324887175020821), 'ready': np.float64(0.00324820397393267), 'organize': np.float64(0.00324210345013427), 'treat': np.float64(0.003198156617099989), 'simplify': np.float64(0.0031967152455870803), 'divert': np.float64(0.00310257850154766), 'remedy': np.float64(0.00310257850154766), 'stabilise': np.float64(0.0030686731888654247), 'overhaul': np.float64(0.003030599148457394), 'tied': np.float64(0.002992442961419099), 'complicate': np.float64(0.002944088255747853), 'streamline': np.float64(0.002236882591114843), 'tackle': np.float64(0.002155979712919666), 'arranger': np.float64(0.001399488317947157), 'loosen': np.float64(0.0008734644038403014)}"
64,"{'voice': np.float64(0.9690163429148079), 'dialogue': np.float64(0.20860739207600296), 'representing': np.float64(0.06607352647635696), 'introducing': np.float64(0.060108443928535045), 'speak': np.float64(0.03978998448843327), 'communicate': np.float64(0.03811712461449923), 'communicating': np.float64(0.02836177519963017), 'describing': np.float64(0.027448849165233834), 'articulating': np.float64(0.027071022239931557), 'clarity': np.float64(0.026837954488019483), 'sounding': np.float64(0.023222948768502484), 'presenting': np.float64(0.019966313101342215), 'explicitly': np.float64(0.01985370415809673), 'projecting': np.float64(0.01958317040533477), 'specify': np.float64(0.01801058281723752), 'issuing': np.float64(0.017113298151101644), 'specifying': np.float64(0.015530328035548978), 'differentiating': np.float64(0.013846378585815007), 'explaining': np.float64(0.013535511119965716), 'peaking': np.float64(0.013188555648373571), 'outlining': np.float64(0.012503068162900383), 'signing': np.float64(0.012184419875975072), 'implying': np.float64(0.0037497437818502775), 'forming': np.float64(0.0032830596423753483), 'documenting': np.float64(0.0021232826433314083), 'stating': np.float64(0.0018745476734096443), 'say': np.float64(0.0018424815908872412), 'uting': np.float64(0.0004107021100110535), 'shaping': np.float64(0.0004043006111087757), 'signaling': np.float64(0.00036323481893557467)}"
65,"{'test': np.float64(0.9656568886785031), 'assesses': np.float64(0.13574373644060622), 'judgement': np.float64(0.12036208447386243), 'measuring': np.float64(0.10925107853862132), 'revaluation': np.float64(0.09492984609296662), 'score': np.float64(0.08894071867986017), 'determines': np.float64(0.06521153319040254), 'screening': np.float64(0.027584003428074676), 'classifies': np.float64(0.01466949110499392), 'scored': np.float64(0.012356340941556146), 'inspection': np.float64(0.01178610610292983), 'undertakes': np.float64(0.007540085696911521), 'reassessed': np.float64(0.007414160643921189), 'qualitatively': np.float64(0.0066954983976709095), 'responds': np.float64(0.004169107240258625), 'demonstrates': np.float64(0.0035184199283231506), 'weighs': np.float64(0.0029006451596962383), 'reassesses': np.float64(0.002788204493145919), 'reevaluated': np.float64(0.0027079822148128245), 'prioritises': np.float64(0.0022922779106534074), 'judge': np.float64(0.00024359018947076052)}"
66,"{'threat': np.float64(0.626380725157223), 'determined': np.float64(0.6083599258295577), 'modelled': np.float64(0.3112327715714172), 'intended': np.float64(0.29517392322460156), 'planned': np.float64(0.1445289415658329), 'documented': np.float64(0.10000741348651858), 'failed': np.float64(0.09274952755851004), 'challenged': np.float64(0.07320954064697412), 'initiated': np.float64(0.055278314324312815), 'worked': np.float64(0.04103926170811184), 'began': np.float64(0.037270006284660616), 'forced': np.float64(0.02819967398321911), 'commenced': np.float64(0.021195107729536946), 'sought': np.float64(0.01825629403420902), 'staged': np.float64(0.017428513085012576), 'unsuccessful': np.float64(0.014675707525090658), 'threatened': np.float64(0.013174443723015234), 'prompted': np.float64(0.010272054642628743), 'attempted': np.float64(0.009347200558415172), 'intentionally': np.float64(0.007941849528287269), 'tricked': np.float64(0.006510987419364315), 'tured': np.float64(0.0012037174632950087), 'thorized': np.float64(0.000517969483621134), 'instigated': np.float64(0.00046755301627841487)}"
67,"{'information': np.float64(0.7455165894959241), 'control': np.float64(0.6301826054453112), 'focus': np.float64(0.1318999871543552), 'demand': np.float64(0.1262999203152656), 'respect': np.float64(0.07013414877910314), 'important': np.float64(0.06910434369982539), 'context': np.float64(0.03151531442531664), 'focused': np.float64(0.028227850178073704), 'staff': np.float64(0.026011027396795394), 'attention': np.float64(0.025294053676447173), 'noted': np.float64(0.01711725490861027), 'feedback': np.float64(0.012446964557585321), 'observation': np.float64(0.012245260877343912), 'watch': np.float64(0.009883722518682903), 'concerning': np.float64(0.008763104637460372), 'highlight': np.float64(0.008740152083085111), 'intention': np.float64(0.005312292065483003), 'audience': np.float64(0.0033459046104047084), 'concerned': np.float64(0.0031828993067973188), 'owing': np.float64(0.0023472692837885555), 'marker': np.float64(0.0019439291184613534), 'bias': np.float64(0.0019410536381097082), 'selective': np.float64(0.0018472744295304616), 'prompt': np.float64(0.0018315516806715181), 'watchful': np.float64(0.0017974731358568433), 'eye': np.float64(0.0015930871820192928), 'regarded': np.float64(0.00105052036938541), 'urgent': np.float64(0.0001518313902612371), 'ence': np.float64(0.00012090226435169402)}"
68,"{'liquidity': np.float64(0.9758502691712698), 'sensitivity': np.float64(0.20303167264887878), 'profitability': np.float64(0.04209295785619521), 'characteristic': np.float64(0.037195039087814456), 'likelihood': np.float64(0.03127164603287587), 'stability': np.float64(0.025841163325102764), 'efficiency': np.float64(0.02581012540769468), 'offering': np.float64(0.018428745595913763), 'look': np.float64(0.01380647598667164), 'represented': np.float64(0.013119550333992284), 'viability': np.float64(0.011119170655459063), 'relevance': np.float64(0.006138257638585512), 'talent': np.float64(0.005331329536473526), 'suitability': np.float64(0.005222220826945727), 'convexity': np.float64(0.004800519469406885), 'diversity': np.float64(0.004587882074379139), 'visible': np.float64(0.0037368026644331123), 'publicity': np.float64(0.0028635494163536555), 'excellence': np.float64(0.002848045723364305), 'competitiveness': np.float64(0.0025383788816521137), 'robustness': np.float64(0.002369086005890924), 'wellbeing': np.float64(0.002122947920811514), 'noticeable': np.float64(0.0019463537240895774), 'marketability': np.float64(0.0019328494546552706), 'attractiveness': np.float64(0.0016787017099551822), 'recognizable': np.float64(0.00160317133160009), 'desirability': np.float64(0.0010256379350634093), 'interconnectivity': np.float64(0.0009688847320216881), 'weighing': np.float64(0.000950508624556654), 'sexual': np.float64(0.0009051452288295235), 'desire': np.float64(0.0005776875488314896)}"
69,"{'december': np.float64(0.8831921066952791), 'dec': np.float64(0.2902328631804856), 'day': np.float64(0.2110962095269518), 'month': np.float64(0.18738717457486948), 'use': np.float64(0.1566773111827785), 'quarter': np.float64(0.11933316758597999), 'january': np.float64(0.08144222908357626), 'june': np.float64(0.04812462790614227), 'quarterly': np.float64(0.04614950491459254), 'september': np.float64(0.045715397900131065), 'monthly': np.float64(0.040895168865328096), 'march': np.float64(0.023973454885175133), 'february': np.float64(0.02282717113475044), 'fourth': np.float64(0.01774424543884957), 'october': np.float64(0.015429055280734185), 'july': np.float64(0.015259600532263086), 'november': np.float64(0.01420953428701902), 'week': np.float64(0.012550379502560388), 'august': np.float64(0.008577575870888348), 'seasonally': np.float64(0.00756479759723872), 'sept': np.float64(0.0045441148961282716), 'viii': np.float64(0.003323539623515978), 'inaugural': np.float64(0.0032980508885348046), 'calendar': np.float64(0.0025004989977839088), 'friday': np.float64(0.0021976259040257617), 'junior': np.float64(0.0021976259040257617), 'soon': np.float64(0.0007215973773838704), 'feb': np.float64(0.0006972108002647318), 'jul': np.float64(0.00045504424470670313), 'nov': np.float64(0.00045504424470670313), 'est': np.float64(0.000336965224347429), 'cur': np.float64(0.00024305952865647724), 'cugn': np.float64(0.0001981362543595563), 'cgus': np.float64(0.00013586036843696065)}"
70,"{'requirement': np.float64(0.976973491226858), 'decision': np.float64(0.20975533443681452), 'supervision': np.float64(0.030928598985488845), 'provisioning': np.float64(0.02027613331779513), 'license': np.float64(0.007437364977009604), 'signature': np.float64(0.00503829599550335), 'honour': np.float64(0.00438454033545059), 'utilisation': np.float64(0.004384328134909581), 'licensing': np.float64(0.0032611611116120016), 'authorisation': np.float64(0.0032265996502555284), 'delegation': np.float64(0.0019265063453629714), 'nationalisation': np.float64(0.0017350882954530558), 'capitalisation': np.float64(0.001689151993307612), 'patent': np.float64(0.0015037600661752465), 'preapproval': np.float64(0.001352759567231688), 'warrant': np.float64(0.0012034601324091793), 'licence': np.float64(0.00117325597657891), 'parameterisation': np.float64(0.000847936020978863), 'centralisation': np.float64(0.0004240290834004315), 'reappointment': np.float64(0.00040762823373971725), 'fidleg': np.float64(0.00022266801997150522)}"
71,"{'balance': np.float64(0.5909083198983478), 'level': np.float64(0.4153545601686336), 'fair': np.float64(0.4112439698551765), 'ratio': np.float64(0.3825301736852092), 'gross': np.float64(0.22979174533540558), 'higher': np.float64(0.16775854865653694), 'average': np.float64(0.16015747263121455), 'minimum': np.float64(0.13983613454178315), 'low': np.float64(0.09425830477018962), 'regular': np.float64(0.09197657319677029), 'common': np.float64(0.06608531533854871), 'general': np.float64(0.0640038470211983), 'least': np.float64(0.06030600344670418), 'typically': np.float64(0.04354524034417191), 'medium': np.float64(0.042814730882057464), 'moderate': np.float64(0.035096707311063034), 'moderately': np.float64(0.030009876436298922), 'good': np.float64(0.026273388782829737), 'half': np.float64(0.012699902872512256), 'usually': np.float64(0.01217331921834894), 'percent': np.float64(0.011851731945058171), 'cent': np.float64(0.008190291620298303), 'lowest': np.float64(0.008085516600654583), 'balanced': np.float64(0.00688430364183532), 'peak': np.float64(0.00661996697916221), 'fairly': np.float64(0.004202270498006506), 'median': np.float64(0.002728818169342641), 'minor': np.float64(0.0027209700525296253), 'typical': np.float64(0.001489551570811776), 'mode': np.float64(0.0002915334824023712)}"
72,"{'includes': np.float64(0.7941232287080415), 'margin': np.float64(0.28440459579002375), 'principle': np.float64(0.21529778888508383), 'underlying': np.float64(0.19240415531539234), 'horizon': np.float64(0.18774875398935384), 'structure': np.float64(0.17754645549028109), 'core': np.float64(0.163523011733144), 'head': np.float64(0.15068079010820015), 'top': np.float64(0.14745349281707795), 'body': np.float64(0.1226221469154465), 'baseline': np.float64(0.11626250138727622), 'beginning': np.float64(0.09554500214870189), 'basel': np.float64(0.095364241727715), 'bucket': np.float64(0.0636917810372231), 'continuity': np.float64(0.049411075441235616), 'theme': np.float64(0.04770989153597015), 'boundary': np.float64(0.046484487204001695), 'band': np.float64(0.040633999003179586), 'outlined': np.float64(0.038802468426313935), 'bod': np.float64(0.03847297040684781), 'front': np.float64(0.031884372609814936), 'facing': np.float64(0.03188184703973891), 'foundation': np.float64(0.029562732728104977), 'backstop': np.float64(0.025218352122576525), 'root': np.float64(0.021448841605681113), 'underpinned': np.float64(0.020653641403347415), 'upper': np.float64(0.008646242232384773), 'template': np.float64(0.008488656016738151), 'hierarchy': np.float64(0.0065517193475968846), 'roadmap': np.float64(0.006225399759258923), 'frame': np.float64(0.004959199126744643), 'bearing': np.float64(0.0038456128038754154), 'cornerstone': np.float64(0.0037506758516877834), 'underpinning': np.float64(0.0037352024279940677), 'foundational': np.float64(0.0036827397160838003), 'backdrop': np.float64(0.003585009928036055), 'underpins': np.float64(0.003478990198641886), 'behind': np.float64(0.003363669361458517), 'fundamentally': np.float64(0.002495306056273138), 'originator': np.float64(0.0024726979128142116), 'lineage': np.float64(0.0024571849010700765), 'lookback': np.float64(0.0015608126148868196), 'backtest': np.float64(0.001398896848966206), 'bra': np.float64(0.001027901661629635), 'backlog': np.float64(0.0009834860812281453), 'fronting': np.float64(0.0009481584397443931), 'underlyings': np.float64(0.0009437746680610405), 'bench': np.float64(0.0003219753647363186), 'backbone': np.float64(0.0002050632039203369)}"
73,"{'backtesting': np.float64(0.7486540721088816), 'defaulted': np.float64(0.48224339628192947), 'drawdowns': np.float64(0.26259631172423864), 'last': np.float64(0.2580528572331862), 'unaudited': np.float64(0.17109405897309446), 'restated': np.float64(0.12060176444989278), 'leveraged': np.float64(0.0914534176443036), 'historically': np.float64(0.08395508372842853), 'buyback': np.float64(0.07829867155360601), 'regression': np.float64(0.03629741447586487), 'grandfathering': np.float64(0.03369185205540163), 'defaulting': np.float64(0.033334220037952986), 'restore': np.float64(0.027973025783047393), 'benchmarked': np.float64(0.018673767503058138), 'restateda': np.float64(0.017799581000199155), 'tracking': np.float64(0.013923433567058463), 'drawdown': np.float64(0.012808865093295142), 'tracked': np.float64(0.010905269060750093), 'substantiated': np.float64(0.01022008929310278), 'revalued': np.float64(0.010093702279346735), 'restored': np.float64(0.00947635791108359), 'grandfathered': np.float64(0.00938534482364113), 'riskdata': np.float64(0.006361121176533588), 'reverted': np.float64(0.005227650273293318), 'reversion': np.float64(0.004917931286685099), 'recoverable': np.float64(0.0043323824193183), 'reverting': np.float64(0.0037685447818727384), 'reversed': np.float64(0.0036601484668929997), 'backtested': np.float64(0.003617415512189408), 'rebased': np.float64(0.003554994222360915), 'trusted': np.float64(0.0033243584271949425), 'rebalanced': np.float64(0.001175496459290199), 'corroborated': np.float64(0.0002103084890641694)}"
74,"{'financial': np.float64(0.9766059553725879), 'banking': np.float64(0.1795979844747429), 'fund': np.float64(0.07977645373740365), 'ifrs': np.float64(0.07233101599363317), 'financing': np.float64(0.03849251521102476), 'ecb': np.float64(0.021979931952340985), 'nsfr': np.float64(0.011049954760096351), 'ermf': np.float64(0.010727827037291885), 'nfrm': np.float64(0.006067534848792474), 'finma': np.float64(0.005013973079344352), 'fitch': np.float64(0.004843572719894234), 'bafin': np.float64(0.004534466194908449), 'cftc': np.float64(0.003780203172140863), 'cib': np.float64(0.0036414554756324193), 'finland': np.float64(0.002998609875103289), 'fhfa': np.float64(0.0022846370042029804), 'finnish': np.float64(0.002277915688820821), 'bcbs': np.float64(0.0021836689751288593), 'irba': np.float64(0.0019169057563715051), 'bbukplc': np.float64(0.0017040355656231126), 'rrmf': np.float64(0.001648195554628272), 'postbank': np.float64(0.0014575474470155286), 'iasb': np.float64(0.0012451514253714014), 'fatca': np.float64(0.0012259621324255023), 'fdic': np.float64(0.0011956003573143762), 'sdif': np.float64(0.0011090116096808503), 'lender': np.float64(0.0011017717023732987), 'fva': np.float64(0.0010978027952103012), 'fsb': np.float64(0.0010631710869336952), 'bloomberg': np.float64(0.0010527028223725988), 'cbes': np.float64(0.0009163704217626129), 'fintechs': np.float64(0.0008799346591653568), 'nfrd': np.float64(0.0008416764692440018), 'financials': np.float64(0.0007444203776342554), 'pfandbriefe': np.float64(0.0006825996801503234), 'lendingb': np.float64(0.0006728017389615753), 'fscs': np.float64(0.00065709540327254), 'frb': np.float64(0.0006294679531087542), 'cfh': np.float64(0.0005545058048404252), 'kifid': np.float64(0.0005545058048404252), 'boe': np.float64(0.0005338694020909713), 'fintell': np.float64(0.0005144811423924009), 'sfdr': np.float64(0.0005144811423924009), 'bbi': np.float64(0.0005095489222299771), 'sifi': np.float64(0.00040975566649585084), 'danskebank': np.float64(0.00037120470270135357), 'fatf': np.float64(0.0003653351414895003), 'bsc': np.float64(0.0003437446088871793), 'fsma': np.float64(0.0003437446088871793), 'buffersa': np.float64(0.0003133507943853607), 'fundinga': np.float64(0.0003133507943853607), 'fundingb': np.float64(0.0003133507943853607), 'nbb': np.float64(0.00030135519816976554), 'imf': np.float64(0.00028177608729527563), 'mbss': np.float64(0.00028177608729527563), 'fwg': np.float64(0.0002357473256098346), 'frtb': np.float64(0.0002343039084584553), 'eurosystem': np.float64(0.00022520141814475988), 'sifis': np.float64(0.0002193712238544505), 'kfw': np.float64(0.00021390190183383885), 'banken': np.float64(0.00017522133169014213), 'nsfrs': np.float64(0.00015183347884690303), 'cbfa': np.float64(8.867289371022957e-05), 'mfi': np.float64(3.5288925785409974e-05)}"
75,"{'collateral': np.float64(0.6012735632551313), 'lending': np.float64(0.4397872320573162), 'debt': np.float64(0.3791929180692077), 'mortgage': np.float64(0.3352124117468824), 'treasury': np.float64(0.32658657929859586), 'guarantee': np.float64(0.24104271408515832), 'borrower': np.float64(0.13464078497658735), 'breach': np.float64(0.05502832342335673), 'bail': np.float64(0.025705353994628928), 'let': np.float64(0.019127599578596142), 'penalty': np.float64(0.018969780011268582), 'probation': np.float64(0.017581578231845866), 'put': np.float64(0.016800049439383367), 'court': np.float64(0.012794644941446493), 'cement': np.float64(0.01204432990697307), 'rental': np.float64(0.010948834627520025), 'debtor': np.float64(0.010313019854761364), 'exit': np.float64(0.009439938422896503), 'bounce': np.float64(0.0091545520422846), 'pledge': np.float64(0.00800547785112146), 'span': np.float64(0.0075773390098444905), 'break': np.float64(0.006594643248087296), 'repay': np.float64(0.006574974092423307), 'boarding': np.float64(0.0045566478572077245), 'embargo': np.float64(0.00403538603804894), 'borrow': np.float64(0.0037558926849790898), 'stake': np.float64(0.0028717937879477406), 'covenant': np.float64(0.0028074713496391798), 'debenture': np.float64(0.0024992373114449667), 'ccb': np.float64(0.0023234121180846557), 'charter': np.float64(0.0016868170556265188), 'rail': np.float64(0.0015637244098696428), 'basket': np.float64(0.001387408661308984), 'leg': np.float64(0.001386013685725011), 'leap': np.float64(0.001110170805863751), 'bution': np.float64(0.0009707071388640495), 'guard': np.float64(0.0007861094713757225), 'waiver': np.float64(0.0005833932167344532), 'shelter': np.float64(0.0005807541958444809), 'refund': np.float64(0.00048506834671371005), 'ble': np.float64(0.00046306921229842275), 'bal': np.float64(0.00016581219942549003), 'bearance': np.float64(0.00016581219942549)}"
76,"{'german': np.float64(0.5336437702426644), 'regional': np.float64(0.46555264348914216), 'bilateral': np.float64(0.39355853220634684), 'russian': np.float64(0.35508132029968964), 'luxembourg': np.float64(0.20052245233801305), 'lombard': np.float64(0.17899684862614285), 'broad': np.float64(0.17886222107397387), 'euro': np.float64(0.17768927609234197), 'eurozone': np.float64(0.17136312239195148), 'dutch': np.float64(0.14182162862262526), 'brrd': np.float64(0.12706903653342583), 'eastern': np.float64(0.06067624366092076), 'benelux': np.float64(0.05623984873175529), 'sea': np.float64(0.04037263736246284), 'polish': np.float64(0.03546191346430781), 'ilst': np.float64(0.029355201916097143), 'turkish': np.float64(0.026588677662268505), 'belarus': np.float64(0.02278439923036562), 'danish': np.float64(0.021891830753096655), 'northern': np.float64(0.020117846710482386), 'belgian': np.float64(0.018981705936552823), 'luxemburg': np.float64(0.018279042265436803), 'bbl': np.float64(0.01653999376405229), 'coastal': np.float64(0.01651374908357534), 'british': np.float64(0.01613532449171317), 'romanian': np.float64(0.015515800787667547), 'ukrainian': np.float64(0.014261121755876061), 'cbils': np.float64(0.012963369506244903), 'swedish': np.float64(0.012959014558505802), 'btl': np.float64(0.012283442020841515), 'nordic': np.float64(0.011483823207443362), 'estonia': np.float64(0.01134011486411316), 'korean': np.float64(0.011093675060429133), 'slaski': np.float64(0.01083034020715199), 'iran': np.float64(0.008869881366999594), 'tidal': np.float64(0.007817434981254095), 'borne': np.float64(0.00737295057331621), 'midland': np.float64(0.007338800479024286), 'belux': np.float64(0.0052225835044105145), 'belarusian': np.float64(0.005159214743606566), 'deutsch': np.float64(0.0047920927504203886), 'barclaycard': np.float64(0.004702063491371338), 'crimea': np.float64(0.004422125727238415), 'humber': np.float64(0.003669400239512143), 'nato': np.float64(0.003633582428305661), 'river': np.float64(0.0035156067973647026), 'baltic': np.float64(0.003224836460056136), 'gulf': np.float64(0.0027946621418306087), 'enskilda': np.float64(0.0021378609747199247), 'skandinaviska': np.float64(0.0021378609747199247), 'latvia': np.float64(0.0018059384090874776), 'lithuania': np.float64(0.0009038012637221004), 'länsi': np.float64(0.00068404060657824), 'skandinavische': np.float64(0.00044694804522101364), 'stibor': np.float64(0.0003401636205557969)}"
77,"{'netting': np.float64(0.9802207309602355), 'ratingband': np.float64(0.13101653810329308), 'mismatch': np.float64(0.08885039062893109), 'pattern': np.float64(0.076600432298001), 'brand': np.float64(0.04742975726457901), 'highlighting': np.float64(0.04228610828584018), 'dispersion': np.float64(0.03523909792750102), 'grid': np.float64(0.02513040835201758), 'segregation': np.float64(0.023759100291627696), 'ranging': np.float64(0.02210824307636014), 'tranche': np.float64(0.020980041360536217), 'sizing': np.float64(0.013574306212556338), 'stripe': np.float64(0.01232215088706138), 'shading': np.float64(0.01224322802043173), 'flag': np.float64(0.01223807252287944), 'contracting': np.float64(0.00793237937485299), 'classifying': np.float64(0.006292145680276967), 'overlapping': np.float64(0.005607588174331615), 'scaling': np.float64(0.004518653543375147), 'imbalance': np.float64(0.0035798600647119518), 'strained': np.float64(0.0027656516462150216), 'grazing': np.float64(0.002693336822687671), 'branding': np.float64(0.0021530613339721992), 'winding': np.float64(0.002038895660642503), 'banding': np.float64(0.0019560895355309918), 'slotting': np.float64(0.0017621325055843166), 'scarring': np.float64(0.000955851406920873), 'dividing': np.float64(0.0009136675175362021), 'bpv': np.float64(0.0003728512759099981), 'breaching': np.float64(0.000124283758636666), 'circs': np.float64(0.000124283758636666), 'dotted': np.float64(7.390438661742091e-05)}"
78,"{'threshold': np.float64(0.6994332127224728), 'rule': np.float64(0.4460524613541773), 'protection': np.float64(0.3868451952788703), 'regulator': np.float64(0.3052559692527714), 'restriction': np.float64(0.1762295009138578), 'protect': np.float64(0.1391723338734238), 'safeguard': np.float64(0.06344710987878804), 'filter': np.float64(0.05829525307418923), 'protecting': np.float64(0.04339656731119241), 'difficult': np.float64(0.039122208781990034), 'encumbrance': np.float64(0.036603521629490675), 'stringent': np.float64(0.0341094992643829), 'strict': np.float64(0.03235428826004429), 'limiting': np.float64(0.030862870173541113), 'countermeasure': np.float64(0.0263030981329708), 'gatekeeper': np.float64(0.023750291133246858), 'pathway': np.float64(0.019621242629137135), 'restrictive': np.float64(0.01597090781888002), 'denominator': np.float64(0.015364328212763772), 'bear': np.float64(0.012641246378273943), 'constrain': np.float64(0.011941533713481478), 'impediment': np.float64(0.01116055981711272), 'burden': np.float64(0.009630581743233722), 'guarding': np.float64(0.00902313803735466), 'interpose': np.float64(0.00902313803735466), 'constrained': np.float64(0.008313097428796804), 'curb': np.float64(0.006833462534277941), 'spike': np.float64(0.006758221455919851), 'barrier': np.float64(0.006535728560720636), 'demarcation': np.float64(0.0063481302346937865), 'protectionist': np.float64(0.004874705108397677), 'restricting': np.float64(0.00485883143640868), 'fenced': np.float64(0.004728618653410813), 'stricter': np.float64(0.004671713108753075), 'circumvent': np.float64(0.004454462650387643), 'protected': np.float64(0.004252322814546101), 'prohibition': np.float64(0.0038053720447379434), 'containment': np.float64(0.0035855484487175727), 'protectionism': np.float64(0.003341505009405441), 'firewall': np.float64(0.0014820094933074195), 'forcing': np.float64(0.0014363861828194033), 'walled': np.float64(0.0013489847510101084), 'restricts': np.float64(0.0008778816075518607)}"
79,"{'hpi': np.float64(0.616878479789461), 'lgd': np.float64(0.5884345813330466), 'mbb': np.float64(0.3538371494825302), 'irrbb': np.float64(0.2637634996963921), 'gbp': np.float64(0.18185077725174745), 'npl': np.float64(0.15422368492187288), 'ibb': np.float64(0.06424317013829198), 'ibbb': np.float64(0.06424317013829198), 'lrr': np.float64(0.06037693674079047), 'pmas': np.float64(0.05222212042157507), 'lgds': np.float64(0.038719613538949295), 'bbplc': np.float64(0.02865110277674557), 'clbils': np.float64(0.027253204527696934), 'brm': np.float64(0.02454905995732597), 'rbc': np.float64(0.02020986867652247), 'cclb': np.float64(0.019713593380022786), 'rls': np.float64(0.019270007791661124), 'pma': np.float64(0.01900540323046136), 'bplc': np.float64(0.017875018793445687), 'lrrs': np.float64(0.014197869620291478), 'gdpb': np.float64(0.013436179811700793), 'dnb': np.float64(0.011483145412936524), 'ukcb': np.float64(0.010756374778873732), 'bbuk': np.float64(0.010612411360667026), 'rpi': np.float64(0.010457979763070937), 'contractsb': np.float64(0.010395239079004607), 'kpi': np.float64(0.010220982159934677), 'llc': np.float64(0.010104934338261234), 'pwc': np.float64(0.007602351831740469), 'cln': np.float64(0.007098934810145739), 'dbtc': np.float64(0.00650058204033575), 'lrmp': np.float64(0.006476182428325301), 'fvpl': np.float64(0.006290681283357963), 'rlss': np.float64(0.006081881465392376), 'mlnfr': np.float64(0.0015378167521283737), 'ipcs': np.float64(2.5276332961938586e-05), 'pln': np.float64(5.616962880430797e-06), 'ttb': np.float64(5.616962880430797e-06), 'ltda': np.float64(2.808792680095879e-06), 'publ': np.float64(1.2459233665173398e-09), 'fvmpl': np.float64(9.346834860359604e-10)}"
80,"{'made': np.float64(0.9152542069817541), 'changed': np.float64(0.21806578568901397), 'incorporated': np.float64(0.19430010479711904), 'became': np.float64(0.13218607842487362), 'took': np.float64(0.1234881019736689), 'bought': np.float64(0.10664230784365937), 'newly': np.float64(0.08343341700546383), 'replaced': np.float64(0.07906558350070221), 'declined': np.float64(0.07625646639888711), 'becomes': np.float64(0.06687503347752403), 'grew': np.float64(0.06487225350049886), 'formed': np.float64(0.04429526558657986), 'widened': np.float64(0.042610289535075285), 'convert': np.float64(0.02806647845623965), 'begun': np.float64(0.011587030758194767), 'learnt': np.float64(0.010090391882365947), 'earned': np.float64(0.009921953227877338), 'worsened': np.float64(0.009330056511419157), 'seized': np.float64(0.009191306267964723), 'reacted': np.float64(0.00869278826983643), 'materialized': np.float64(0.007361200807622943)}"
81,"{'commodity': np.float64(0.724528394963065), 'money': np.float64(0.5577887564546297), 'food': np.float64(0.3445845141860308), 'vanilla': np.float64(0.09554003715565473), 'geb': np.float64(0.09220949023555026), 'hong': np.float64(0.07861620690677808), 'steel': np.float64(0.07530056647987579), 'pound': np.float64(0.061542436010067585), 'turkey': np.float64(0.05480468336398234), 'feeding': np.float64(0.04719274636996261), 'livestock': np.float64(0.029942254117526344), 'tobacco': np.float64(0.028966797119044947), 'steady': np.float64(0.028643016211059857), 'dairy': np.float64(0.02476743379733857), 'reit': np.float64(0.0221823697730934), 'fec': np.float64(0.02121281715729244), 'seed': np.float64(0.01967677129980643), 'cattle': np.float64(0.019586591976187118), 'freight': np.float64(0.017996850235460004), 'bulk': np.float64(0.01753952746080692), 'stuffing': np.float64(0.015333772173169445), 'vega': np.float64(0.012138474007930415), 'feeder': np.float64(0.01144052880660284), 'mees': np.float64(0.011238295502336255), 'tough': np.float64(0.009481857842431617), 'bull': np.float64(0.009074343149362023), 'beef': np.float64(0.008732697029049224), 'panda': np.float64(0.007568026419195924), 'tie': np.float64(0.007406990471727737), 'field': np.float64(0.006304351943966687), 'crop': np.float64(0.006248186480294095), 'big': np.float64(0.005933040635707736), 'meat': np.float64(0.005180841821151444), 'exbo': np.float64(0.0033817749131716925), 'vat': np.float64(0.003287567144728972), 'meas': np.float64(0.0028451211345808356), 'vol': np.float64(0.00183017432933991), 'lump': np.float64(0.0017657115015273033), 'stre': np.float64(0.0008237766556221468), 'paya': np.float64(0.00014794534958589313)}"
82,"{'service': np.float64(0.8325162192250088), 'part': np.float64(0.536226405762977), 'partially': np.float64(0.1309336522534352), 'behalf': np.float64(0.0266735497959516), 'proceeds': np.float64(0.02624385606340127), 'serve': np.float64(0.022398916717178113), 'cooperation': np.float64(0.01628462781440588), 'honor': np.float64(0.005124287124704886), 'subordinate': np.float64(0.0036154138290082323), 'subsidy': np.float64(0.0028824582386267603), 'remainder': np.float64(0.002567822340853826), 'concessionary': np.float64(0.0025585285309430565), 'loaned': np.float64(0.002239590076250062), 'honorary': np.float64(0.0011740852714575546), 'subsidi': np.float64(0.0002725133043982)}"
83,"{'policy': np.float64(0.8186130506585595), 'condition': np.float64(0.3808410980268024), 'environment': np.float64(0.26448000275273503), 'practice': np.float64(0.18560796665575083), 'nature': np.float64(0.17406506071343636), 'behaviour': np.float64(0.13354283902411707), 'relationship': np.float64(0.11322549387475446), 'response': np.float64(0.08310634679992308), 'experience': np.float64(0.05769910255623033), 'behavioural': np.float64(0.0575002714206672), 'dynamic': np.float64(0.05142829361148866), 'behavior': np.float64(0.03266142025026901), 'respond': np.float64(0.029852722769265108), 'discussion': np.float64(0.022871192612064835), 'belief': np.float64(0.022116610511874493), 'problem': np.float64(0.013775049362972334), 'theory': np.float64(0.006185014556092062), 'phenomenon': np.float64(0.005133809347138896), 'stance': np.float64(0.005041513104541883), 'sense': np.float64(0.004760742295090513), 'conversation': np.float64(0.0026313730815909686), 'psychological': np.float64(0.0026313730815909686), 'ments': np.float64(0.001963547110724928), 'talk': np.float64(0.0017480260954969597)}"
84,"{'fvoci': np.float64(0.6664539957174145), 'fine': np.float64(0.507439655095626), 'better': np.float64(0.45591420818212697), 'erm': np.float64(0.2454278141928691), 'safe': np.float64(0.14126661724414738), 'enough': np.float64(0.07749408292314446), 'healthy': np.float64(0.05031850073083447), 'great': np.float64(0.02797764849891399), 'circa': np.float64(0.020039141983523585), 'comfort': np.float64(0.01976881652231776), 'spe': np.float64(0.01184535535957656), 'esate': np.float64(0.005965332964013878), 'lio': np.float64(0.002181464460113609), 'kind': np.float64(0.0014456226784370495), 'posi': np.float64(0.0002843395478385003), 'bene': np.float64(6.2988424728294135e-06)}"
85,"{'particular': np.float64(0.8033962018181813), 'design': np.float64(0.4100835218818315), 'style': np.float64(0.24505859607681543), 'specified': np.float64(0.17986144474148402), 'synthetic': np.float64(0.15883303650682434), 'expertise': np.float64(0.12034787979897076), 'privately': np.float64(0.11779678548217001), 'bespoke': np.float64(0.11473998629042044), 'special': np.float64(0.08909817293262826), 'sized': np.float64(0.07117353952859438), 'predefined': np.float64(0.05464460179155429), 'specialist': np.float64(0.051506144572754424), 'skilled': np.float64(0.04752547734827151), 'sourced': np.float64(0.04122107464329003), 'proprietary': np.float64(0.034431970283391254), 'homebuilding': np.float64(0.03152290773979216), 'tooling': np.float64(0.03046442250560015), 'outsourced': np.float64(0.02157767139756779), 'deliberate': np.float64(0.016973583997276023), 'outsource': np.float64(0.01594582266814703), 'commissioned': np.float64(0.014577544301900064), 'constructed': np.float64(0.012546510350424573), 'differentiated': np.float64(0.0069393622443435134), 'designing': np.float64(0.006238821325252249), 'specification': np.float64(0.005996783190630306), 'composite': np.float64(0.0042068380841496535), 'custome': np.float64(0.001403259808789413), 'custom': np.float64(0.0006718437525358598)}"
86,"{'daily': np.float64(0.5835898698378561), 'regularly': np.float64(0.5803815460927828), 'frequency': np.float64(0.3139706491689847), 'countercyclical': np.float64(0.2563499790674247), 'transitional': np.float64(0.23179833419726414), 'periodic': np.float64(0.15332105002996887), 'weekly': np.float64(0.1329633968939823), 'intra': np.float64(0.13129526428296603), 'continuous': np.float64(0.10358241412111344), 'continuing': np.float64(0.08243442812913215), 'inter': np.float64(0.07803055763671046), 'revolving': np.float64(0.06795688714888494), 'periodically': np.float64(0.06375016733106284), 'fiscal': np.float64(0.05635232324452268), 'continually': np.float64(0.05077039794476907), 'recurring': np.float64(0.042315348130190916), 'renewed': np.float64(0.036810470441928714), 'cyclical': np.float64(0.031067846930074576), 'interval': np.float64(0.030432142313488893), 'routinely': np.float64(0.029119649003080637), 'twice': np.float64(0.02346878164299581), 'iterative': np.float64(0.01923092949068783), 'reoccurrence': np.float64(0.01923092949068783), 'recertification': np.float64(0.01783288077758607), 'continual': np.float64(0.013056980408042346), 'twofold': np.float64(0.008711715633299207), 'biennial': np.float64(0.008134435126848175), 'multiyear': np.float64(0.008072423709414977), 'concurrent': np.float64(0.006994932406577999), 'consecutive': np.float64(0.005452330040229877), 'seasonality': np.float64(0.005452330040229877), 'biannual': np.float64(0.005071473692309746), 'doubling': np.float64(0.004439611456199987), 'procyclicality': np.float64(0.004386102443661392), 'recurrent': np.float64(0.0038109294695005875), 'fortnightly': np.float64(0.0033363203531700135), 'publishes': np.float64(0.002655380631941499), 'double': np.float64(0.0017355393979268338), 'temporal': np.float64(0.0017167698387343378)}"
87,"{'billion': np.float64(0.7774278801390344), 'million': np.float64(0.6139862275550366), 'chief': np.float64(0.066329188155369), 'large': np.float64(0.06278361189912628), 'outstanding': np.float64(0.05561942478236286), 'longer': np.float64(0.046842219882249285), 'significantly': np.float64(0.04215129981290267), 'majority': np.float64(0.03392375053223981), 'leading': np.float64(0.026971237159276594), 'largest': np.float64(0.021349863217606076), 'latest': np.float64(0.016060479422711528), 'broader': np.float64(0.014038332812496043), 'larger': np.float64(0.013224452779729228), 'wider': np.float64(0.010357682922203026), 'much': np.float64(0.007698710155932751), 'smaller': np.float64(0.003827010018963303), 'worst': np.float64(0.003792854704621644), 'headed': np.float64(0.0036585248790601214), 'strongly': np.float64(0.00332982629596513), 'majorly': np.float64(0.0033170422739943234), 'heavily': np.float64(0.0029824234154548087), 'longest': np.float64(0.002536343896644752), 'stronger': np.float64(0.0020943402702798667), 'greatest': np.float64(0.001327923948935511), 'considerable': np.float64(0.0012231156735965215), 'notable': np.float64(0.0008784046856706355), 'deeper': np.float64(0.0008165781554630441), 'maximise': np.float64(0.0008087332781509514), 'serious': np.float64(0.0007999227091487084), 'heavy': np.float64(0.00032041308916216606), 'boom': np.float64(0.00031174354021490483), 'biggest': np.float64(0.0002476229202694884), 'worse': np.float64(4.713198757324645e-05), 'imposing': np.float64(3.475809509649755e-05), 'maxi': np.float64(5.687742377259244e-06)}"
88,"{'committee': np.float64(0.6457803566000975), 'sheet': np.float64(0.5935263824403452), 'book': np.float64(0.41662636546400683), 'law': np.float64(0.17661636101821265), 'write': np.float64(0.11363142454633596), 'present': np.float64(0.09422251880137006), 'building': np.float64(0.03914120051867302), 'call': np.float64(0.03184636897085222), 'letter': np.float64(0.02852624131999613), 'sign': np.float64(0.022585872246912685), 'booking': np.float64(0.009473672866387934), 'nil': np.float64(0.006834755134993817), 'builder': np.float64(0.006494221084093218), 'pipeline': np.float64(0.005610673355094852), 'message': np.float64(0.00479111194673742), 'draft': np.float64(0.004350751389631327), 'calling': np.float64(0.002866440771506858), 'brief': np.float64(0.0011172505295032069), 'bill': np.float64(0.0010174328923825851), 'tee': np.float64(0.0007931855227564626), 'ward': np.float64(0.0002978023194481406)}"
89,"{'portfolio': np.float64(0.9801439629160269), 'growth': np.float64(0.15257698550233834), 'pandemic': np.float64(0.07512682348501437), 'diversification': np.float64(0.06533355759053715), 'resilience': np.float64(0.05695290789732687), 'variety': np.float64(0.03238112022263927), 'complexity': np.float64(0.025220613137101215), 'innovation': np.float64(0.015504936637867435), 'lifecycle': np.float64(0.014899782950984444), 'conservation': np.float64(0.012074064894527354), 'forest': np.float64(0.011094155806503036), 'diverse': np.float64(0.008939501235298377), 'nomenclature': np.float64(0.007973236168002598), 'evolution': np.float64(0.007645283925991298), 'biodiversity': np.float64(0.007578043781979642), 'productivity': np.float64(0.005719700916315613), 'variance': np.float64(0.005575958414859088), 'variability': np.float64(0.005283068197591305), 'ecosystem': np.float64(0.005142408533422104), 'wildlife': np.float64(0.004248795611896207), 'environmentally': np.float64(0.003964520599779045), 'unep': np.float64(0.0037495786185090486), 'pollution': np.float64(0.0033204052395359777), 'multinational': np.float64(0.0030996108596605732), 'diversify': np.float64(0.00285555848845819), 'biometric': np.float64(0.0017900800866171452), 'comprehensiveness': np.float64(0.0016538083179482258), 'diversifies': np.float64(0.0014692841028084856), 'survival': np.float64(0.0013494920035702497), 'renewables': np.float64(0.000980650659450561), 'breadth': np.float64(0.0009397410022889035), 'morbidity': np.float64(0.0003301444874786901), 'environmen': np.float64(0.00016530286478668837)}"
90,"{'trading': np.float64(0.9568651700668543), 'traded': np.float64(0.2767175446030612), 'metal': np.float64(0.05247312176372479), 'build': np.float64(0.04545894449927303), 'dealer': np.float64(0.04095764521327576), 'manufacture': np.float64(0.023585642833958635), 'contractor': np.float64(0.01666784919742357), 'sharp': np.float64(0.013053235476239121), 'coal': np.float64(0.01292779760220658), 'miner': np.float64(0.008208273567094177), 'tightened': np.float64(0.006903301294898482), 'trader': np.float64(0.004281182158188677), 'iron': np.float64(0.003908310410174584), 'workshop': np.float64(0.0024045055903574994), 'lighter': np.float64(0.0020259492313348627), 'tank': np.float64(0.0018217116040477092), 'stamp': np.float64(0.0015759184693187021), 'blacksmith': np.float64(0.0012826765517070782), 'wiron': np.float64(0.00112182903865036), 'blower': np.float64(0.0003640905814184969)}"
91,"{'swiss': np.float64(0.6885257730166253), 'element': np.float64(0.5357241787205), 'clearing': np.float64(0.34398573530077936), 'clear': np.float64(0.20493038314253392), 'homogeneous': np.float64(0.16567067691116663), 'cleared': np.float64(0.14407184438017595), 'franc': np.float64(0.10072595314758746), 'plain': np.float64(0.09623335563061244), 'dans': np.float64(0.05452373950465529), 'transparent': np.float64(0.049137654765616434), 'communauté': np.float64(0.03619204191490765), 'confidential': np.float64(0.03521981476611109), 'homogenous': np.float64(0.034047282875963536), 'chinese': np.float64(0.023996826610321615), 'blanc': np.float64(0.017501065212253687), 'colour': np.float64(0.017195543949362176), 'simply': np.float64(0.015219913521556393), 'blue': np.float64(0.013518647472039819), 'grey': np.float64(0.013247605324641932), 'clearer': np.float64(0.006912299233776171), 'svart': np.float64(0.0060312723047320355), 'fulfils': np.float64(0.0042905608059354795), 'clay': np.float64(0.004006627100178158), 'void': np.float64(0.003889125602723057), 'traditionel': np.float64(0.00091449652824627), 'pinpoint': np.float64(7.900467350953741e-05)}"
92,"{'cash': np.float64(0.9711356695493985), 'stakeholder': np.float64(0.1516133833561751), 'forum': np.float64(0.11300798726437464), 'mining': np.float64(0.08649661797728532), 'chain': np.float64(0.07994878386911972), 'kingdom': np.float64(0.05523096284361987), 'digital': np.float64(0.04531791189369846), 'project': np.float64(0.04060369442293896), 'stream': np.float64(0.017421654154749854), 'blockchain': np.float64(0.007544603820217171), 'stem': np.float64(0.005773492221381716), 'botnets': np.float64(0.005138411734388338), 'cryptocurrency': np.float64(0.005138411734388338), 'tenet': np.float64(0.004242194515096663), 'cryptography': np.float64(0.0037336442614372967), 'lockdown': np.float64(0.003564969343006446), 'quantum': np.float64(0.0033119947604608436), 'symbol': np.float64(0.002828400355497932), 'crypto': np.float64(0.0009048654048212006), 'cryptocurrencies': np.float64(0.0008289871730183151), 'decentralised': np.float64(0.0002957175755300911)}"
93,"{'monitor': np.float64(0.9669069746167286), 'rest': np.float64(0.2153142472995166), 'scorecard': np.float64(0.07170177221395141), 'record': np.float64(0.061681967515068645), 'heatmaps': np.float64(0.0530971250896908), 'track': np.float64(0.04583991203941024), 'spot': np.float64(0.036303087081562796), 'bluetrack': np.float64(0.03177762578025193), 'ltra': np.float64(0.026717585233656506), 'tlof': np.float64(0.019973729021465863), 'signal': np.float64(0.0195268446157867), 'vtl': np.float64(0.01696568662794629), 'hotspot': np.float64(0.014470580398921372), 'itraxx': np.float64(0.011926894583900472), 'tdi': np.float64(0.009197480668905682), 'mtm': np.float64(0.008906880071482368), 'logging': np.float64(0.008577125025463102), 'nfrtt': np.float64(0.006043084005626806), 'mobile': np.float64(0.005572392128918755), 'nvb': np.float64(0.004822394595759097), 'heatmapping': np.float64(0.0043822323164693896), 'bluetracktm': np.float64(0.004081977239879006), 'ctg': np.float64(0.0034993538894005556), 'spotlight': np.float64(0.003184290930941725), 'cickpuv': np.float64(0.002385316913546855), 'tac': np.float64(0.002040133129467329), 'ket': np.float64(0.0015411555092002657), 'tscr': np.float64(0.0013319493086060882), 'receiver': np.float64(0.0011494076249119716), 'dta': np.float64(0.0010398213429120722)}"
94,"{'sanction': np.float64(0.9693818136599156), 'moratorium': np.float64(0.1544445235787429), 'recession': np.float64(0.14155694563225593), 'slowing': np.float64(0.08245453544588818), 'exploitation': np.float64(0.05541587910273406), 'combatting': np.float64(0.038635102387878525), 'circumvention': np.float64(0.0345489528480626), 'discrimination': np.float64(0.03354885394117701), 'discounting': np.float64(0.028244844873676327), 'divestment': np.float64(0.028175619202430748), 'protest': np.float64(0.016848312643448975), 'buying': np.float64(0.015714575193938488), 'disrupting': np.float64(0.01251559520007125), 'shutdown': np.float64(0.010516027188840031), 'mandating': np.float64(0.01025010139587276), 'delaying': np.float64(0.009693316791611839), 'repudiation': np.float64(0.007817271718235663), 'boycotting': np.float64(0.0064236983488794525), 'stubbornly': np.float64(0.005206379249970365), 'trolling': np.float64(0.002070231087307005), 'strike': np.float64(0.001858650458424879)}"
95,"{'dkk': np.float64(0.998408933041331), 'sek': np.float64(0.04882201973589012), 'csrbb': np.float64(0.020217386450748283), 'still': np.float64(0.01388248618239813), 'next': np.float64(0.013700490993680974), 'running': np.float64(0.0026091100802934433), 'resting': np.float64(0.0001350582738055188), 'srb': np.float64(0.00010821454895224322), 'rfrs': np.float64(3.409228673442621e-05), 'briefly': np.float64(3.3276829379599515e-05), 'rfr': np.float64(3.3276829379599515e-05), 'ivu': np.float64(2.8033313487722835e-05), 'rrrcs': np.float64(2.6243783742298022e-05), 'pending': np.float64(1.6952829197390614e-05), 'ygtg': np.float64(1.1342760251232877e-05), 'tdr': np.float64(1.0497513496919205e-05), 'noting': np.float64(1.024534529979036e-05), 'yjkej': np.float64(9.121109484488339e-06), 'srr': np.float64(8.334608954790382e-06), 'yjgtg': np.float64(7.5618401674885846e-06), 'gnkikdng': np.float64(5.340189400744045e-06), 'pqp': np.float64(5.340189400744045e-06), 'rqukvkxg': np.float64(5.340189400744045e-06), 'reg': np.float64(3.865883881064253e-06), 'exiting': np.float64(3.7834704267713967e-06), 'watching': np.float64(2.6858871820790005e-06), 'brb': np.float64(7.882050228418722e-23)}"
96,"{'disruption': np.float64(0.9000045912840289), 'criminal': np.float64(0.31942466327915614), 'misused': np.float64(0.1423004799664309), 'enforced': np.float64(0.140473272248066), 'misconduct': np.float64(0.11680096039039022), 'deteriorated': np.float64(0.11292856184032041), 'strengthened': np.float64(0.08770388378881733), 'uncleared': np.float64(0.05279746454042801), 'breached': np.float64(0.04509837672671911), 'harmed': np.float64(0.03948887889467203), 'distressed': np.float64(0.03906026420178619), 'delinquent': np.float64(0.03421008823363406), 'malfeasance': np.float64(0.033937928295715354), 'weakened': np.float64(0.032072334343887524), 'stolen': np.float64(0.028386977696758693), 'infringement': np.float64(0.022333650283093316), 'overstepping': np.float64(0.0171712893745721), 'unhedged': np.float64(0.0171712893745721), 'destroyed': np.float64(0.01687045468669843), 'intrusion': np.float64(0.014324283499716277), 'foreclosed': np.float64(0.013339455572784743), 'overrun': np.float64(0.005100357616245352), 'resumed': np.float64(0.005100357616245352), 'jeopardise': np.float64(0.004086868603737221), 'jeopardised': np.float64(0.0012982581332940278), 'repledged': np.float64(0.0006525513524963546)}"
97,"{'carrying': np.float64(0.9706371432748868), 'emission': np.float64(0.1600108468240823), 'pressure': np.float64(0.13657135177596288), 'oath': np.float64(0.08324892980920942), 'consumption': np.float64(0.044624404225656236), 'driving': np.float64(0.04198704817836063), 'functioning': np.float64(0.03099003948352985), 'risking': np.float64(0.02539739106960791), 'posture': np.float64(0.018121778639352836), 'widening': np.float64(0.015116132470799123), 'heart': np.float64(0.013359963690412008), 'fighting': np.float64(0.01295162100054346), 'giving': np.float64(0.012464843711036698), 'stressing': np.float64(0.011388385875848141), 'contraction': np.float64(0.0060471585159079366), 'lifting': np.float64(0.004471047872157607), 'circulation': np.float64(0.004211716668146174), 'flowing': np.float64(0.004211716668146174), 'breathing': np.float64(0.0032147569004190597), 'inflating': np.float64(0.0030148040177361067), 'cooling': np.float64(0.00270431465927812), 'seeing': np.float64(0.0023009283835292212), 'letting': np.float64(0.0021765952681118595), 'renting': np.float64(0.0010188688406850201), 'nition': np.float64(0.0004972939054388699)}"
98,"{'covid': np.float64(0.9170867183363837), 'netherlands': np.float64(0.37586435255414563), 'labour': np.float64(0.06406675686213378), 'retirement': np.float64(0.06390534524192526), 'downturn': np.float64(0.052861737068400305), 'export': np.float64(0.050921072267094754), 'oecd': np.float64(0.03454880070817512), 'sterling': np.float64(0.028077528838296794), 'excl': np.float64(0.02590920462716882), 'gdpr': np.float64(0.02434183845684079), 'digitalisation': np.float64(0.020844426398626374), 'brexit': np.float64(0.01474552977204784), 'clearance': np.float64(0.011312375132197038), 'europol': np.float64(0.007214314256303461), 'immigration': np.float64(0.002820196150136271), 'deglobalisation': np.float64(0.0026764983815334704), 'exporting': np.float64(0.0022299646414414742), 'ecj': np.float64(0.0015596626405793282), 'election': np.float64(0.0009530730283773053), 'eurostoxx': np.float64(0.0006484569103931395), 'withdrawls': np.float64(0.0006104356698965418), 'depression': np.float64(0.0003587023075094732), 'tory': np.float64(0.0003308372067559153)}"
99,"{'plan': np.float64(0.9355183222794614), 'planning': np.float64(0.2935760365887106), 'guideline': np.float64(0.16413498705193363), 'outline': np.float64(0.06839087425929835), 'presentation': np.float64(0.0620015680462237), 'preparation': np.float64(0.04352925785961187), 'dashboard': np.float64(0.02181414196247055), 'timeline': np.float64(0.015980482284331028), 'preparing': np.float64(0.009885413496815256), 'consultation': np.float64(0.008731022922152791), 'referral': np.float64(0.008128292010355283), 'interview': np.float64(0.007973724953619447), 'concise': np.float64(0.007575387215901365), 'briefing': np.float64(0.00757538721590135), 'taskforce': np.float64(0.006613811819172767), 'bureau': np.float64(0.005680821042265089), 'prioritizing': np.float64(0.004723549530513066), 'filing': np.float64(0.0024162951140534864), 'recap': np.float64(0.0017747262459883596), 'prioritising': np.float64(0.0014407914625126927), 'introductory': np.float64(0.0012218214515344402), 'staffing': np.float64(0.0012218214515344402)}"
100,"{'could': np.float64(0.973175005526705), 'given': np.float64(0.20190025376995502), 'deliver': np.float64(0.06825295969505488), 'transport': np.float64(0.0504269112809021), 'incorporates': np.float64(0.040801064683838026), 'receives': np.float64(0.0382146566455607), 'travel': np.float64(0.03500230863555725), 'introduces': np.float64(0.01692272567149722), 'contributes': np.float64(0.011522925257395036), 'procures': np.float64(0.010710899364472054), 'creates': np.float64(0.005323975924479916), 'translates': np.float64(0.004271674789438508), 'lever': np.float64(0.0037072256926987115), 'transforms': np.float64(0.0037072256926987115), 'expands': np.float64(0.0018238437380328194), 'brings': np.float64(0.0014713697342465693), 'delivers': np.float64(0.0009446931454477424), 'conveys': np.float64(0.0006718560682117093), 'broadens': np.float64(0.0005177995962299402), 'sends': np.float64(0.00021380573976659948)}"
101,"{'spread': np.float64(0.8135863199058906), 'public': np.float64(0.5592758641791671), 'generated': np.float64(0.12656584603617393), 'publication': np.float64(0.05188657398567381), 'express': np.float64(0.045593891209148626), 'transmission': np.float64(0.04074420445386777), 'sent': np.float64(0.02674727966046247), 'campaign': np.float64(0.023431642546945224), 'wave': np.float64(0.021890629546161614), 'syndicated': np.float64(0.021173097923432978), 'syndication': np.float64(0.018042817262956902), 'publish': np.float64(0.012007990939364825), 'launch': np.float64(0.010918207933132773), 'broadcast': np.float64(0.005664161195606199), 'expo': np.float64(0.004980068940429942)}"
102,"{'tier': np.float64(0.953045088651569), 'second': np.float64(0.23060757739642362), 'relation': np.float64(0.17624526204991414), 'frank': np.float64(0.08188832803723364), 'colleague': np.float64(0.019342366315527427), 'competitor': np.float64(0.014071518687311905), 'cop': np.float64(0.007368242920048028), 'secondly': np.float64(0.006026164249467955), 'row': np.float64(0.005835235044025563), 'parental': np.float64(0.0052572156363363005), 'dva': np.float64(0.003960896035590865), 'morm': np.float64(0.0032764275584938993), 'familiar': np.float64(0.00132217851193953), 'sar': np.float64(0.0012333640550333375), 'riot': np.float64(0.0011994568578071513), 'brother': np.float64(0.0011567340357468065), 'compa': np.float64(0.00039335582793196373), 'ser': np.float64(0.00020562701223772917), 'lar': np.float64(0.00013424689469932814), 'men': np.float64(9.085356603145581e-06)}"
103,"{'cover': np.float64(0.9816309355730536), 'covering': np.float64(0.17653923295388949), 'yen': np.float64(0.04018190480842925), 'desk': np.float64(0.03944454697629241), 'catalogue': np.float64(0.028535826355211666), 'thun': np.float64(0.021336012305437267), 'hand': np.float64(0.019919277392060782), 'square': np.float64(0.01237538403057524), 'buk': np.float64(0.008405507443842719), 'und': np.float64(0.006886365577993919), 'kum': np.float64(0.006875709160212718), 'busi': np.float64(0.006345198226317432), 'rub': np.float64(0.005908169865091576), 'playbook': np.float64(0.0013064388300801303), 'nent': np.float64(0.0010526497240970964), 'pent': np.float64(0.000860237339497208), 'koti': np.float64(0.000792707661578395), 'dur': np.float64(4.821487353082281e-06)}"
104,"{'sale': np.float64(0.7789242215467191), 'repurchase': np.float64(0.4959785895772035), 'buy': np.float64(0.2437908455622726), 'capture': np.float64(0.20420813396080623), 'seek': np.float64(0.15397829709177938), 'create': np.float64(0.11786424391571222), 'purchase': np.float64(0.05916727201252096), 'vendor': np.float64(0.041959435798576576), 'sell': np.float64(0.03652841691299629), 'selling': np.float64(0.02884280484879521), 'push': np.float64(0.02729937180913318), 'shopping': np.float64(0.012544849748314086), 'owns': np.float64(0.010448687922442338), 'want': np.float64(0.008890692115976618), 'construct': np.float64(0.00484616782396122), 'pick': np.float64(0.0018782921549924461), 'shop': np.float64(0.0007789187266466502)}"
105,"{'term': np.float64(0.9964857949397614), 'council': np.float64(0.0603934442797699), 'statutory': np.float64(0.05045038075669475), 'clause': np.float64(0.02467922017406722), 'municipal': np.float64(0.008447901661849349), 'customary': np.float64(0.006026244382682285), 'statute': np.float64(0.006014828650079802), 'statutorily': np.float64(0.004877759096006126), 'municipality': np.float64(0.0039941387950947595), 'ordinance': np.float64(0.0036923174333663013), 'lawsuit': np.float64(0.002871213216690398), 'bylaw': np.float64(0.0023139177037416747), 'stipulate': np.float64(0.0014902958360890528), 'procedural': np.float64(0.0011527220692734619)}"
106,"{'curve': np.float64(0.9443976742593085), 'cable': np.float64(0.25850006149244864), 'lens': np.float64(0.1348261272376604), 'netted': np.float64(0.10372232340993949), 'conduit': np.float64(0.07484356280021937), 'charging': np.float64(0.06274869575213772), 'vessel': np.float64(0.030089552235146092), 'cir': np.float64(0.02142438016224272), 'cru': np.float64(0.021166202146088876), 'electric': np.float64(0.02107780502799102), 'yacht': np.float64(0.01500920864118207), 'cbc': np.float64(0.01431525310897668), 'captive': np.float64(0.008732416393926527), 'cdd': np.float64(0.007220108775203949), 'gauge': np.float64(0.0002581780161538452), 'tract': np.float64(0.0002581780161538452), 'direc': np.float64(-3.495481718170501e-18)}"
107,"{'weighting': np.float64(0.8198228767707455), 'remeasurement': np.float64(0.4704522389367601), 'scoring': np.float64(0.21555703073072335), 'calculationb': np.float64(0.15023214195696943), 'factored': np.float64(0.11426580990976762), 'recalculated': np.float64(0.07043304938758191), 'ratioa': np.float64(0.0702043514136208), 'multiplication': np.float64(0.06431707967025074), 'repaymentsb': np.float64(0.06038091228389285), 'mathematical': np.float64(0.057901756739258126), 'calculatione': np.float64(0.04025394152259523), 'factoring': np.float64(0.038575023054454115), 'computing': np.float64(0.014970934364829777), 'mathematics': np.float64(0.007760552349749604), 'cally': np.float64(0.006426125328918923), 'excel': np.float64(0.00390561447944185)}"
108,"{'corporate': np.float64(0.9003416687653358), 'central': np.float64(0.4266959133542399), 'cva': np.float64(0.06044462205865596), 'collateralized': np.float64(0.03503309854146525), 'chf': np.float64(0.024317294375579376), 'collateralization': np.float64(0.022919390579836323), 'creditor': np.float64(0.016848772433763943), 'capitalization': np.float64(0.015522835742467801), 'collateralised': np.float64(0.013614527025871136), 'csas': np.float64(0.0132687931713866), 'pci': np.float64(0.010351570399889697), 'collateralisation': np.float64(0.010074182888830044), 'inc': np.float64(0.008568773091496567), 'cpf': np.float64(0.007506046469890895), 'cjeu': np.float64(0.0047481887722852795), 'recapitalization': np.float64(0.004694801548212012), 'corp': np.float64(0.0028489132633711693), 'csddd': np.float64(0.002845445210889613), 'recapitalize': np.float64(0.00265375863427732), 'recapitalized': np.float64(0.00265375863427732), 'collateralise': np.float64(0.0022162121288865633), 'caput': np.float64(0.0022048460059034005), 'icc': np.float64(0.0016947141163129286), 'dac': np.float64(0.0015853086949519138), 'recapitalisation': np.float64(0.0013188503810744917), 'cvkqp': np.float64(0.0007684852338796823), 'const': np.float64(0.0005847658749760221), 'capitalc': np.float64(0.0005565850074898524), 'cess': np.float64(0.0005373885235394196)}"
109,"{'cro': np.float64(0.9786368519062059), 'carlo': np.float64(0.10954435055272482), 'monte': np.float64(0.1095443505527248), 'ciso': np.float64(0.08838525959396602), 'italian': np.float64(0.08126169387702044), 'terra': np.float64(0.03885877082133763), 'costa': np.float64(0.026224649517750918), 'cius': np.float64(0.02523786391650762), 'mar': np.float64(0.023031424965631455), 'nostro': np.float64(0.016092735683362544), 'joc': np.float64(0.010894265014209436), 'oggv': np.float64(0.010403800323375078), 'collva': np.float64(0.001866962750984516), 'nario': np.float64(0.00019196839216992925), 'named': np.float64(7.201266904692638e-05), 'vali': np.float64(7.201266904692638e-05), 'johan': np.float64(4.0043244011560867e-07), 'karjalan': np.float64(5.239525255728942e-18)}"
110,"{'step': np.float64(0.7789267899012492), 'continuously': np.float64(0.4509043334841235), 'escalation': np.float64(0.3087810434093882), 'cascaded': np.float64(0.1895750251446196), 'series': np.float64(0.11023891184379908), 'gradual': np.float64(0.10480680746596147), 'gradually': np.float64(0.09287078620748043), 'categorized': np.float64(0.09204128446259985), 'flooding': np.float64(0.08553855185493003), 'phased': np.float64(0.06318417867436218), 'scaled': np.float64(0.061634996030629094), 'workflow': np.float64(0.034724436919921386), 'layered': np.float64(0.02290519427931637), 'spillover': np.float64(0.01902525819960377), 'hierarchical': np.float64(0.01838215511392677), 'fluctuated': np.float64(0.01623425554136686), 'subdivided': np.float64(0.01623425554136686), 'segmented': np.float64(0.01381510166014492), 'duplicated': np.float64(0.009149636924243691), 'diverging': np.float64(0.0059354571177459665), 'scalability': np.float64(0.005417888614060759), 'switching': np.float64(0.003707246203845712), 'divergent': np.float64(0.003170922738944563), 'steepening': np.float64(0.002807329419695517), 'stepped': np.float64(0.0016327616894469476), 'inflowing': np.float64(0.0011791508586987743)}"
111,"{'set': np.float64(0.8571536161634343), 'case': np.float64(0.45597189607859046), 'classified': np.float64(0.17008822391768194), 'situation': np.float64(0.14205486547053303), 'litigation': np.float64(0.08622361632587937), 'picture': np.float64(0.022865842581624392), 'prosecution': np.float64(0.010420450485697966), 'scr': np.float64(0.010230160798720724), 'packaging': np.float64(0.0066612730371738834), 'pursuit': np.float64(0.005927573375909229), 'filer': np.float64(0.0027600876101243677), 'dence': np.float64(0.0022692011431463895), 'onsite': np.float64(0.0017668198197165513), 'occ': np.float64(0.001300352182841078), 'cumstances': np.float64(0.0001228971648924568), 'ues': np.float64(0.0001228971648924568)}"
112,"{'funding': np.float64(0.9692956904134001), 'repayment': np.float64(0.15927602588081938), 'revenue': np.float64(0.11856129933210828), 'outflow': np.float64(0.10637555133403095), 'inventory': np.float64(0.07202404666696298), 'receivables': np.float64(0.06053168834821297), 'inflow': np.float64(0.017283047725186285), 'npv': np.float64(0.012972053191707753), 'investing': np.float64(0.011548250332103495), 'spending': np.float64(0.010992797724250368), 'receivable': np.float64(0.008124224245019348), 'turnover': np.float64(0.007404657635325682), 'workstreams': np.float64(0.003918743874380026), 'repaymentsc': np.float64(0.0023731481803580335), 'lifecycles': np.float64(0.001882152550638586), 'liabilitiesa': np.float64(0.0014973952579824892), 'payvision': np.float64(0.0009476043762686765), 'portfoliooutstandings': np.float64(0.0008837601646048303), 'outturn': np.float64(0.0008405616302984108), 'payroll': np.float64(0.0007239012173881525), 'disbursement': np.float64(0.000716012336712432), 'cashflows': np.float64(0.0006171937493387675), 'cesses': np.float64(0.0005780192868753657)}"
113,"{'rating': np.float64(0.8752112261587439), 'category': np.float64(0.3847997959781684), 'class': np.float64(0.1772606297678766), 'region': np.float64(0.16493960018579554), 'sub': np.float64(0.11281014419348197), 'department': np.float64(0.0716599125326336), 'description': np.float64(0.07053860720151586), 'taxonomy': np.float64(0.06363006501741596), 'grading': np.float64(0.01615545339887952), 'paragraph': np.float64(0.00955061012228678), 'database': np.float64(0.007643270550060369), 'subcategories': np.float64(0.00341169394755299)}"
114,"{'considering': np.float64(0.8338530240774178), 'vulnerable': np.float64(0.39714648674214365), 'conservative': np.float64(0.20437902579885556), 'conservatively': np.float64(0.1598321922346327), 'uncertain': np.float64(0.1441437140327841), 'susceptible': np.float64(0.13679920347363897), 'discretionary': np.float64(0.11350743343161121), 'exploratory': np.float64(0.09658888732631161), 'riskier': np.float64(0.07677120703281463), 'kept': np.float64(0.05294618193183586), 'consciously': np.float64(0.04403423206757691), 'deliberately': np.float64(0.03291488868273769), 'diligent': np.float64(0.03281520487006069), 'vigilantly': np.float64(0.03164257950897216), 'wilful': np.float64(0.02970938996670098), 'modest': np.float64(0.029549138413601062), 'rigorous': np.float64(0.02538661412814563), 'covert': np.float64(0.021378964780104155), 'defensive': np.float64(0.02093422481582761), 'manipulative': np.float64(0.014746324608089445), 'discriminating': np.float64(0.013048539593507345), 'prudently': np.float64(0.013048539593507345), 'safer': np.float64(0.011328731936476613), 'deceitfully': np.float64(0.009126295209116743), 'lean': np.float64(0.007161211305358098), 'risky': np.float64(0.004268389692368519), 'cautious': np.float64(0.0030979292044737666)}"
115,"{'key': np.float64(0.8040057040173181), 'country': np.float64(0.5897851662585826), 'kyc': np.float64(0.05182517483067881), 'cdx': np.float64(0.03700610700478151), 'singapore': np.float64(0.023481012050041453), 'island': np.float64(0.021376389553821405), 'cayman': np.float64(0.021376389553821325), 'ccyb': np.float64(0.00920807855406205), 'cyclone': np.float64(0.005285974877478415), 'hurricane': np.float64(0.005224523864055218), 'ccys': np.float64(0.004173880180923556), 'kensington': np.float64(0.0032267877769471486), 'cyprus': np.float64(0.002999443325649461), 'cto': np.float64(0.002626960139258313), 'jcu': np.float64(0.002447004189313777), 'sarbanes': np.float64(0.0021681500284284404), 'lehman': np.float64(0.0020313816672063506), 'cisos': np.float64(0.002006458647803822), 'qatar': np.float64(0.0014929513874873575), 'ecas': np.float64(0.0011338334011729327), 'czech': np.float64(0.0010886340534774536), 'cgu': np.float64(0.0005366642786154814), 'copenhagen': np.float64(0.0003758554614830339)}"
116,"{'sfts': np.float64(0.7672037087632329), 'cdss': np.float64(0.3623302230331631), 'ccfs': np.float64(0.32179885826263477), 'tcfd': np.float64(0.2658269378096411), 'vtcfkpi': np.float64(0.1971766437706033), 'nfrc': np.float64(0.13060091568016213), 'rtcs': np.float64(0.12210666814126682), 'csa': np.float64(0.10382033009921075), 'vjcv': np.float64(0.08842249095293174), 'tfsme': np.float64(0.06650787642677942), 'cft': np.float64(0.050557837959217644), 'cflwuvgf': np.float64(0.04421124547646587), 'cugf': np.float64(0.03943532875412065), 'uvcpfcnqpg': np.float64(0.03943532875412065), 'tnfd': np.float64(0.03148491335728015), 'nfsr': np.float64(0.028619368852300667), 'rsf': np.float64(0.028619368852300667), 'fmrc': np.float64(0.02279331868477115), 'changesf': np.float64(0.02032704650782011), 'ctf': np.float64(0.018089661035797903), 'fcmp': np.float64(0.016123026859623864), 'lcs': np.float64(0.010250270810157992), 'sftl': np.float64(0.010250270810157992), 'ifrss': np.float64(0.007109629145970403), 'fvhft': np.float64(4.3123107828813617e-13)}"
117,"{'ecl': np.float64(0.9424558662461204), 'cet': np.float64(0.33097098387509366), 'document': np.float64(0.03813342213574436), 'column': np.float64(0.016659867867746918), 'securitisations': np.float64(0.01539865838198158), 'dws': np.float64(0.012117222148138417), 'sec': np.float64(0.009833988729789144), 'lods': np.float64(0.00283598809512862), 'cedulas': np.float64(0.0025250641956349185), 'decimal': np.float64(0.0018021167278974065), 'numis': np.float64(0.0013316246222808091), 'entitles': np.float64(0.001264190814258703), 'culties': np.float64(0.0012565551455667736), 'ludes': np.float64(0.0004105808285727843), 'cheque': np.float64(2.303507949493024e-05)}"
118,"{'limit': np.float64(0.9651156403386528), 'covered': np.float64(0.23063663268478657), 'tenor': np.float64(0.07836154006383804), 'floor': np.float64(0.0515257130659443), 'nace': np.float64(0.05050106790034216), 'projection': np.float64(0.03592617847910647), 'ceo': np.float64(0.02382698110555709), 'standing': np.float64(0.020267805211970823), 'unfloored': np.float64(0.018943041722358705), 'stand': np.float64(0.015330382994416393), 'imposition': np.float64(0.015244266014947494), 'panel': np.float64(0.014083018157664658), 'faced': np.float64(0.013921401559276715), 'flat': np.float64(0.013319553816568474), 'concrete': np.float64(0.01244741305172676), 'surface': np.float64(0.008352975370537991), 'ceiling': np.float64(0.0058705790453877724), 'floored': np.float64(0.005226658549754499), 'mezzanine': np.float64(0.004687894681795408), 'conﬁ': np.float64(0.004041809017653804), 'cushion': np.float64(0.0036829610150770718), 'room': np.float64(0.0022016218358035205), 'flooring': np.float64(0.0021323542544105034)}"
119,"{'iii': np.float64(0.9809447793560322), 'tgxgpwgu': np.float64(0.08077393122279301), 'vjg': np.float64(0.07141805558002519), 'qdlgevkxgu': np.float64(0.05634703005175966), 'ecrkvcn': np.float64(0.05122457277432697), 'etgfkv': np.float64(0.04097965821946156), 'gzrquwtgu': np.float64(0.04097965821946156), 'dcemvguvkpi': np.float64(0.04038696561139645), 'tgfkv': np.float64(0.03585720094202887), 'crrgvkvg': np.float64(0.035857200942028856), 'uvtguu': np.float64(0.03073474366459618), 'fghcwnv': np.float64(0.02561228638716348), 'kpkvkcn': np.float64(0.02561228638716348), 'uwhƃekgpv': np.float64(0.02561228638716348), 'tgiwncvqt': np.float64(0.02531594008313095), 'gxgpv': np.float64(0.02048982910973078), 'rcuv': np.float64(0.02048982910973078), 'tgeqipkvkqp': np.float64(0.02048982910973078), 'ugxgtg': np.float64(0.02048982910973078), 'eqpƃfgpeg': np.float64(0.020193482805698253), 'kpvtcfc': np.float64(0.020193482805698253), 'vckn': np.float64(0.020193482805698253), 'cemvguvkpi': np.float64(0.020193482805698208), 'vcoe': np.float64(0.0166282970384652), 'dcugf': np.float64(0.015367371832298108), 'gctpkpiu': np.float64(0.01536737183229809), 'htcogyqtm': np.float64(0.01536737183229809), 'hwpfkpi': np.float64(0.01536737183229809), 'kpetgcug': np.float64(0.01536737183229809), 'ogcuwtgu': np.float64(0.01536737183229809), 'qtkikpcvgf': np.float64(0.01536737183229809), 'ukipkƃecpv': np.float64(0.01536737183229809), 'vcig': np.float64(0.01536737183229809), 'ykfg': np.float64(0.01536737183229809), 'ykvj': np.float64(0.01536737183229809), 'tgugtxgu': np.float64(0.01521919868028182), 'encuukƃgf': np.float64(0.01024491455486539), 'kswkfkv': np.float64(0.01024491455486539), 'ngxgtcig': np.float64(0.01024491455486539), 'ocpcigogpv': np.float64(0.01024491455486539), 'octmgv': np.float64(0.01024491455486539), 'rtkpekrngu': np.float64(0.01024491455486539), 'swcpvkvcvkxg': np.float64(0.01024491455486539), 'tcvkq': np.float64(0.01024491455486539), 'tgswktgogpvu': np.float64(0.01024491455486539), 'tgurqpukdknkvkgu': np.float64(0.01024491455486539), 'tgƃgev': np.float64(0.01024491455486539), 'dggp': np.float64(0.01024491455486538), 'cevwcn': np.float64(0.010096741402849182), 'eqookuukqpu': np.float64(0.010096741402849127), 'evwcn': np.float64(0.010096741402849127), 'fgxgnqrogpv': np.float64(0.010096741402849127), 'fkuvtkdwvkqp': np.float64(0.010096741402849127), 'gzenwfgu': np.float64(0.010096741402849127), 'hggu': np.float64(0.010096741402849127), 'jgfigu': np.float64(0.010096741402849127), 'penwfgu': np.float64(0.010096741402849127), 'pgicvkxg': np.float64(0.010096741402849127), 'rqukvkqpu': np.float64(0.010096741402849127), 'uwdlgev': np.float64(0.010096741402849127), 'vjgkt': np.float64(0.010096741402849127), 'xcnwcvkqp': np.float64(0.010096741402849127), 'zenwfgu': np.float64(0.010096741402849127), 'xvas': np.float64(0.0015111540938434018), 'spvs': np.float64(0.0009448257860291063), 'fvdpl': np.float64(0.0007555406062600856)}"
120,"{'federal': np.float64(0.8149361507662478), 'systemic': np.float64(0.48902630763764565), 'centrally': np.float64(0.19800293936509306), 'institutional': np.float64(0.138932816697897), 'concentrated': np.float64(0.13101537145088696), 'organisational': np.float64(0.11258653490083309), 'supranational': np.float64(0.06647554450792083), 'dominated': np.float64(0.04108909476812714), 'divisionally': np.float64(0.029272419887541083), 'localised': np.float64(0.024182605505451458), 'multilateral': np.float64(0.014271593350378014), 'regionally': np.float64(0.012099530388868626), 'centralised': np.float64(0.011790936937176366), 'peripheral': np.float64(0.011007613646901131), 'regionalization': np.float64(0.00991029698389126), 'centric': np.float64(0.008818380241923768), 'centralises': np.float64(0.005294912088337698), 'centricity': np.float64(0.003502571927743511), 'centralising': np.float64(0.0029251112443285324)}"
121,"{'corporation': np.float64(0.9445949963207887), 'establishment': np.float64(0.20065523281072728), 'formally': np.float64(0.19633833888809102), 'ceremony': np.float64(0.15796450339869425), 'circle': np.float64(0.0497130205984454), 'organisa': np.float64(0.03879250446992059)}"
122,"{'executive': np.float64(0.7700137521669665), 'supervisory': np.float64(0.5712533310513427), 'steering': np.float64(0.1749184365778436), 'chaired': np.float64(0.13221913452166667), 'overseeing': np.float64(0.11906627564728778), 'president': np.float64(0.10136869006074013), 'directorship': np.float64(0.06962817117419738), 'characterized': np.float64(0.035232658240255066), 'chairperson': np.float64(0.03023157642757342), 'chairman': np.float64(0.025704521184894715), 'ruled': np.float64(0.019240149840551585), 'steered': np.float64(0.01249484596649674), 'empowered': np.float64(0.004954423085327636), 'mittee': np.float64(0.001661633759949538)}"
123,"{'stress': np.float64(0.9150053534782637), 'strategy': np.float64(0.39031771797847475), 'challenge': np.float64(0.09687368973266319), 'complex': np.float64(0.02372908651166981), 'challenger': np.float64(0.017566168430924706), 'question': np.float64(0.008512580869763132), 'fight': np.float64(0.00490399214756508), 'mission': np.float64(0.004856131954690595), 'reaction': np.float64(0.004490612558944773), 'chance': np.float64(0.0027571918441252935), 'confronted': np.float64(0.0023408847894865518), 'struggle': np.float64(0.002117467968857287), 'threaten': np.float64(0.001401806563789792), 'starter': np.float64(0.0008679584697819237), 'controversy': np.float64(0.0007650354746437707), 'chang': np.float64(2.351810583628817e-05)}"
124,"{'esg': np.float64(0.9752289486411941), 'setting': np.float64(0.21601978495203858), 'srep': np.float64(0.035744515824745984), 'transitioning': np.float64(0.019414136767352486), 'smes': np.float64(0.018360735616601467), 'gdc': np.float64(0.010399192280929498), 'swaptions': np.float64(0.010018961452294419), 'transferring': np.float64(0.004613932082114163), 'ghg': np.float64(0.003942951081070427), 'gses': np.float64(0.0038487095762330457), 'ssm': np.float64(0.00266294628717922), 'mgmt': np.float64(0.00167047858453325), 'signpost': np.float64(0.0007807500607833734), 'gsc': np.float64(0.0007117956253901129), 'ngo': np.float64(0.0007117956253901129), 'changesg': np.float64(0.0005468806834185688), 'ejctig': np.float64(0.0003903750303916867), 'ukpeg': np.float64(0.0003077717695346189), 'gec': np.float64(0.00016600916558588547), 'sce': np.float64(6.982343360811962e-05), 'sebgroup': np.float64(2.5244301174454676e-05)}"
125,"{'see': np.float64(0.8384257962092908), 'shown': np.float64(0.37356046980949265), 'scale': np.float64(0.27543724508869677), 'list': np.float64(0.20687744564188776), 'graph': np.float64(0.13734003393169936), 'chart': np.float64(0.12184681505599915), 'draw': np.float64(0.03882379127175302), 'drawing': np.float64(0.037470911404878966), 'file': np.float64(0.02784535870271204), 'schedule': np.float64(0.025391828671901675), 'goto': np.float64(0.017666877561561656), 'schematic': np.float64(0.01426697940953015), 'histogram': np.float64(0.013371475984727807), 'datasets': np.float64(0.009113944165944058), 'tabletop': np.float64(0.003589476589344977)}"
127,"{'climate': np.float64(0.9406619904135181), 'material': np.float64(0.32106747354613163), 'energy': np.float64(0.06764062709500362), 'composition': np.float64(0.05709661751879716), 'liquid': np.float64(0.05230927884002963), 'fuel': np.float64(0.020210760808251103), 'mechanism': np.float64(0.016042751514459653), 'chemical': np.float64(0.015685626828442434), 'mix': np.float64(0.013526041736009606), 'technical': np.float64(0.013192161419629833), 'temperature': np.float64(0.0122871048300559), 'thermal': np.float64(0.006668737900412864), 'petrochemical': np.float64(0.003749144395725369), 'processed': np.float64(0.0036855965990218674), 'hardware': np.float64(0.001572640871187767), 'substance': np.float64(0.001473065904573024), 'electronics': np.float64(0.0012736581304481293), 'corrosive': np.float64(0.0008043501332783945), 'organic': np.float64(0.000539291049534892)}"
128,"{'primarily': np.float64(0.8607269619980399), 'directly': np.float64(0.3005244855775895), 'predominantly': np.float64(0.2904663732190899), 'priority': np.float64(0.18319260597247633), 'principally': np.float64(0.15131514638836868), 'clearly': np.float64(0.11220816436428518), 'frequently': np.float64(0.08837174501396104), 'commonly': np.float64(0.051244045760798974), 'inherently': np.float64(0.04679470884974275), 'predominately': np.float64(0.03669716465768266), 'severely': np.float64(0.026143755046664417), 'prioritise': np.float64(0.018534902350859025), 'traditionally': np.float64(0.018163407480270462), 'chiefly': np.float64(0.00662221717853384), 'markedly': np.float64(0.005290956279396206), 'salient': np.float64(0.0038164542985604935), 'primacy': np.float64(0.0009972366054883527), 'ticularly': np.float64(0.0008000168889444883)}"
129,"{'selected': np.float64(0.6922689212380688), 'depends': np.float64(0.4012234687652124), 'differs': np.float64(0.3800374192938978), 'distinguishes': np.float64(0.3039971226209471), 'chosen': np.float64(0.18043110652461794), 'decide': np.float64(0.17409799082129201), 'participates': np.float64(0.11022436807155697), 'designates': np.float64(0.10586078748384072), 'varies': np.float64(0.10115141179953824), 'specifies': np.float64(0.08413034586188814), 'select': np.float64(0.0784077343922715), 'chooses': np.float64(0.06512081285452138), 'selectively': np.float64(0.05212619062271349), 'vote': np.float64(0.04929157157731015), 'deciding': np.float64(0.032706153551165434), 'wish': np.float64(0.03170490750982028), 'elect': np.float64(0.03080924067143801), 'pursues': np.float64(0.025574430942308934), 'utilises': np.float64(0.013954503271873444), 'considera': np.float64(0.001291599795736193)}"
130,"{'high': np.float64(0.8788167265882538), 'long': np.float64(0.3231153536050854), 'historical': np.float64(0.2770061023418385), 'severe': np.float64(0.1407514444588952), 'phase': np.float64(0.09999014096256759), 'temporary': np.float64(0.09995763524936464), 'recent': np.float64(0.07060372361181508), 'prolonged': np.float64(0.03424321753555088), 'chronic': np.float64(0.018477761314369002), 'delayed': np.float64(0.010366388310886956), 'permanently': np.float64(0.005950466575441828), 'sustained': np.float64(0.005537227125286118), 'prevalent': np.float64(0.005040772810476519), 'mild': np.float64(0.004433666173911068), 'perpetual': np.float64(0.0034069046677152495), 'progressive': np.float64(0.002128855413007489), 'persistently': np.float64(0.0017372397620008413), 'prolongation': np.float64(0.0016952908324880866), 'episodic': np.float64(0.001591663343743237), 'prolonging': np.float64(0.0015687205212134407), 'lifelong': np.float64(0.0003036354841239242), 'lingering': np.float64(0.00029708543904077655), 'longstanding': np.float64(8.631912014083226e-05)}"
131,"{'geographical': np.float64(0.7148517756132318), 'sustainable': np.float64(0.6132887170028384), 'turn': np.float64(0.21087438710448161), 'granular': np.float64(0.17795732473010578), 'rolled': np.float64(0.11406603071107937), 'sectoral': np.float64(0.10729085338197634), 'surrounding': np.float64(0.0673050431053359), 'lateral': np.float64(0.05632487827674602), 'sided': np.float64(0.04295145230663696), 'rolling': np.float64(0.04037611599166095), 'circular': np.float64(0.02745763917182531), 'identical': np.float64(0.014837727486544246), 'triangle': np.float64(0.005626706355579229), 'rounded': np.float64(0.0026320774474058533), 'circum': np.float64(0.0021983976090005856), 'plinary': np.float64(0.0021983976090005856), 'regularity': np.float64(0.0021983976090005856)}"
132,"{'home': np.float64(0.6751504377704451), 'estate': np.float64(0.4348237591508506), 'government': np.float64(0.3825754352419366), 'property': np.float64(0.37009197117682774), 'local': np.float64(0.15669666759548379), 'house': np.float64(0.1454529598463624), 'stated': np.float64(0.1172131147560542), 'state': np.float64(0.09971925607418716), 'status': np.float64(0.044103040868799376), 'nation': np.float64(0.013961283902865985), 'site': np.float64(0.011083530743727884), 'hotel': np.float64(0.005815066964350834), 'street': np.float64(0.005555896989322878), 'residence': np.float64(0.005048655020946966), 'city': np.float64(0.00361114156400133), 'moscow': np.float64(0.002308679741153743), 'geo': np.float64(0.0018756427518726749)}"
133,"{'economic': np.float64(0.9729057580146749), 'commercial': np.float64(0.18837981279319427), 'residential': np.float64(0.1282092253063913), 'raf': np.float64(0.025629208401849245), 'settled': np.float64(0.014628438078376323), 'personnel': np.float64(0.011203312306177028), 'workforce': np.float64(0.010702839731324637), 'domestic': np.float64(0.009216049656403503), 'societal': np.float64(0.008991712701008202), 'exempt': np.float64(0.008631613151299131), 'voluntary': np.float64(0.00734134690038144), 'civilian': np.float64(0.006318271206164217), 'governmental': np.float64(0.005834443402159313), 'taxpayer': np.float64(0.004409251382919367), 'landlord': np.float64(0.004325675320567844), 'passenger': np.float64(0.002406169576430137), 'pensioner': np.float64(0.0017929793014034808), 'refugee': np.float64(0.0012787505840855071), 'humanitarian': np.float64(0.0011057034830313926), 'tourist': np.float64(0.0008254040202648917), 'judicial': np.float64(0.00018688961453960264), 'justice': np.float64(0.00018688961453960264)}"
134,"{'classiﬁ': np.float64(0.7960204653314272), 'identiﬁ': np.float64(0.45345891780133557), 'ofﬁ': np.float64(0.2632994816194064), 'reﬂ': np.float64(0.22098575752133798), 'signiﬁ': np.float64(0.14664361385053556), 'reﬁ': np.float64(0.12507486223177786), 'proﬁ': np.float64(0.05832793388443543), 'reclassified': np.float64(0.03178273166994641), 'reclassification': np.float64(0.031541920444818225), 'rank': np.float64(0.0024390920841708586), 'ist': np.float64(0.001166219844782632), 'decl': np.float64(0.0011625353225300544), 'tutions': np.float64(0.0006384651017519227), 'lat': np.float64(0.0006301353527890681), 'language': np.float64(0.000517195838470035), 'identiﬁcation': np.float64(0.00034694401368598785)}"
135,"{'regulatory': np.float64(0.9711963039490682), 'macroeconomic': np.float64(0.21960534773337093), 'geopolitical': np.float64(0.07101607747203671), 'cycle': np.float64(0.038942536632146744), 'moody': np.float64(0.026873595514179963), 'organizational': np.float64(0.0250364096883673), 'conditioning': np.float64(0.016522083246170313), 'thematic': np.float64(0.012396853413056245), 'economically': np.float64(0.009170850215507417), 'demographic': np.float64(0.005531474087603173), 'wind': np.float64(0.005492601103258025), 'greenhouse': np.float64(0.004198549468959526), 'climatic': np.float64(0.0038137277411592037), 'pluvial': np.float64(0.0032986242041873966), 'precipitation': np.float64(0.0032986242041873966), 'storm': np.float64(0.002021942559488525), 'rainfall': np.float64(0.0019977672216706034), 'warming': np.float64(0.0018177831698612283), 'heatwaves': np.float64(0.0014445578127676554), 'contextual': np.float64(0.0013642302153697512), 'solar': np.float64(0.0008999252647721291), 'hydrological': np.float64(0.0008362703756734523), 'managerial': np.float64(0.000239130983530853), 'environ': np.float64(0.00016923668492189575), 'situational': np.float64(0.00010541367705182639), 'conomic': np.float64(0.00010314623231389079)}"
136,"{'return': np.float64(0.8234164168022055), 'close': np.float64(0.39589355994982967), 'ended': np.float64(0.2954992211702157), 'window': np.float64(0.2162317259975644), 'opening': np.float64(0.1230093694394644), 'split': np.float64(0.11227478419129025), 'concludes': np.float64(0.037281796825978444), 'tight': np.float64(0.029504638044044178), 'deadline': np.float64(0.021456613731994548), 'ending': np.float64(0.016024082891561802), 'submit': np.float64(0.015055841322528537), 'compress': np.float64(0.008597992325256616), 'terminal': np.float64(0.008518327911898493), 'expire': np.float64(0.007775828880838685), 'tightly': np.float64(0.0035494200669348086), 'squeeze': np.float64(0.003294563022437418), 'fade': np.float64(0.002473302683734804)}"
137,"{'lod': np.float64(0.9470702869142551), 'hoc': np.float64(0.21567286785571588), 'storage': np.float64(0.15033834528501275), 'light': np.float64(0.14746363489914105), 'landscape': np.float64(0.10261203218520637), 'cloud': np.float64(0.028781747368427202), 'floating': np.float64(0.022825503990412128), 'lag': np.float64(0.013697854983571052), 'encryption': np.float64(0.01085241448652411), 'session': np.float64(0.002703877476607927), 'ice': np.float64(0.00194911274535725), 'web': np.float64(0.0008978562937546107)}"
138,"{'cost': np.float64(0.998165525859938), 'north': np.float64(0.057048339730379254), 'headwind': np.float64(0.013741179885957737), 'perimeter': np.float64(0.007951527252192449), 'territorial': np.float64(0.0072784099727711965), 'onshore': np.float64(0.004948015476535221), 'resort': np.float64(0.004783988377338802), 'landing': np.float64(0.00438293829751194), 'land': np.float64(0.003515804112957026), 'storyline': np.float64(0.0034885038490504463), 'coastline': np.float64(0.0025556581837467007), 'pohjois': np.float64(0.001902391090355006), 'shoring': np.float64(0.001655436418454738), 'etelä': np.float64(0.000951195545177503), 'coherence': np.float64(0.000723419978969768), 'pohjanmaan': np.float64(0.0006341303634516687), 'periphery': np.float64(0.00036977210928130203), 'onboard': np.float64(0.00028258889292533655)}"
139,"{'origination': np.float64(0.6567857008239326), 'pursuant': np.float64(0.6227818754257908), 'started': np.float64(0.38332346918031684), 'conducting': np.float64(0.15022740114590633), 'initiation': np.float64(0.05901293040595623), 'contemporaneously': np.float64(0.04480020916537067), 'onset': np.float64(0.03838080801794097), 'consequential': np.float64(0.034927998922949774), 'founding': np.float64(0.030762855447217033), 'launching': np.float64(0.030762855447217033), 'underway': np.float64(0.027614068076764448), 'commencing': np.float64(0.015425319208786092), 'onboarding': np.float64(0.013616053545791863), 'concluding': np.float64(0.0029845992189775315), 'constituting': np.float64(2.5626652768494574e-18)}"
140,"{'qualitative': np.float64(0.9301245081732069), 'comparative': np.float64(0.29642114957392207), 'complementary': np.float64(0.15450935052200374), 'methodological': np.float64(0.09619368429449503), 'conjunction': np.float64(0.07925301100020964), 'comparing': np.float64(0.07236697084884362), 'differing': np.float64(0.03156382405124551), 'indicative': np.float64(0.02464725788262138), 'differential': np.float64(0.021697474419773294), 'compositional': np.float64(0.013977438332912201), 'differentiate': np.float64(0.008241611042824233), 'explanatory': np.float64(0.003267900176353832), 'theoretical': np.float64(0.003144572718889106), 'compo': np.float64(0.00034016372823388546)}"
141,"{'complement': np.float64(0.5437856746787016), 'recover': np.float64(0.5415131988259064), 'comprise': np.float64(0.49689109978490853), 'supplement': np.float64(0.24422707927199533), 'compromise': np.float64(0.1908820883414103), 'satisfy': np.float64(0.1703190371165368), 'repaid': np.float64(0.16017993176246134), 'compensating': np.float64(0.08234016464326581), 'reimburse': np.float64(0.04713798789771914), 'indemnification': np.float64(0.047126035024736265), 'compensatory': np.float64(0.03740537666542063), 'compensate': np.float64(0.01923915432232992), 'punitive': np.float64(0.01756857735786291), 'indemnifies': np.float64(0.0077551322379307485), 'compli': np.float64(0.0070673602189061605)}"
142,"{'due': np.float64(0.980015158108922), 'necessary': np.float64(0.11383940803222496), 'mandatory': np.float64(0.10735203426271708), 'inherent': np.float64(0.07532474501218436), 'mandate': np.float64(0.06526238200916352), 'guaranteed': np.float64(0.053810783823280445), 'mandated': np.float64(0.026432295700937494), 'obligor': np.float64(0.02568388297555337), 'imposed': np.float64(0.018928209476531035), 'compulsory': np.float64(0.018591810087799077), 'obligors': np.float64(0.007451040442922342), 'conditional': np.float64(0.006685330524340978), 'unwilling': np.float64(0.005787764949554903), 'mandatorily': np.float64(0.005684732354981343), 'necessity': np.float64(0.004718396046615999), 'obliged': np.float64(0.0017372067285910278), 'enrolment': np.float64(0.0016917894075943198), 'imposes': np.float64(0.0009297195337845361), 'facultative': np.float64(0.0005370628269372407), 'obligated': np.float64(0.00040840283394326794), 'obliges': np.float64(0.00024071511670229704), 'obliga': np.float64(0.00012689176765297823)}"
143,"{'concentration': np.float64(0.961607580981654), 'consists': np.float64(0.26727632687522784), 'intensive': np.float64(0.04151959426524205), 'integrate': np.float64(0.030606632038097756), 'solvent': np.float64(0.01715809439165544), 'contained': np.float64(0.015508941688367334), 'consortium': np.float64(0.013323904395957566), 'devote': np.float64(0.011901372374352216), 'mixture': np.float64(0.00976994012724207), 'concentrate': np.float64(0.009769940127241972), 'dilution': np.float64(0.009300880435284367), 'conclude': np.float64(0.005723227326231678), 'intense': np.float64(0.005650666336373142), 'elaborate': np.float64(0.003553964268715497), 'diluted': np.float64(0.002088886506120437), 'solidation': np.float64(0.0006299070230663704)}"
144,"{'strategic': np.float64(0.9912092183398874), 'notional': np.float64(0.12096108532753655), 'perceived': np.float64(0.0391381726459254), 'hypothetical': np.float64(0.02305545236180421), 'meaning': np.float64(0.01522757301620647), 'intellectual': np.float64(0.013466117595945268), 'conceptually': np.float64(0.01111472489534171), 'normative': np.float64(0.010697339244964488), 'innovative': np.float64(0.009677689329901921), 'terminology': np.float64(0.0071521551263220625), 'generative': np.float64(0.0022682405075965324), 'thought': np.float64(0.0020318711031611855), 'operationalization': np.float64(0.0018029145362026227), 'functionally': np.float64(0.0005028736001428291), 'conventional': np.float64(0.0004979529548835164), 'idea': np.float64(0.0004564494581958378), 'conceptual': np.float64(0.0003482792261688683)}"
145,"{'continues': np.float64(0.9585983309399723), 'evidence': np.float64(0.20387579793133143), 'opinion': np.float64(0.13738319824947576), 'judgment': np.float64(0.1277171932374556), 'conclusion': np.float64(0.05790611620153637), 'continuation': np.float64(0.02044805453594367), 'inconclusive': np.float64(0.01683497994360554), 'substantiation': np.float64(0.01683497994360554)}"
146,"{'unclear': np.float64(0.4992060894478586), 'prevailing': np.float64(0.4682966719415869), 'misleading': np.float64(0.45087616572881023), 'dispute': np.float64(0.328452647535774), 'divergence': np.float64(0.27405257139486383), 'damaging': np.float64(0.21489419710743682), 'hostile': np.float64(0.17830670608989066), 'varying': np.float64(0.13890686954032627), 'inconsistency': np.float64(0.1270317760842864), 'contaminating': np.float64(0.0895754728255288), 'conflicting': np.float64(0.08873123326436172), 'noncontrolling': np.float64(0.08864346801821785), 'inconsistent': np.float64(0.08225443703398772), 'decisive': np.float64(0.02520523747692725), 'destabilizing': np.float64(0.02216086700455446), 'interfering': np.float64(0.012821351330229864)}"
147,"{'corruption': np.float64(0.7167166234499792), 'regime': np.float64(0.61003116281952), 'retention': np.float64(0.20093499694586084), 'conservatism': np.float64(0.1711677208993062), 'safeguarding': np.float64(0.16735488244318544), 'ethical': np.float64(0.10473303316499293), 'overreliance': np.float64(0.04899891906595036), 'retains': np.float64(0.03837279421047004), 'republic': np.float64(0.03494103754792013), 'restoration': np.float64(0.01095754674730782), 'deconsolidation': np.float64(0.010800814908684503), 'ism': np.float64(0.008070858363117172), 'deontology': np.float64(0.008068805877107057), 'preserving': np.float64(0.008012327656069651), 'inflexibility': np.float64(0.0019816027760800378)}"
148,"{'shareholder': np.float64(0.9998805671014307), 'incorporation': np.float64(0.01180438174576858), 'constitutes': np.float64(0.008322722594022667), 'contributor': np.float64(0.005100084666385634), 'constitute': np.float64(0.001981579537304712), 'constituent': np.float64(0.0004948651223559262), 'respondent': np.float64(0.00024079158800429233)}"
149,"{'form': np.float64(0.8992060474360067), 'establish': np.float64(0.33717377790580255), 'construction': np.float64(0.27183367302399297), 'reinforced': np.float64(0.03887527733660303), 'placement': np.float64(0.038140872331148504), 'placing': np.float64(0.023529283817916337), 'formation': np.float64(0.016038351068088826), 'train': np.float64(0.006037062673372351), 'ruction': np.float64(0.004782078753579013), 'constructively': np.float64(0.0035494115644132407)}"
150,"{'content': np.float64(0.7370953284646279), 'current': np.float64(0.5079598612109348), 'input': np.float64(0.3955716818943758), 'supply': np.float64(0.18899603660143063), 'knowledge': np.float64(0.06829201009178579), 'privacy': np.float64(0.04232472182822818), 'story': np.float64(0.003917403463150766), 'image': np.float64(0.0005169261180903027), 'cov': np.float64(6.930856495901416e-05)}"
151,"{'scl': np.float64(1.0000000000000007), 'sco': np.float64(2.979665137460925e-16), 'subcontractor': np.float64(1.4896040379158333e-16), 'jocs': np.float64(2.6826044052034146e-17), 'contractsc': np.float64(1.2566637814300895e-17), 'struc': np.float64(5.105642167696796e-18), 'loanse': np.float64(-1.2900368511279161e-17), 'disposalsc': np.float64(-2.1289712680067115e-17), 'offsc': np.float64(-3.678933712157517e-17), 'scam': np.float64(-1.2706828960752235e-16)}"
152,"{'correlation': np.float64(0.9684722025307978), 'coordination': np.float64(0.24199538638908216), 'harmonization': np.float64(0.037798031168111354), 'linkage': np.float64(0.031429656998832906), 'harmonisation': np.float64(0.027910991941422467), 'liaison': np.float64(0.01524603328728532), 'coorpid': np.float64(0.00847622499368994), 'tation': np.float64(1.3471458502957142e-19)}"
153,"{'poci': np.float64(0.7208743509250185), 'include': np.float64(0.6873575678987514), 'please': np.float64(0.0882346366024238), 'imperfect': np.float64(0.009604273120011553), 'copula': np.float64(0.0013385976985553485), 'modus': np.float64(0.0005991898050570326)}"
154,"{'cre': np.float64(0.9586872100945291), 'sovereign': np.float64(0.2632315531379106), 'kong': np.float64(0.09617846931842466), 'discus': np.float64(0.04744099307797567), 'orps': np.float64(0.008135921627949103), 'coronavirus': np.float64(0.00484829682569415), 'omicron': np.float64(0.004343141409898781), 'sparking': np.float64(0.0033116737190326756), 'jarna': np.float64(0.0015696039377384634), 'roe': np.float64(0.0015696039377384634), 'kmc': np.float64(0.0011465525677570297), 'corona': np.float64(0.000809891930306117), 'ruling': np.float64(0.00062601188488319), 'paramount': np.float64(0.0003913388498662542), 'krone': np.float64(0.00019639517781867158), 'orsa': np.float64(0.00014547929101530333), 'krona': np.float64(7.066187750889335e-05)}"
155,"{'corporates': np.float64(0.9021052414255791), 'divisional': np.float64(0.4315152910006855), 'takeover': np.float64(0.000741272211975328), 'pricewaterhousecoopers': np.float64(0.0003708646644120372), 'divestments': np.float64(0.0)}"
156,"{'var': np.float64(0.8945481200549764), 'volatility': np.float64(0.3317274142574779), 'uncertainty': np.float64(0.2993284507688037), 'stationarity': np.float64(0.0097867345563843), 'sigma': np.float64(0.005272718984375649), 'elasticity': np.float64(0.004208053726793781), 'covariance': np.float64(0.001331405861979937)}"
157,"{'refer': np.float64(0.9896090782640075), 'criterion': np.float64(0.12103205215448865), 'qualifying': np.float64(0.07321803865280026), 'qualify': np.float64(0.023911609728133748), 'indication': np.float64(0.009018718633500011), 'rationale': np.float64(0.002904299315150328), 'reviewer': np.float64(0.0015611931974961045), 'criticality': np.float64(0.0005086651938097653)}"
158,"{'cross': np.float64(0.5798691751895328), 'segment': np.float64(0.5447566891685565), 'migration': np.float64(0.42690688984231545), 'joint': np.float64(0.311787131346985), 'multiple': np.float64(0.28453271363136007), 'cut': np.float64(0.05541955235968799), 'swing': np.float64(0.039737272342882796), 'left': np.float64(0.02469475662552462), 'horizontal': np.float64(0.023338303089658265), 'road': np.float64(0.021705066061190097), 'jump': np.float64(0.014312461100309691), 'skew': np.float64(0.009522764754914462), 'transversal': np.float64(0.0007411732471402341), 'versa': np.float64(0.0004924038483217186)}"
159,"{'relevant': np.float64(0.9969128210783286), 'meaningful': np.float64(0.05679585391815064), 'crucial': np.float64(0.03332693461003982), 'precious': np.float64(0.028684855283213583), 'significance': np.float64(0.025695807227940088), 'vital': np.float64(0.017387371240451314), 'devastating': np.float64(0.005026287145125319), 'impossible': np.float64(0.004173761524053655), 'pivotal': np.float64(0.000523085807687218)}"
160,"{'original': np.float64(0.925271992466635), 'mature': np.float64(0.28986141793677084), 'hard': np.float64(0.19700728382161847), 'exploited': np.float64(0.1119904639862224), 'rigour': np.float64(0.06558899952834484), 'friction': np.float64(0.04350494968333818), 'sharply': np.float64(0.029263998108864438), 'sluggish': np.float64(0.01797567823503745), 'rudimentary': np.float64(0.0169658763265641), 'unaltered': np.float64(0.0169658763265641), 'rigor': np.float64(0.01696543467723015), 'crude': np.float64(0.016069032100704206), 'gory': np.float64(0.0015933176034251353)}"
161,"{'ltv': np.float64(0.9361228428863738), 'sft': np.float64(0.2578661374674753), 'cst': np.float64(0.1713948417817096), 'sicr': np.float64(0.12977972824667308), 'msci': np.float64(0.07480361174475843), 'gwst': np.float64(0.051112686050488354), 'std': np.float64(0.04735920458853419), 'ltvs': np.float64(0.021276850207527554), 'uscb': np.float64(0.007501036164224125), 'smp': np.float64(0.0003966835947920038), 'issc': np.float64(-1.4130145628788384e-17)}"
162,"{'developing': np.float64(0.8530560247010812), 'diligence': np.float64(0.31529528818514846), 'quarrying': np.float64(0.26354507282406786), 'maturing': np.float64(0.22793971159761184), 'promoting': np.float64(0.16430758789204136), 'stimulating': np.float64(0.06572808335359882), 'practitioner': np.float64(0.06510385816562674), 'treating': np.float64(0.0614945604748896), 'farm': np.float64(0.06108169952731958), 'farming': np.float64(0.055810743019745646), 'fostering': np.float64(0.04792834383804896), 'cultivating': np.float64(0.03863135162082432), 'recruiting': np.float64(0.03703390970213322), 'grows': np.float64(0.0095246698091272), 'vesting': np.float64(0.0060806588974800235)}"
163,"{'equity': np.float64(0.971140820050086), 'oversight': np.float64(0.22999088779058552), 'enforcement': np.float64(0.0614240508581756), 'foster': np.float64(0.010961064145228098), 'discipline': np.float64(0.009193099698854623), 'custody': np.float64(0.0031369325864842273), 'territory': np.float64(0.0015122124839486374)}"
164,"{'defence': np.float64(0.9608677083313559), 'cyberattacks': np.float64(0.14164761801381376), 'phishing': np.float64(0.10364576905769184), 'ransomware': np.float64(0.10082622439706528), 'cybercrime': np.float64(0.09148242146170374), 'terrorist': np.float64(0.08738536416714791), 'cyberattack': np.float64(0.07400081992805321), 'terrorism': np.float64(0.07047967351411512), 'invasion': np.float64(0.05743082092973924), 'ddos': np.float64(0.04236451980383196), 'virus': np.float64(0.029228062488881604), 'dod': np.float64(0.025949125075545757), 'cybercriminals': np.float64(0.0245491831150354), 'fraudsters': np.float64(0.01945388343417385), 'steal': np.float64(0.017119636450250962), 'malware': np.float64(0.01607383548368953), 'infection': np.float64(0.015413144339766703), 'electronically': np.float64(0.014837579136677501), 'hacktivists': np.float64(0.014837579136677501), 'smishing': np.float64(0.014837579136677501), 'destruction': np.float64(0.010575136862920612), 'surveillance': np.float64(0.009669473304015267), 'hit': np.float64(0.007310444294185194), 'digitalization': np.float64(0.001390176595587415), 'theft': np.float64(0.00031163639777637923)}"
165,"{'danica': np.float64(0.9999723781912008), 'dep': np.float64(0.0074325537087668635), 'dsk': np.float64(-8.137936718782393e-20), 'isdas': np.float64(-1.7979460449289425e-18), 'deriva': np.float64(-3.7151229014223096e-18), 'drag': np.float64(-8.064622462435058e-18), 'performin': np.float64(-2.4598982919285937e-17), 'dora': np.float64(-7.936903602034527e-17), 'dax': np.float64(-1.547660791187656e-16), 'delta': np.float64(-9.499059545366574e-16), 'motorcycle': np.float64(-1.9689289896485163e-15), 'dodd': np.float64(-2.953393501016432e-15)}"
166,"{'lower': np.float64(0.9317210167172337), 'downward': np.float64(0.24922243892409826), 'small': np.float64(0.19805647821866473), 'east': np.float64(0.10385654041648869), 'deep': np.float64(0.08703798787109128), 'depth': np.float64(0.07127525408483067), 'orange': np.float64(0.05540019794785638), 'delay': np.float64(0.0323372976212395), 'modern': np.float64(0.028184604336227107), 'doubt': np.float64(0.025413129954790833), 'decay': np.float64(0.019821481470631036), 'solid': np.float64(0.01838307164602875), 'slow': np.float64(0.015754434304592155), 'slight': np.float64(0.013391356117856638), 'deeply': np.float64(0.01233955143015504), 'dry': np.float64(0.010067023679652922), 'darker': np.float64(0.006725512845981245), 'shade': np.float64(0.006725512845981245), 'muted': np.float64(0.00623038682195932), 'dark': np.float64(0.003860032971298646), 'little': np.float64(0.0021370969939614026)}"
167,"{'unit': np.float64(0.5124296838565705), 'metric': np.float64(0.4747494807273645), 'measurement': np.float64(0.44531621102506774), 'parameter': np.float64(0.37519408007640737), 'detail': np.float64(0.3669195985935253), 'observed': np.float64(0.19160986682017497), 'dimension': np.float64(0.03459591123433679), 'discrete': np.float64(0.012179022260443649), 'quantiles': np.float64(0.010544211460316586), 'quantified': np.float64(0.007122741048166703), 'gdpe': np.float64(0.00638890554630281), 'quantitatively': np.float64(0.003763019817564513), 'trajectory': np.float64(0.003587634472197799), 'mdbs': np.float64(0.0035516525563591044), 'numerator': np.float64(0.0033149260437626425), 'quantity': np.float64(0.0019595544268791653), 'viewpoint': np.float64(0.0015239959752340179), 'datapoints': np.float64(0.001154915442508675), 'pinpointed': np.float64(0.00110587847513611)}"
168,"{'led': np.float64(0.9840870765918962), 'dealogic': np.float64(0.13946091736815974), 'philosophy': np.float64(0.08761665586359661), 'logistic': np.float64(0.06055287883686962), 'dpo': np.float64(0.026380868052601092), 'lng': np.float64(0.008194065654849182), 'gdmo': np.float64(0.004105579171055912)}"
169,"{'volume': np.float64(0.6944685891086135), 'five': np.float64(0.6095246993930638), 'trend': np.float64(0.23615796073576872), 'dollar': np.float64(0.22180069168846434), 'ten': np.float64(0.16097106241741546), 'nine': np.float64(0.1096248266010396), 'seven': np.float64(0.04368391096947741), 'timeframe': np.float64(0.02279477325065372), 'perioda': np.float64(0.020629979820111333), 'thousand': np.float64(0.01769123583865561), 'decade': np.float64(0.007163731357238801), 'elapsed': np.float64(0.007163731357238616), 'hundred': np.float64(0.005194125655815593), 'twenty': np.float64(0.0012353471450971807)}"
170,"{'deterioration': np.float64(0.7967884349893325), 'downgrade': np.float64(0.5446993291256239), 'transformation': np.float64(0.20018429792150913), 'greenwashing': np.float64(0.09160869428793904), 'degradation': np.float64(0.05664929640450006), 'normalisation': np.float64(0.05549030938227371), 'regenerated': np.float64(0.05070719178994906), 'decarbonization': np.float64(0.04882534326085413), 'decommissioned': np.float64(0.03455298158580752), 'decompression': np.float64(0.032819301845939924), 'deleveraging': np.float64(0.03169772877951242), 'decommissioning': np.float64(0.02987860162888047), 'depreciation': np.float64(0.028792273585228293), 'recycling': np.float64(0.02617911143545674), 'downgrading': np.float64(0.024576979424318475), 'reorganization': np.float64(0.024576979424318475), 'redevelopment': np.float64(0.01994615141259569), 'digitisation': np.float64(0.01958261224242186), 'decarbonize': np.float64(0.014195896100630436), 'deflation': np.float64(0.014052502717278833), 'materialisation': np.float64(0.013967842732352062), 'softening': np.float64(0.012981914072997638), 'polarisation': np.float64(0.012006584236825105), 'normalising': np.float64(0.00873818237070173), 'decarbonisation': np.float64(0.006938439685211986), 'restructuringcredit': np.float64(0.004239675137885387)}"
171,"{'divided': np.float64(0.932789228825452), 'laid': np.float64(0.3288107659952502), 'trapped': np.float64(0.07687077863046783), 'depleted': np.float64(0.06723263221816438), 'redeemed': np.float64(0.06297570646884364), 'suffered': np.float64(0.05962146039688677), 'inflated': np.float64(0.03309930142095704), 'misinterpreted': np.float64(0.021562382013450187), 'misled': np.float64(0.020307612129251897), 'elude': np.float64(0.015922751315582653), 'relied': np.float64(0.015922751315582653), 'detective': np.float64(0.015119355663720798), 'disguising': np.float64(0.015119355663720798), 'surprise': np.float64(0.015119355663720798), 'gave': np.float64(0.015034387434123631), 'disguise': np.float64(0.0112962644783631), 'educate': np.float64(0.0112962644783631), 'knowingly': np.float64(0.0112962644783631), 'deceived': np.float64(0.007945541986538185)}"
172,"{'decreased': np.float64(0.9710580371030856), 'decline': np.float64(0.16026045195994157), 'subsidence': np.float64(0.11981470743029235), 'deteriorating': np.float64(0.10370291952615575), 'declining': np.float64(0.04454820229308218), 'discontinued': np.float64(0.044318585810536916), 'deteriorate': np.float64(0.03304846001174393), 'deteriorates': np.float64(0.018106948935975763), 'weakening': np.float64(0.016066778354817374), 'decreasing': np.float64(0.01489004118386325), 'stagnate': np.float64(0.011519436177785983), 'slump': np.float64(0.010829286373242115), 'worsen': np.float64(0.008268738148181083), 'recessionary': np.float64(0.006597365611666012), 'weaken': np.float64(0.004147319717088316), 'weakens': np.float64(0.0034586257816566876), 'downwards': np.float64(0.003265269524167642), 'worsening': np.float64(0.0013054719423748467), 'depreciates': np.float64(0.0010099218388918579), 'deplete': np.float64(5.872203285107593e-05)}"
173,"{'derived': np.float64(0.7025478522334954), 'derive': np.float64(0.5727937380467674), 'reason': np.float64(0.2652929355339073), 'implied': np.float64(0.22164513482708692), 'demonstrate': np.float64(0.1694997680779398), 'explained': np.float64(0.11759686522747977), 'distinguish': np.float64(0.0873664020066842), 'evidenced': np.float64(0.06037798717954606), 'deduce': np.float64(0.037694037333835584), 'derivation': np.float64(0.030421772434520388), 'imply': np.float64(0.02910083711432693), 'defend': np.float64(0.02839618588858044), 'reasoned': np.float64(0.023783904143213276), 'explain': np.float64(0.019130441321557473), 'inferred': np.float64(0.005491513115322924), 'deductibility': np.float64(0.003986064190284435), 'discover': np.float64(0.0034839383913398627)}"
174,"{'face': np.float64(0.998341721732506), 'false': np.float64(0.03893493044586893), 'forensic': np.float64(0.03580247091031446), 'flattening': np.float64(0.014031348662717916), 'embeds': np.float64(0.01243783974919277), 'deepfakes': np.float64(0.012437839749192277), 'simulates': np.float64(0.0031276917238904373)}"
175,"{'deferral': np.float64(0.9415019785021465), 'referred': np.float64(0.3322088393007566), 'overdraft': np.float64(0.037563927688415974), 'repayable': np.float64(0.029900123595901554), 'indebtedness': np.float64(0.02823831225664325), 'reserving': np.float64(0.010347182627237465), 'overdue': np.float64(0.0013338085065603311)}"
177,"{'outsourcing': np.float64(0.9159989443076095), 'staging': np.float64(0.40060286512703264), 'unleashing': np.float64(0.01748502492646465), 'deploying': np.float64(0.009109711900176568), 'hiring': np.float64(0.006270153737047535), 'replicating': np.float64(0.005481046094908308), 'pushing': np.float64(0.001631044737628811), 'migrating': np.float64(0.0015818311170257837), 'rollout': np.float64(0.00015472450705149226), 'rendering': np.float64(0.00014771384400070025), 'onshoring': np.float64(2.41230805923532e-05)}"
178,"{'placed': np.float64(0.9210651961108024), 'depositor': np.float64(0.34996077657679026), 'retailer': np.float64(0.12234048737404682), 'instalment': np.float64(0.07122328005253056), 'disposalsd': np.float64(0.06869535292125961), 'disposalsf': np.float64(0.04579690194750627), 'steepener': np.float64(0.029295950927557306), 'revolver': np.float64(0.028840504494890454), 'repossessed': np.float64(0.02088518920095743), 'exposu': np.float64(0.010469348104376821), 'dop': np.float64(0.008612510659126521)}"
179,"{'derecognized': np.float64(0.9742783750191256), 'recognizes': np.float64(0.2172143550462399), 'respected': np.float64(0.04918972181958993), 'recognise': np.float64(0.027091640942200595), 'recognises': np.float64(0.01780651084651648), 'redefined': np.float64(0.00765157676799424), 'retired': np.float64(0.007069710749591003), 'identifiable': np.float64(0.004515188220022837), 'unrecognised': np.float64(-1.1045495243410517e-17)}"
180,"{'derivative': np.float64(0.9899520511915969), 'need': np.float64(0.11890938850908934), 'dividend': np.float64(0.07485419035132589), 'dynamically': np.float64(0.013541599622565004), 'nonlinear': np.float64(0.008058990354284028), 'differentiation': np.float64(0.001910317531776562), 'inversely': np.float64(0.0005793982820244652), 'diffi': np.float64(0.00019128900102523066)}"
181,"{'described': np.float64(0.9115026024654261), 'written': np.float64(0.3720708875187478), 'seen': np.float64(0.16448390985108044), 'viewed': np.float64(0.05176519251822327), 'illustrated': np.float64(0.031478860638953), 'lished': np.float64(0.0008659886216858311)}"
184,"{'right': np.float64(0.7265095072799759), 'would': np.float64(0.6838863734286486), 'isda': np.float64(0.06111441771493108), 'siis': np.float64(0.018922595283755346), 'dilemma': np.float64(0.01526866567131202), 'nising': np.float64(0.006045044368185726), 'weighteda': np.float64(0.005841864265281401), 'insti': np.float64(0.005516993911583358), 'philippine': np.float64(0.005261666386355725), 'diba': np.float64(0.00526166638635567), 'estab': np.float64(0.0008472464088141381)}"
185,"{'ratiosa': np.float64(0.8506508083520403), 'ltva': np.float64(0.5257311121191336), 'digitalis': np.float64(-0.0), 'strengthens': np.float64(-4.776456586401527e-17), 'remedia': np.float64(-1.4062459843312001e-16)}"
186,"{'electronic': np.float64(0.8021873266052866), 'documentary': np.float64(0.37475737203898746), 'translational': np.float64(0.3747573720389874), 'discovering': np.float64(0.18737868601949392), 'recording': np.float64(0.175792325978842), 'translating': np.float64(0.07397698840545511), 'inventorization': np.float64(0.0402175237338901), 'materialization': np.float64(0.0402175237338901), 'digitization': np.float64(0.029801176942726125)}"
187,"{'waste': np.float64(0.7331516616971212), 'sewerage': np.float64(0.6476821351255578), 'dislocation': np.float64(0.18503308041475508), 'expenditure': np.float64(0.0723995540064875), 'dissatisfaction': np.float64(0.05280852495518941), 'disseminated': np.float64(0.023417607178362387), 'discharge': np.float64(0.011548477547513735), 'dissolved': np.float64(0.006860361088763204)}"
188,"{'subordinated': np.float64(0.7075289387103828), 'resale': np.float64(0.6917335641746997), 'undiscounted': np.float64(0.12252015766529901), 'discounted': np.float64(0.06995528228999161), 'redeemable': np.float64(0.029009371500980707), 'reprice': np.float64(0.009925877519779166), 'refinanced': np.float64(0.007904419491962961)}"
189,"{'underperformance': np.float64(0.6984011563286899), 'overstatement': np.float64(0.3941877386282908), 'overstated': np.float64(0.35145258192299866), 'disproportionate': np.float64(0.35145258192299844), 'unsuitability': np.float64(0.2183148134660638), 'ineligible': np.float64(0.18029701951333033), 'underperforming': np.float64(0.10683786833579484), 'unrepresentative': np.float64(0.10237984275398414), 'unweighted': np.float64(0.0777833493573112), 'proportional': np.float64(0.029635883071374474), 'unappropriated': np.float64(0.02469851871782334), 'proportioning': np.float64(0.014530303048536254)}"
190,"{'stressed': np.float64(0.9095311968446228), 'shock': np.float64(0.3221967364644743), 'relief': np.float64(0.2231740381954079), 'tension': np.float64(0.1124299804383977), 'instability': np.float64(0.04880267961447894), 'unsettled': np.float64(0.04244578633151732), 'strain': np.float64(0.026792381410031773), 'turmoil': np.float64(0.02057713136109415), 'suffering': np.float64(0.017735678224141523), 'drought': np.float64(0.015973130255519278), 'unrest': np.float64(0.0147353426831555), 'tear': np.float64(0.012668063657783455), 'fear': np.float64(0.009102320207209429), 'poverty': np.float64(0.008868559184820995), 'fragility': np.float64(0.005426954758392376), 'turbulence': np.float64(0.0047438441531937065), 'suffers': np.float64(0.0022070357603146107), 'tress': np.float64(0.0021957682115736265), 'distress': np.float64(0.00024411527304368796)}"
191,"{'retail': np.float64(0.9999922534111074), 'downstream': np.float64(0.003726896915775879), 'distri': np.float64(0.0009245602218125749), 'fli': np.float64(0.0008314446673671062), 'tribe': np.float64(0.00023925993511532469)}"
192,"{'fishing': np.float64(0.8840456779599415), 'dive': np.float64(0.44168041810460706), 'explore': np.float64(0.13389057349659766), 'hike': np.float64(0.05287060351627748), 'drop': np.float64(0.048403851663561426), 'embedment': np.float64(0.017796862082864944), 'reveal': np.float64(2.013520656293705e-17)}"
193,"{'household': np.float64(0.991121889585603), 'suite': np.float64(0.0820993369241904), 'domicile': np.float64(0.0713578860263377), 'holiday': np.float64(0.04992540993524419), 'occupied': np.float64(0.049295947551337524), 'lieu': np.float64(0.024376907902567968), 'mort': np.float64(0.016727074413699614), 'relocation': np.float64(0.005974782178753267), 'restaurant': np.float64(0.0035759308050200755)}"
194,"{'toward': np.float64(0.9472660240342161), 'redemption': np.float64(0.22121632354936505), 'durables': np.float64(0.16851459544643377), 'ore': np.float64(0.1435946106466193), 'onward': np.float64(0.06785214344296055), 'justified': np.float64(0.009820083316721517), 'doright': np.float64(0.005787003916507975)}"
195,"{'residual': np.float64(0.8887980601377299), 'prepared': np.float64(0.43465191107071527), 'static': np.float64(0.12021067705810357), 'nonperforming': np.float64(0.04589159447503524), 'reset': np.float64(0.043109589881458674), 'unutilised': np.float64(0.035824913491044386), 'restoring': np.float64(0.021610082650286654), 'stimulated': np.float64(0.01597676894030987), 'resumption': np.float64(0.013971189888017842), 'dormant': np.float64(0.013302547401496612), 'grounded': np.float64(0.01270459124069712), 'undisrupted': np.float64(0.012704591240697118)}"
196,"{'filed': np.float64(0.7209911463081347), 'drawn': np.float64(0.6845208055799789), 'refreshed': np.float64(0.10303418336294974), 'posed': np.float64(0.02868686348589905), 'lifted': np.float64(0.012808379893242423)}"
197,"{'idiosyncratic': np.float64(0.9743082097933125), 'ineffective': np.float64(0.14455291992033617), 'misuse': np.float64(0.13636878715896494), 'structurally': np.float64(0.10501410715775793), 'dysfunctionalities': np.float64(0.013275454090956186), 'misusing': np.float64(0.005226775027266268), 'inefficiency': np.float64(1.5670853810891345e-16)}"
198,"{'esr': np.float64(0.9999558912771032), 'erosion': np.float64(0.006660240866122407), 'earthquake': np.float64(0.006617850504315476), 'electricity': np.float64(0.00024628696151363094), 'uplift': np.float64(9.442971037785028e-06), 'shale': np.float64(2.909561808941079e-07)}"
199,"{'increased': np.float64(0.9991168174186813), 'weaker': np.float64(0.027143651039809473), 'tighter': np.float64(0.019071052489556702), 'smooth': np.float64(0.017553857089785095), 'easing': np.float64(0.010916002097215105), 'eased': np.float64(0.010822225219567716), 'slower': np.float64(0.008645515017516935), 'fewer': np.float64(0.005737993944818839), 'slowly': np.float64(0.0032855099282125036), 'slows': np.float64(0.0012035023489550076), 'lent': np.float64(0.0008787828484380331)}"
200,"{'epc': np.float64(0.9999546572886668), 'ecam': np.float64(0.009494451593128244), 'eps': np.float64(0.0006565093454139135), 'webinars': np.float64(0.00032825467270695675), 'uwej': np.float64(9.315941817897286e-19), 'emba': np.float64(0.0)}"
201,"{'market': np.float64(0.9923537104170028), 'gdp': np.float64(0.11199585467345125), 'economy': np.float64(0.05081361859683599), 'inflationary': np.float64(0.009578988181053563), 'économiques': np.float64(0.0032833717926352398), 'economiques': np.float64(0.0016471363272807515), 'industrialized': np.float64(0.0011276675196614852), 'macroeconomics': np.float64(0.0009546955039326934), 'stagflationary': np.float64(0.0007413531826291538), 'macroeconomy': np.float64(0.0007370996790769525), 'monetise': np.float64(0.0006685417439037064), 'macroe': np.float64(0.000172823392565056), 'entrepreneur': np.float64(0.00012126696256877332)}"
202,"{'tesco': np.float64(0.999341110429318), 'tltro': np.float64(0.036290089272015), 'ormf': np.float64(0.00043258831070702773), 'eir': np.float64(0.00028888511407887044), 'itx': np.float64(0.000288391605453909), 'edtf': np.float64(0.0001430015676557872), 'etd': np.float64(1.4795371254157128e-05), 'esf': np.float64(7.474284357122616e-07), 'tqwr': np.float64(6.471087181944958e-07), 'qeewt': np.float64(3.946170841062455e-07), 'wpfgt': np.float64(2.630780560708303e-07), 'tial': np.float64(1.5580016753925653e-22)}"
203,"{'ethic': np.float64(0.9350732222396512), 'sufficiency': np.float64(0.28903271239641964), 'plausibility': np.float64(0.15478917067281006), 'utilization': np.float64(0.13365192699982292), 'efficacy': np.float64(0.016602266916932094)}"
204,"{'irb': np.float64(0.5844752571096657), 'hpic': np.float64(0.45997761163256773), 'hpie': np.float64(0.45997761163256773), 'lra': np.float64(0.4222427984813623), 'offsd': np.float64(0.14926722411478666), 'pfe': np.float64(0.13194652820454217), 'internationala': np.float64(0.09951148274319109), 'owe': np.float64(0.055817917858200006), 'lossesa': np.float64(0.04599776116325677), 'iso': np.float64(0.03517794318038289), 'eonia': np.float64(0.019635988931828073), 'ops': np.float64(0.013374189612628902), 'npa': np.float64(0.009009245860789702), 'oped': np.float64(0.008223873070343307), 'isps': np.float64(0.007013023667030312), 'oegem': np.float64(0.007013023667030312), 'naics': np.float64(0.006905514801322731), 'operandi': np.float64(0.0031514245631021095), 'eiopa': np.float64(0.0022830873739625186), 'npe': np.float64(0.002057928089923952), 'npes': np.float64(0.0004115856179847904)}"
205,"{'mrel': np.float64(0.9643381992210084), 'emir': np.float64(0.19023338511174706), 'mev': np.float64(0.14382573292472556), 'mevs': np.float64(0.10321089318619052), 'serf': np.float64(0.05014196025482952), 'remit': np.float64(0.0028740636610358776), 'hram': np.float64(0.0014928491541059978), 'emolument': np.float64(0.00023578026174194663), 'emirate': np.float64(7.859662208253848e-05)}"
207,"{'reflect': np.float64(0.9992071533423922), 'repeat': np.float64(0.034350616581803536), 'rebound': np.float64(0.014630358355135042), 'encore': np.float64(0.010175481333083903), 'reiterated': np.float64(0.005510549951454205), 'repledge': np.float64(0.005510549951454205), 'reintroduction': np.float64(0.0050874729887469255), 'reiterates': np.float64(0.000847237824721518), 'repre': np.float64(0.00042370863396812395)}"
208,"{'pension': np.float64(0.9999870196483571), 'institute': np.float64(0.004375020379392969), 'tuition': np.float64(0.0024864162065033023), 'endowment': np.float64(0.0007956589868060196), 'pledgeable': np.float64(6.627745250400893e-05)}"
209,"{'impose': np.float64(0.9928553833491162), 'secures': np.float64(0.08868700027145392), 'validating': np.float64(0.0788244853382282), 'enforces': np.float64(0.012405087376703733), 'injunctive': np.float64(0.002370243842191509)}"
211,"{'involves': np.float64(0.9910269063092719), 'enters': np.float64(0.09340992687599112), 'utilizes': np.float64(0.08690905758979434), 'submits': np.float64(0.028633124952320538), 'penetration': np.float64(0.021311746782813248), 'login': np.float64(0.015339487433625948), 'incurs': np.float64(0.008816233365371962)}"
212,"{'prime': np.float64(0.9866012694415749), 'intrinsic': np.float64(0.12382217345246811), 'hnw': np.float64(0.09286663008935106), 'ernst': np.float64(0.051592572271861765), 'evolu': np.float64(1.1102230246251565e-16), 'neo': np.float64(4.4776417387754014e-18)}"
213,"{'tlac': np.float64(0.998892162248965), 'hqla': np.float64(0.04386069041036892), 'lay': np.float64(0.017049246487538583), 'eshla': np.float64(0.00010596471285118902), 'ylä': np.float64(1.1893763682270273e-18)}"
214,"{'immediate': np.float64(0.9855900757032314), 'numerous': np.float64(0.16116432176496243), 'outright': np.float64(0.042690861443524415), 'exhibit': np.float64(0.028294561305121466), 'visually': np.float64(0.003686444228304652), 'evident': np.float64(0.001257912576833761)}"
215,"{'extend': np.float64(0.7643364034728564), 'exceeds': np.float64(0.5973546663993055), 'supra': np.float64(0.1567650060689865), 'supersede': np.float64(0.15386619746661317), 'supersedes': np.float64(0.07435877496735907), 'overlifts': np.float64(0.04546715648515256), 'outperformed': np.float64(0.042220208899317054), 'peaked': np.float64(0.028342617230521863), 'extensively': np.float64(0.02290963295297836)}"
217,"{'exposure': np.float64(0.9991709221296018), 'inflation': np.float64(0.04057816364179194), 'expansion': np.float64(0.0027224928971950647), 'recruitment': np.float64(0.0011923522753569922), 'outreach': np.float64(0.0008043441293633409), 'extortion': np.float64(0.0007190874664572153), 'swell': np.float64(0.0007190874664572153), 'exploration': np.float64(0.0004472788394255245), 'proliferation': np.float64(0.00040759441879907496)}"
218,"{'external': np.float64(0.8857403680874331), 'international': np.float64(0.458057939944664), 'externally': np.float64(0.057738195444728135), 'extraterritorial': np.float64(0.041880889690028025), 'insider': np.float64(0.023273445732160628), 'migrate': np.float64(0.0036379821312398602), 'outgoing': np.float64(0.0020289761515668767), 'expatriate': np.float64(0.0004592658154350187)}"
219,"{'source': np.float64(0.9016802528852778), 'output': np.float64(0.4061464059241767), 'translation': np.float64(0.11962988354779926), 'translated': np.float64(0.06069866160718897), 'quoted': np.float64(0.046918957422439185), 'extraction': np.float64(0.03365605500829205), 'translate': np.float64(0.024398408832959968), 'sampling': np.float64(0.008500988750559104), 'extract': np.float64(0.004529258814076599)}"
220,"{'health': np.float64(0.8786152731500191), 'union': np.float64(0.4442732371240215), 'strength': np.float64(0.15805761591874956), 'fire': np.float64(0.07126170385933894), 'virtue': np.float64(0.017639522077540104), 'fell': np.float64(0.014636535271409012), 'faith': np.float64(0.008406620731874457)}"
221,"{'society': np.float64(0.994458412760812), 'leisure': np.float64(0.07412061771721123), 'shape': np.float64(0.053140807457266015), 'fashion': np.float64(0.03727336564597544), 'modeling': np.float64(0.036588021300442475), 'textile': np.float64(0.0025820170400059784)}"
222,"{'solidarity': np.float64(1.0000000000000004), 'intergovernmental': np.float64(5.551115123125884e-16), 'fied': np.float64(3.0986416042803505e-17), 'uniting': np.float64(-1.2958547990308994e-16), 'fencing': np.float64(-2.2672896732057243e-16), 'franchise': np.float64(-1.282188148469382e-15), 'federation': np.float64(-1.608632741600688e-15)}"
224,"{'intraday': np.float64(0.9769326693027172), 'rollover': np.float64(0.18310507513498148), 'fluvial': np.float64(0.0731420620896488), 'unpredictable': np.float64(0.07264851787835801), 'stabilises': np.float64(0.028978770214268368), 'fluctuate': np.float64(0.024652658864753724)}"
225,"{'view': np.float64(0.6012653107389504), 'overlay': np.float64(0.5676196307752434), 'index': np.float64(0.5547395048874723), 'stock': np.float64(0.09224804948265133), 'reader': np.float64(0.006088670116348738), 'leaf': np.float64(0.0018607101894816023), 'folio': np.float64(0.0010142189925134376), 'portfo': np.float64(0.0007955844737374266), 'portf': np.float64(0.0004052201914172014)}"
226,"{'found': np.float64(0.8220963310565969), 'reflection': np.float64(0.3817748149173044), 'fossil': np.float64(0.33287323754716847), 'tail': np.float64(0.2455191044918367), 'footprint': np.float64(0.07801719006629892), 'momentum': np.float64(0.03196284711193726), 'trademark': np.float64(0.010637830501506608), 'stick': np.float64(0.007210444447788199), 'impulse': np.float64(0.006923201880531547)}"
228,"{'offs': np.float64(0.9917425733754158), 'york': np.float64(0.07236883624888234), 'napa': np.float64(0.06681495680424986), 'loansa': np.float64(0.06404048406841695), 'rose': np.float64(0.04719842737925903), 'taiwan': np.float64(0.01874860799283274), 'frankfurt': np.float64(0.0065298006230576355), 'formosa': np.float64(0.0047071750868866395), 'orm': np.float64(-5.670371366928181e-18)}"
230,"{'three': np.float64(0.8276487562881104), 'two': np.float64(0.559335930877189), 'twelve': np.float64(0.033886537397733424), 'vii': np.float64(0.030451607520344582), 'fourteen': np.float64(0.007091175400817514), 'thirteen': np.float64(0.0035455877004089524), 'seventeen': np.float64(0.0015488274289180426)}"
235,"{'perspective': np.float64(0.8378892236535903), 'insight': np.float64(0.5064612730687164), 'peer': np.float64(0.19279108732164146), 'vision': np.float64(0.06071692006779229), 'visit': np.float64(0.021233075209997954), 'glass': np.float64(0.008922594541208029), 'glance': np.float64(0.005601043648480365), 'glossary': np.float64(0.004674630193616973)}"
236,"{'stockholm': np.float64(1.0000000000000004), 'istanbul': np.float64(3.3306690738754696e-16), 'halifax': np.float64(3.4279490647450814e-17), 'warsaw': np.float64(9.663289998556095e-19), 'oxford': np.float64(-4.1649615509894696e-17), 'glasgow': np.float64(-5.553824271576021e-17)}"
237,"{'oil': np.float64(0.8544897971732178), 'water': np.float64(0.43563527082810766), 'green': np.float64(0.22815251280314766), 'gold': np.float64(0.16059002553228086), 'golden': np.float64(0.03136249308558381), 'hot': np.float64(0.02483055465117319), 'mined': np.float64(0.019708040436661307), 'zloty': np.float64(0.013977676702990594), 'tal': np.float64(0.006239124960164587), 'ries': np.float64(0.0018709723627327209)}"
238,"{'wholesale': np.float64(0.9993066126436573), 'goodwill': np.float64(0.03624414376571126), 'west': np.float64(0.007920780733455902), 'vice': np.float64(0.0026903852145839335), 'kwg': np.float64(0.0014689246748850193), 'marketplace': np.float64(0.000722003891262913)}"
240,"{'intragroup': np.float64(0.9997858361383805), 'pas': np.float64(0.02023702727180586), 'leu': np.float64(0.004057939692340999), 'weigh': np.float64(0.0015092083134309456), 'logarithmic': np.float64(7.410261111852934e-17), 'gramme': np.float64(-0.0), 'gxgp': np.float64(-2.220446049250313e-16)}"
241,"{'osuuspankki': np.float64(1.0), 'offse': np.float64(2.0352849116490553e-16), 'wolfsberg': np.float64(1.9939492630340835e-16), 'puwtg': np.float64(5.0348426034153445e-17), 'groenbank': np.float64(4.079379468585731e-17), 'realkredit': np.float64(4.375330690526735e-18), 'korcktgf': np.float64(-5.764032729106686e-18), 'noncollateralized': np.float64(-2.9744953131378106e-17), 'remco': np.float64(-1.2527785758335238e-16), 'spv': np.float64(-2.467667519555119e-16)}"
242,"{'short': np.float64(0.9201498888502839), 'haircut': np.float64(0.37613634620532616), 'shorter': np.float64(0.09837463502123234), 'length': np.float64(0.02600065099200128), 'headcount': np.float64(0.023436430886429882), 'hire': np.float64(0.02329343584538467), 'saw': np.float64(0.0165162656871162), 'hqt': np.float64(0.011249551583608724), 'lim': np.float64(0.0009157266463091713), 'hyp': np.float64(1.5192684559122377e-20), 'kort': np.float64(3.9776920805231165e-22)}"
243,"{'heightened': np.float64(0.9178325504592592), 'perception': np.float64(0.2651925418193437), 'narrative': np.float64(0.24676485800774883), 'inception': np.float64(0.15189641027448633), 'invention': np.float64(0.03467610390968427), 'hallucination': np.float64(0.034676103909684126), 'stimulus': np.float64(0.023403320502431758), 'subjective': np.float64(0.016014988832617625), 'prescription': np.float64(0.0090471452088191)}"
244,"{'shipping': np.float64(0.9447949090855668), 'ship': np.float64(0.26959428422485415), 'haulage': np.float64(0.13757506032642738), 'truck': np.float64(0.10579669285569437), 'trafficking': np.float64(0.04935871702786339), 'procurement': np.float64(0.03353150911153969), 'transit': np.float64(0.026676353194536522), 'hiking': np.float64(0.017011506887062988)}"
246,"{'immaterial': np.float64(0.9826479090030348), 'valuing': np.float64(0.1664724255325572), 'sentiment': np.float64(0.07474539332018183), 'hedonic': np.float64(0.03085122283186978), 'oversensitivity': np.float64(0.01204151080945359), 'tolerant': np.float64(0.0022238219940655915), 'moral': np.float64(0.0011846221447354107)}"
247,"{'hämeen': np.float64(0.7108942609884277), 'heinonen': np.float64(0.3554471304942138), 'jaakko': np.float64(0.3554471304942137), 'pehkonen': np.float64(0.3554471304942137), 'suomen': np.float64(0.24382179452528238), 'tarkkanen': np.float64(0.23696475366280917)}"
249,"{'immediately': np.float64(0.9982442433716692), 'herein': np.float64(0.04188335334786166), 'presently': np.float64(0.04188335334786157), 'inclu': np.float64(1.1302682807684094e-16), 'whethe': np.float64(-1.828246246719798e-18)}"
251,"{'hpid': np.float64(0.6147660277839609), 'hpig': np.float64(0.6147660277839606), 'pva': np.float64(0.4653505624439047), 'ltip': np.float64(0.16344012377686756), 'ihc': np.float64(0.029353741471996056), 'rrrc': np.float64(8.350184949316833e-18), 'kpis': np.float64(4.294580226051069e-18), 'sphs': np.float64(-1.2612382982800408e-19), 'rniv': np.float64(-5.942869333783244e-18), 'uhnw': np.float64(-5.942869333783244e-18)}"
252,"{'htqo': np.float64(0.6011031117401512), 'kpkowo': np.float64(0.46140186716003784), 'okpkowo': np.float64(0.4614018671600378), 'ƃto': np.float64(0.4614018671600378), 'mrmq': np.float64(3.019388900570428e-17)}"
256,"{'ibor': np.float64(0.9776413456630189), 'lira': np.float64(0.15289114546135374), 'interdependency': np.float64(0.11834837888163917), 'wibid': np.float64(0.05927841668894146), 'ibors': np.float64(0.05501228831391358), 'lre': np.float64(0.017177763391199516), 'inr': np.float64(-4.101061244184571e-20)}"
257,"{'unsecured': np.float64(0.9965692998057687), 'intangible': np.float64(0.0809551895257224), 'unlisted': np.float64(0.012943426397842588), 'uncollateralized': np.float64(0.009593353486725874), 'unobservable': np.float64(0.00383945945272502), 'illiquidity': np.float64(0.003234205419966394), 'unviable': np.float64(0.0028251387044686063), 'illiquid': np.float64(0.0012271062928272958), 'uncollectible': np.float64(0.0009401011832807998), 'unconsolidated': np.float64(0.0008447228200977821), 'unwritten': np.float64(0.00019281138595406554), 'untaxed': np.float64(4.5571227180117043e-07)}"
263,"{'unchanged': np.float64(0.8272817634906832), 'undifferentiated': np.float64(0.5421072678956169), 'insignificant': np.float64(0.12561548236935816), 'negligible': np.float64(0.07159941207906988), 'nitrogen': np.float64(0.02626379782519957), 'inorganic': np.float64(0.009162763059305766), 'tional': np.float64(0.0061395998458891494), 'irrelevant': np.float64(0.002725927399895988)}"
265,"{'intelligence': np.float64(0.9964717161446925), 'semiconductor': np.float64(0.07955001480848913), 'silicon': np.float64(0.024246427214240498), 'inv': np.float64(0.011314806006512315), 'intel': np.float64(-0.0)}"
269,"{'western': np.float64(0.6015231659238731), 'spanish': np.float64(0.504040129005132), 'nikkei': np.float64(0.46588851763761857), 'latin': np.float64(0.28187547725523987), 'jpy': np.float64(0.19392743619108455), 'japanese': np.float64(0.19124607515949343), 'yuan': np.float64(0.11586467060069373)}"
271,"{'pool': np.float64(0.9989047009718968), 'svar': np.float64(0.04678335156111787), 'vart': np.float64(0.000583300807824006), 'valley': np.float64(0.000473933170936849), 'järvi': np.float64(0.00038928199453719945)}"
273,"{'reported': np.float64(0.9877074830798703), 'known': np.float64(0.13443105404332256), 'know': np.float64(0.054616126500173584), 'lesson': np.float64(0.045014836549313174), 'read': np.float64(0.03611742212054495), 'learn': np.float64(0.005862742573980953), 'news': np.float64(0.0037580396835030735)}"
274,"{'third': np.float64(0.806156968175387), 'past': np.float64(0.5124714764660766), 'less': np.float64(0.28623382280695076), 'latter': np.float64(0.07041926999914123), 'recently': np.float64(0.02439781885857903)}"
275,"{'laundering': np.float64(0.9937524786480431), 'spend': np.float64(0.07624792306536685), 'refinance': np.float64(0.056971795121164376), 'monetised': np.float64(0.0401230716850102), 'unwind': np.float64(0.0298007596873394), 'monetising': np.float64(0.0200615358425051), 'vishing': np.float64(0.0200615358425051), 'launder': np.float64(0.00633193324652252), 'savon': np.float64(0.0060612329355874415), 'loansd': np.float64(0.004095295632802116)}"
276,"{'lead': np.float64(0.9617530342644822), 'paper': np.float64(0.260362188340386), 'pose': np.float64(0.05772332519829447), 'mlod': np.float64(0.050149136039362704), 'layer': np.float64(0.023031700729284857), 'render': np.float64(0.01917979864061962), 'lie': np.float64(0.016082506063364466), 'league': np.float64(0.015451308441938216)}"
282,"{'lrm': np.float64(0.987087457637497), 'slr': np.float64(0.16018224300696735), 'lrmf': np.float64(1.5458178744748115e-16), 'lowa': np.float64(-0.0), 'mrwa': np.float64(-4.33205365823285e-18), 'roa': np.float64(-8.709423022618066e-16)}"
283,"{'stable': np.float64(0.9953217018390857), 'maintenance': np.float64(0.09338776675040145), 'manual': np.float64(0.021374300155842074), 'scheduled': np.float64(0.012131421328924143), 'reestablishing': np.float64(0.0030663950994854684)}"
286,"{'mark': np.float64(0.9420383493672048), 'marketing': np.float64(0.2955213854426137), 'masterscale': np.float64(0.11686300934098294), 'miss': np.float64(0.10758204364744184), 'mont': np.float64(-9.347594353537735e-18)}"
289,"{'rwa': np.float64(0.9994328127638572), 'mrsa': np.float64(0.03263716177397503), 'mda': np.float64(0.005827054261542615), 'mln': np.float64(0.004103553393142723), 'mormc': np.float64(0.004101519514989831), 'tmnl': np.float64(0.001119047860840178)}"
290,"{'tions': np.float64(1.0000000000000004), 'micro': np.float64(1.1789120922405073e-16), 'merton': np.float64(1.1102230246251565e-16), 'megatrends': np.float64(-0.0), 'sustainalytics': np.float64(-1.505889875117746e-17), 'sdgs': np.float64(-3.3790190685071776e-17)}"
295,"{'securitization': np.float64(0.7229276375749387), 'securitizations': np.float64(0.6192613392562532), 'multiplier': np.float64(0.22709252787354095), 'securitized': np.float64(0.1645455339945709), 'monetization': np.float64(0.12216948398459171), 'securitisation': np.float64(0.01787156238985041)}"
298,"{'nominal': np.float64(0.9997392919851095), 'nated': np.float64(0.022642373393086713), 'nking': np.float64(0.0029446541799992287), 'supranationals': np.float64(1.1125688283643895e-17), 'nominating': np.float64(3.028692657478409e-18), 'nomination': np.float64(-1.2594958810441439e-20)}"
