topic,topic_distribution
0,"{'asset': np.float64(0.8807828722558602), 'activity': np.float64(0.3178745590817722), 'also': np.float64(0.2885592186340522), 'account': np.float64(0.1125355147480907), 'area': np.float64(0.08390375585003117), 'action': np.float64(0.08219763156052115), 'approval': np.float64(0.06333951502962483), 'act': np.float64(0.05120364765108198), 'aim': np.float64(0.04238249047644727), 'asia': np.float64(0.029645263379161905), 'amt': np.float64(0.02885910041080046), 'remaining': np.float64(0.02384783896311318), 'agreed': np.float64(0.01801214589357373), 'even': np.float64(0.017308485353105398), 'association': np.float64(0.016537584049192137), 'icaap': np.float64(0.015168892852630744), 'bbb': np.float64(0.014443011867123764), 'usa': np.float64(0.013677688772761766), 'iaa': np.float64(0.012024625171166863), 'iaaa': np.float64(0.012024625171166863), 'ama': np.float64(0.01196283734297958), 'eve': np.float64(0.010164964392125098), 'etc': np.float64(0.008710646145723814), 'aaa': np.float64(0.007517534328866271), 'ccc': np.float64(0.006908969135716379), 'assist': np.float64(0.00661627899968027), 'acute': np.float64(0.00619859325432079), 'baa': np.float64(0.006150471970222693), 'erc': np.float64(0.0060215795081252), 'aear': np.float64(0.005975883301615024), 'approve': np.float64(0.005607217921052664), 'caa': np.float64(0.005516180573539953), 'avg': np.float64(0.005398671411700229), 'afc': np.float64(0.005143955021559259), 'abcp': np.float64(0.005080164615097582), 'bac': np.float64(0.004864829601325589), 'alm': np.float64(0.004636883896674851), 'aware': np.float64(0.003985404716959716), 'always': np.float64(0.003928119897855128), 'alert': np.float64(0.0039047503901806697), 'aml': np.float64(0.0031921463061460754), 'alia': np.float64(0.002672535981602554), 'agent': np.float64(0.0024893900024678), 'assignment': np.float64(0.002435461913458978), 'alpha': np.float64(0.002404925034233371), 'attribute': np.float64(0.002127221498873878), 'iam': np.float64(0.0019017125042198532), 'arching': np.float64(0.0017497277947295321), 'rtc': np.float64(0.0016054614320566093), 'rea': np.float64(0.0015811766969675179), 'ima': np.float64(0.0015758936409018382), 'agm': np.float64(0.0014571192846498495), 'automatic': np.float64(0.0013959944155440536), 'eea': np.float64(0.0013706422161678042), 'axis': np.float64(0.0012024625171166855), 'ups': np.float64(0.0010815346724446313), 'acams': np.float64(0.001075886251224204), 'auto': np.float64(0.0010490105099695314), 'psps': np.float64(0.001000239992914218), 'ante': np.float64(0.0009729659202651178), 'edd': np.float64(0.0008675260907957579), 'jsc': np.float64(0.000822973230951178), 'avatar': np.float64(0.0006682099061850348), 'ooo': np.float64(0.0006682099061850348), 'app': np.float64(0.0006661257200085588), 'asf': np.float64(0.0006551972395038392), 'aside': np.float64(0.0006551972395038392), 'amc': np.float64(0.0006029277206367205), 'ago': np.float64(0.0005461839581781825), 'accountse': np.float64(0.0005059715590774961), 'assetsa': np.float64(0.0005059715590774961), 'administrator': np.float64(0.000500119996457109), 'aud': np.float64(0.0004937839385707067), 'ras': np.float64(0.0004876285205428516), 'assetsb': np.float64(0.0004811248822671408), 'authentication': np.float64(0.0004574983901212424), 'era': np.float64(0.0004189518152861602), 'aug': np.float64(0.00040574099581489227), 'apr': np.float64(0.00039943494808064275), 'aid': np.float64(0.00038489044623564927), 'reas': np.float64(0.00030146386031836025), 'asking': np.float64(0.0002935944163250193), 'agement': np.float64(0.0002603323492013721), 'afca': np.float64(0.0002500599982285545), 'alfa': np.float64(0.00018221078371043157), 'aum': np.float64(0.00017886577444283584), 'acc': np.float64(0.00015877982105030417), 'apps': np.float64(0.00015034979963322463), 'aiver': np.float64(0.0001444247527058519), 'asse': np.float64(0.0001444247527058519), 'rre': np.float64(0.0001253431423611333), 'ate': np.float64(9.122165946250941e-05), 'ari': np.float64(8.356209490742225e-05), 'aries': np.float64(8.330516430611705e-05), 'arcc': np.float64(7.786573489912207e-05), 'ara': np.float64(7.534272069294655e-05), 'agms': np.float64(1.2612095468499072e-05), 'amf': np.float64(1.2612095468499072e-05), 'anna': np.float64(1.2612095468499072e-05), 'iva': np.float64(1.2612095468499072e-05)}"
1,"{'eur': np.float64(0.9915289905857283), 'crr': np.float64(0.06400945748568133), 'rwa': np.float64(0.06386291189236766), 'organisation': np.float64(0.043671700217753816), 'resource': np.float64(0.04189542444752847), 'apply': np.float64(0.03881280037713835), 'arises': np.float64(0.031302222831374335), 'application': np.float64(0.03034157487491559), 'agency': np.float64(0.027561562601647466), 'approximately': np.float64(0.014515229081845153), 'raf': np.float64(0.01110731893549077), 'srep': np.float64(0.01099743888678954), 'aspect': np.float64(0.008994390210378853), 'apart': np.float64(0.007923816252106992), 'roa': np.float64(0.006825474733116477), 'parp': np.float64(0.006067329491730104), 'payer': np.float64(0.00549150838538586), 'irb': np.float64(0.005341331938474241), 'operative': np.float64(0.005150728035165163), 'creation': np.float64(0.004633599210904518), 'sharing': np.float64(0.003947587402922933), 'ilaap': np.float64(0.0038181630005846155), 'arab': np.float64(0.0027735177799670186), 'irba': np.float64(0.0026942787622834703), 'pace': np.float64(0.002371103416274207), 'approver': np.float64(0.002144505585576854), 'upstream': np.float64(0.0019410790203531205), 'pit': np.float64(0.0019005098133828427), 'npa': np.float64(0.001711325741590353), 'cpri': np.float64(0.0016331577214073276), 'ease': np.float64(0.0012642079765582074), 'unep': np.float64(0.0012455271656947459), 'alrb': np.float64(0.0010323464966325746), 'apac': np.float64(0.0007605744814795166), 'acpr': np.float64(0.0007261022292808087), 'rrap': np.float64(0.0006577397834937912), 'emapp': np.float64(0.0006081893446117943), 'appraisal': np.float64(0.000600411546420845), 'appraiser': np.float64(0.000600411546420845), 'rata': np.float64(0.000600411546420845), 'pair': np.float64(0.00046975654017320005), 'tap': np.float64(0.0004235889908268981), 'ops': np.float64(0.0004139912932254613), 'cope': np.float64(0.0004136169555577807), 'rcp': np.float64(0.00035364511118789383), 'sar': np.float64(0.00029638458948825526), 'apparel': np.float64(0.0002748234621758782), 'ran': np.float64(0.00024765295700837387), 'eafe': np.float64(0.00023898863704200192), 'manu': np.float64(0.0002142906976036816), 'rcuv': np.float64(0.0001830120634971033), 'reappraisal': np.float64(0.0001705329039203599), 'ordination': np.float64(0.00016758333441664074), 'orp': np.float64(0.00012583927613938912), 'respon': np.float64(8.270295897083184e-05), 'aarup': np.float64(6.236655681740512e-05), 'airplus': np.float64(6.2366556817377e-05), 'andersen': np.float64(6.2366556817377e-05), 'anne': np.float64(6.2366556817377e-05), 'transac': np.float64(4.0252646473619584e-05)}"
2,"{'decrease': np.float64(0.47066044858228206), 'adverse': np.float64(0.46124933379159005), 'reduction': np.float64(0.37037888904701294), 'mitigation': np.float64(0.31070030743727367), 'reduced': np.float64(0.2538711187111043), 'reduce': np.float64(0.24944101269812172), 'deduction': np.float64(0.2268690119393309), 'mitigate': np.float64(0.1917482470163399), 'adversely': np.float64(0.1529462298731517), 'forborne': np.float64(0.15150990002045045), 'excludes': np.float64(0.1463547568205769), 'mitigating': np.float64(0.1180373550225116), 'reducing': np.float64(0.0994192654362254), 'avoid': np.float64(0.059437034873422), 'mitigated': np.float64(0.056626920568660304), 'deducted': np.float64(0.05630059170690536), 'termination': np.float64(0.054592339156398335), 'detriment': np.float64(0.043393197585074324), 'cure': np.float64(0.039127503032297915), 'reduces': np.float64(0.03667257067652372), 'exclude': np.float64(0.03492994384891568), 'removal': np.float64(0.023157726944973454), 'lesser': np.float64(0.02307304577537349), 'cease': np.float64(0.02085163815019205), 'minimize': np.float64(0.020643775785029593), 'terminate': np.float64(0.020529722693329887), 'absorb': np.float64(0.019110166094896224), 'mitigates': np.float64(0.018341104101329223), 'remove': np.float64(0.016914840567142955), 'remediate': np.float64(0.015691009284785968), 'censure': np.float64(0.01546394914155131), 'subdued': np.float64(0.015326168736864047), 'eliminate': np.float64(0.014947859197102804), 'minimising': np.float64(0.01337177439917528), 'ceasing': np.float64(0.01300332897729044), 'minimise': np.float64(0.012933153000336817), 'absorption': np.float64(0.012509925790170812), 'deviate': np.float64(0.011890615255715452), 'mitigant': np.float64(0.011380799758767924), 'combating': np.float64(0.011360672023550374), 'deducting': np.float64(0.011062976790067068), 'abuse': np.float64(0.010004446494838068), 'shrink': np.float64(0.009434600634961198), 'deminimis': np.float64(0.009235631998963061), 'deduct': np.float64(0.008786301767686737), 'avoids': np.float64(0.007713649467083012), 'modify': np.float64(0.007653213988064359), 'refine': np.float64(0.007035024652193282), 'reprimand': np.float64(0.00700940027361772), 'precluded': np.float64(0.006254962895085406), 'subtracting': np.float64(0.006254962895085406), 'removing': np.float64(0.006220438599979115), 'inhibit': np.float64(0.006185257152772478), 'omitted': np.float64(0.006185257152772478), 'abrupt': np.float64(0.0060834005777308615), 'eliminated': np.float64(0.006029812797593047), 'diminished': np.float64(0.0051173250470917106), 'veto': np.float64(0.004978835881533684), 'deductible': np.float64(0.004915076049153974), 'hampered': np.float64(0.0049129968426463895), 'narrowed': np.float64(0.0049129968426463895), 'trim': np.float64(0.004911440686811629), 'prohibit': np.float64(0.004745419301574617), 'elimination': np.float64(0.0035902895411847775), 'abused': np.float64(0.003359089410659189), 'abate': np.float64(0.003275849947042519), 'demise': np.float64(0.0032758499470425116), 'suppression': np.float64(0.0032758499470425116), 'receded': np.float64(0.0032719172256466416), 'abolished': np.float64(0.0032115813183069804), 'refusing': np.float64(0.0031199413008601443), 'foregoing': np.float64(0.0030934348360063526), 'revocation': np.float64(0.0030934348360063526), 'impair': np.float64(0.0030918223167661265), 'refines': np.float64(0.0025313388726013303), 'abreast': np.float64(0.002496842144140664), 'revert': np.float64(0.0023618418346427134), 'aversion': np.float64(0.002342246027280225), 'amend': np.float64(0.002234546594637699), 'cured': np.float64(0.0020715504383355694), 'hinders': np.float64(0.0020715504383355694), 'withdraw': np.float64(0.0017731684513737293), 'dampened': np.float64(0.0015564640910198083), 'discontinue': np.float64(0.0014742730277239125), 'abated': np.float64(0.0012668613385679911), 'imputed': np.float64(0.0012668613385679911), 'tapering': np.float64(0.00126447753403334), 'curtailment': np.float64(0.0010599211251723787), 'eliminates': np.float64(0.0008938849993508348), 'abovementioned': np.float64(0.0008820341274369909), 'terminated': np.float64(0.0007882748902760948), 'lowering': np.float64(0.0007136375861517613), 'waive': np.float64(0.00038039579100025944), 'ated': np.float64(0.00037712859927106193), 'deter': np.float64(7.617907260150055e-05)}"
3,"{'compliance': np.float64(0.6311043999646176), 'must': np.float64(0.39236571501837064), 'ensure': np.float64(0.3597359621537447), 'manage': np.float64(0.31617129681773976), 'continue': np.float64(0.21078689096007477), 'accordance': np.float64(0.18647130150146177), 'remains': np.float64(0.15570306266214465), 'maintain': np.float64(0.14770265438556038), 'require': np.float64(0.11244860161566719), 'remain': np.float64(0.11205713669657326), 'remained': np.float64(0.09622039325596042), 'hold': np.float64(0.09584441615585085), 'occur': np.float64(0.08481382597613446), 'comply': np.float64(0.0715925679982494), 'adherence': np.float64(0.07125942942583788), 'yield': np.float64(0.06382536224878424), 'allow': np.float64(0.05310975377331549), 'along': np.float64(0.05168028661938781), 'keep': np.float64(0.04645267358018871), 'compliant': np.float64(0.04644765383361648), 'operate': np.float64(0.04392048681858093), 'consist': np.float64(0.04049735713995681), 'rely': np.float64(0.040088931738645736), 'fulfil': np.float64(0.03804731540941534), 'vary': np.float64(0.032675083894605696), 'governed': np.float64(0.03198739951605372), 'incorporate': np.float64(0.03186360022250657), 'believe': np.float64(0.026825057809638193), 'contain': np.float64(0.025618648343723883), 'exist': np.float64(0.024852321306119987), 'accept': np.float64(0.023080776112365475), 'relies': np.float64(0.02134889790001958), 'withstand': np.float64(0.02070791527651459), 'carry': np.float64(0.018608412462495345), 'govern': np.float64(0.018522134756262017), 'shall': np.float64(0.017974401594517582), 'undertake': np.float64(0.01790616267103317), 'living': np.float64(0.016839012929267334), 'incur': np.float64(0.015640175535830747), 'live': np.float64(0.015033708843827435), 'keeping': np.float64(0.015007963680191463), 'stay': np.float64(0.014993854352219298), 'domiciled': np.float64(0.014407677190388957), 'depend': np.float64(0.013891301009984737), 'fulfill': np.float64(0.013012812212861711), 'adhere': np.float64(0.012603623645244463), 'pursue': np.float64(0.011960885571133284), 'complied': np.float64(0.01077382852321749), 'complies': np.float64(0.010466237190654853), 'settle': np.float64(0.010279111348671524), 'adheres': np.float64(0.010178014596140062), 'standby': np.float64(0.0100525234837688), 'engage': np.float64(0.009932133237364417), 'adhering': np.float64(0.009861690723920777), 'adhered': np.float64(0.009588674868754435), 'enforce': np.float64(0.009428814009745308), 'resides': np.float64(0.009295374361819642), 'belong': np.float64(0.008526867872492594), 'suffer': np.float64(0.00809512861543433), 'encompass': np.float64(0.00690599483893856), 'participate': np.float64(0.006712249272713761), 'complying': np.float64(0.006522026100186338), 'survive': np.float64(0.006347698238439713), 'happen': np.float64(0.0061760809336309196), 'governs': np.float64(0.005838668422782994), 'belonging': np.float64(0.005762336593004358), 'intend': np.float64(0.005172452620098515), 'undergo': np.float64(0.0050111321872535084), 'appear': np.float64(0.004877839889578435), 'conform': np.float64(0.0039114758631953695), 'succeed': np.float64(0.0037186244945918473), 'necessitate': np.float64(0.0034422747587248047), 'therein': np.float64(0.003334323544735944), 'occupy': np.float64(0.0031246034203826056), 'existence': np.float64(0.003046653408409678), 'dwelling': np.float64(0.003046225294327494), 'presence': np.float64(0.002829727255779477), 'belongs': np.float64(0.0025883485012880157), 'relying': np.float64(0.0025883485012880157), 'substantiate': np.float64(0.0025883485012880157), 'persisted': np.float64(0.0024602259609395457), 'sit': np.float64(0.0024056909950420416), 'cooperate': np.float64(0.0023111406108184593), 'navigate': np.float64(0.001871169201184615), 'persist': np.float64(0.0018626305484536478), 'observe': np.float64(0.001836620633059492), 'habit': np.float64(0.0017873208407753974), 'staying': np.float64(0.0016591983004269261), 'embrace': np.float64(0.0016092901666155152), 'persists': np.float64(0.0014780266209467369), 'refrain': np.float64(0.0014140203407781839), 'proceed': np.float64(0.0009290808776907569), 'abide': np.float64(0.0009162078285746375), 'pliance': np.float64(0.0008891182655176922), 'pertains': np.float64(0.000775879213968152), 'sustain': np.float64(0.00077155545130998), 'prevail': np.float64(0.0006612496808461779), 'attend': np.float64(0.00013759776482590006)}"
4,"{'liability': np.float64(0.7092394285693194), 'impairment': np.float64(0.3940498644859015), 'potential': np.float64(0.38816366096479904), 'responsibility': np.float64(0.20455837346063213), 'available': np.float64(0.19660585555178248), 'adequacy': np.float64(0.1455679407979879), 'ability': np.float64(0.13504095230261062), 'facility': np.float64(0.11316653412507571), 'provided': np.float64(0.1123381271171906), 'capacity': np.float64(0.09882239070435775), 'access': np.float64(0.0777988460767045), 'power': np.float64(0.048011686403938186), 'allocated': np.float64(0.04730509305761959), 'active': np.float64(0.04610825081460391), 'requires': np.float64(0.04331799053535531), 'allocation': np.float64(0.04199605268385775), 'enable': np.float64(0.039275411292921926), 'able': np.float64(0.03882005610072945), 'vulnerability': np.float64(0.03575093772820015), 'capability': np.float64(0.03542892717272073), 'enables': np.float64(0.03376508930231854), 'utility': np.float64(0.03323955891787969), 'dependent': np.float64(0.03266413890083282), 'difficulty': np.float64(0.030748998482664065), 'affordability': np.float64(0.03040219400475846), 'availability': np.float64(0.02960642509102411), 'inclusion': np.float64(0.027840899513815125), 'anticipated': np.float64(0.027424694626296355), 'unable': np.float64(0.02727608422980875), 'awareness': np.float64(0.025935168553056692), 'allows': np.float64(0.025624260242103503), 'limitation': np.float64(0.02534667549588363), 'inability': np.float64(0.023075226648783736), 'advanced': np.float64(0.019714147123526874), 'willing': np.float64(0.019687719469645544), 'encumbered': np.float64(0.01789030591806468), 'allowing': np.float64(0.014978950396692692), 'readily': np.float64(0.013797242363827752), 'competence': np.float64(0.013305811329486475), 'eligibility': np.float64(0.013112833023840314), 'facilitation': np.float64(0.01242384961645012), 'unavailability': np.float64(0.0121248987147877), 'allowed': np.float64(0.010750676573577497), 'liable': np.float64(0.009206534495482489), 'equipment': np.float64(0.008857844142018376), 'enabling': np.float64(0.008177045583539874), 'permitted': np.float64(0.007854259398240124), 'enabled': np.float64(0.0074905385254201), 'skill': np.float64(0.007013993424154694), 'possibility': np.float64(0.00688269276432281), 'recoverability': np.float64(0.0068780718043615395), 'authorized': np.float64(0.006617550968702414), 'authorization': np.float64(0.006522686502498446), 'ment': np.float64(0.0062630428617619135), 'reliant': np.float64(0.006168571849708861), 'optionality': np.float64(0.0050904381872353245), 'permission': np.float64(0.004899204633582169), 'flexibility': np.float64(0.004557406551014923), 'readiness': np.float64(0.003951153424269856), 'provisioned': np.float64(0.003918462466005938), 'preparedness': np.float64(0.0036736404840527937), 'adapting': np.float64(0.0034301380334931905), 'compatible': np.float64(0.003276101100093364), 'achievement': np.float64(0.0031983618936157095), 'responsiveness': np.float64(0.0031265841767360455), 'disability': np.float64(0.0028422625941975726), 'mobility': np.float64(0.002729033679336245), 'accessible': np.float64(0.0025139472716085897), 'impairmentc': np.float64(0.00211783942653146), 'functionality': np.float64(0.0019989440656736643), 'movable': np.float64(0.0019042809148012564), 'willingness': np.float64(0.0015819962146797714), 'optionalities': np.float64(0.001557849259161145), 'adapts': np.float64(0.0014279757315144115), 'allowancec': np.float64(0.0014084375906252397), 'attachment': np.float64(0.0014021656313955304), 'accommodative': np.float64(0.0013980715094380404), 'ance': np.float64(0.0005552103192494823), 'incapacity': np.float64(0.0005291865904863749), 'usability': np.float64(0.0005017140570309516), 'ity': np.float64(0.0004409236153750382), 'resiliency': np.float64(0.0003647380641726105), 'capable': np.float64(0.00036282150780182857), 'compatibility': np.float64(0.0003619485714760579), 'competency': np.float64(0.00033972630043222233), 'sibility': np.float64(0.00031568305365178064), 'ency': np.float64(0.00014910769217813539), 'tainability': np.float64(0.0001237770831724417)}"
5,"{'foreign': np.float64(0.7330194967679586), 'different': np.float64(0.4136794964964866), 'negative': np.float64(0.3451272637819333), 'impaired': np.float64(0.2797691355548939), 'elevated': np.float64(0.13510900315252702), 'beyond': np.float64(0.1144696905591763), 'extreme': np.float64(0.11313435257483001), 'normal': np.float64(0.09368669822258438), 'excess': np.float64(0.09225277332018683), 'wrong': np.float64(0.08363342532958612), 'excluded': np.float64(0.061174014453666554), 'inadequate': np.float64(0.0582300887300102), 'deviation': np.float64(0.04980587804595279), 'exceeding': np.float64(0.04731683430805085), 'outlier': np.float64(0.04621050283017245), 'ordinary': np.float64(0.043281106365858524), 'exceptional': np.float64(0.03147071628134528), 'undue': np.float64(0.03023466480453569), 'inappropriate': np.float64(0.02971682774514988), 'exceed': np.float64(0.028118383867893813), 'artificial': np.float64(0.025815402511369778), 'exceeded': np.float64(0.025165729503941508), 'malicious': np.float64(0.023016254761040987), 'unauthorised': np.float64(0.022900548897308533), 'illegal': np.float64(0.021173446590731497), 'excessive': np.float64(0.018751556309071254), 'usual': np.float64(0.01808997065193815), 'illicit': np.float64(0.015439999251354005), 'unacceptable': np.float64(0.014517003191856457), 'unfavourable': np.float64(0.01390535248125259), 'asymmetry': np.float64(0.013473780295349765), 'disrupted': np.float64(0.012662032090204087), 'substandard': np.float64(0.011840977649238903), 'ordinarily': np.float64(0.011184042369654881), 'disorderly': np.float64(0.01112633137653183), 'harmful': np.float64(0.01054922911671626), 'unauthorized': np.float64(0.01051256708705015), 'disruptive': np.float64(0.009710519391348905), 'suspicious': np.float64(0.009163954482399388), 'undesired': np.float64(0.00893918544209517), 'unethical': np.float64(0.008758096654920278), 'unprecedented': np.float64(0.008170788844787603), 'bad': np.float64(0.007836492011534184), 'benign': np.float64(0.007281739337723292), 'flaw': np.float64(0.0071560323587505775), 'improper': np.float64(0.0064784753857103404), 'unsuitable': np.float64(0.00635606152113081), 'improperly': np.float64(0.006269014386185178), 'unintended': np.float64(0.006133318077803894), 'abroad': np.float64(0.0057548731852307645), 'biased': np.float64(0.005692158987590974), 'unusual': np.float64(0.005364822833396023), 'deviating': np.float64(0.005285744435030628), 'normally': np.float64(0.005215147207532331), 'undesirable': np.float64(0.0051724633262205544), 'unstable': np.float64(0.004977277918599987), 'erroneous': np.float64(0.0041675540142454845), 'erroneously': np.float64(0.0041675540142454845), 'illegally': np.float64(0.0041675540142454845), 'inappropriately': np.float64(0.004123717481025963), 'exogenous': np.float64(0.004003559312410657), 'extraordinary': np.float64(0.003996293383642212), 'inaccurate': np.float64(0.003995371997255417), 'lacking': np.float64(0.003995371997255417), 'unfairly': np.float64(0.003883382280389219), 'flawed': np.float64(0.003345829455568213), 'impropriety': np.float64(0.0032392376928551702), 'altered': np.float64(0.0031489733153419464), 'unduly': np.float64(0.0031168238282756394), 'contrary': np.float64(0.003059339025594924), 'skewed': np.float64(0.002988478344505093), 'unaltered': np.float64(0.002988478344505093), 'unlawfully': np.float64(0.002988478344505093), 'unforeseen': np.float64(0.0029044312762115934), 'exceptionally': np.float64(0.0024975872597131844), 'turbulent': np.float64(0.0024706741659533847), 'damaged': np.float64(0.0021982981527569946), 'sick': np.float64(0.002188507506885323), 'unconventional': np.float64(0.001983569032530024), 'unlawful': np.float64(0.0019815846917547687), 'unfavorable': np.float64(0.0019657640635584116), 'fraudulent': np.float64(0.0019476916528201813), 'sickness': np.float64(0.0018604540903243486), 'unfair': np.float64(0.0015216567513542283), 'altering': np.float64(0.0014205634788229866), 'unfavourably': np.float64(0.0014092958945540576), 'toxic': np.float64(0.001195373181557182), 'overly': np.float64(0.001189106272331033), 'unnecessary': np.float64(0.000524101742426522), 'disturbed': np.float64(0.00045324106133669143), 'unpredicted': np.float64(0.00045324106133669143), 'abnormal': np.float64(0.0004228058257142666), 'uncontrolled': np.float64(0.0003977162962578752), 'rare': np.float64(0.00031486497497550456), 'unexpect': np.float64(0.00015937004746763398)}"
6,"{'loss': np.float64(0.9878128154889179), 'excluding': np.float64(0.12848174423292252), 'without': np.float64(0.037982209417123214), 'exemption': np.float64(0.036779712203664806), 'gap': np.float64(0.031657975503230476), 'except': np.float64(0.02961550361288526), 'shortfall': np.float64(0.02794958857186438), 'insufficient': np.float64(0.01809843533431922), 'unexpected': np.float64(0.017857905578009415), 'weakness': np.float64(0.01686711263773254), 'negatively': np.float64(0.014613916658946858), 'deficiency': np.float64(0.013221057843032959), 'lack': np.float64(0.011753471065080543), 'cancellation': np.float64(0.009643570661075213), 'delinquency': np.float64(0.00890304037461311), 'expired': np.float64(0.0086134445380073), 'missing': np.float64(0.007805350233719462), 'withdrawal': np.float64(0.007212256373689964), 'absence': np.float64(0.0068258920129226465), 'withdrawn': np.float64(0.006381882212093618), 'evasion': np.float64(0.006020212445391325), 'avoiding': np.float64(0.0054715029598446305), 'deficit': np.float64(0.005450674811676225), 'exclusion': np.float64(0.005074945188012139), 'leaving': np.float64(0.00493592810439664), 'unavailable': np.float64(0.004508231501545267), 'cessation': np.float64(0.00448129443417101), 'ineffectiveness': np.float64(0.00423472248208548), 'shortcoming': np.float64(0.004161164490183631), 'fails': np.float64(0.003929016628074179), 'discontinuation': np.float64(0.0037442969493014138), 'outage': np.float64(0.003484910512010358), 'shortage': np.float64(0.0034666274753899573), 'inaction': np.float64(0.003199857433668308), 'suspension': np.float64(0.0031791434958757967), 'vacancy': np.float64(0.0026833783140638324), 'away': np.float64(0.0026830649244054313), 'interruption': np.float64(0.002640028653778266), 'none': np.float64(0.0024517714922144126), 'immateriality': np.float64(0.0020935341285490293), 'possession': np.float64(0.0020935341285490293), 'leakage': np.float64(0.0019328011427588358), 'vacant': np.float64(0.0016784587448780842), 'depletion': np.float64(0.0015340478802563342), 'null': np.float64(0.0014943203488475513), 'separation': np.float64(0.0014828040151038955), 'dismissal': np.float64(0.0013462466332374015), 'illness': np.float64(0.0013129157100780237), 'avoidance': np.float64(0.0012026001589696535), 'ineffectivenes': np.float64(0.0011954562790780416), 'incomplete': np.float64(0.0011711793488889757), 'inaccessibility': np.float64(0.0010017889132669278), 'omission': np.float64(0.0009542735456357753), 'inactive': np.float64(0.0008965922093085314), 'departure': np.float64(0.0007681608111723269), 'missed': np.float64(0.0007681608111723269), 'furlough': np.float64(0.000637795364994471), 'scarcity': np.float64(0.0005722217269688933), 'attendance': np.float64(0.000504924104803877), 'inaccessible': np.float64(0.00046483130049982286), 'avoided': np.float64(0.00031529528979322153), 'postponement': np.float64(0.0002839976000822503), 'withholding': np.float64(0.00020926541233258798)}"
7,"{'total': np.float64(0.6511517169786024), 'value': np.float64(0.6090299604821928), 'amount': np.float64(0.2677165993534028), 'basis': np.float64(0.17714898572731005), 'defined': np.float64(0.13973946314217386), 'quality': np.float64(0.13928468666199573), 'significant': np.float64(0.13073691258686732), 'real': np.float64(0.12684357049844), 'overall': np.float64(0.07697912666826638), 'physical': np.float64(0.0637503344168977), 'maximum': np.float64(0.056561582553066626), 'amounting': np.float64(0.05060408755815455), 'definition': np.float64(0.045753695335661856), 'full': np.float64(0.03785039857764901), 'base': np.float64(0.035805374202636256), 'actual': np.float64(0.03509922131915545), 'consistent': np.float64(0.034756456516283084), 'relative': np.float64(0.03334824003264422), 'final': np.float64(0.02894640752317679), 'major': np.float64(0.02601511828725262), 'fixed': np.float64(0.025293847688818746), 'zero': np.float64(0.024505744992191922), 'mean': np.float64(0.022448677861344024), 'severity': np.float64(0.017344063909822745), 'recognized': np.float64(0.017123672337408687), 'highest': np.float64(0.015079048159282397), 'greater': np.float64(0.013812508924492038), 'equal': np.float64(0.013617537643301285), 'integral': np.float64(0.011634591505751486), 'whole': np.float64(0.011254448717559292), 'best': np.float64(0.01112107547748069), 'absolute': np.float64(0.009082772457522072), 'sum': np.float64(0.008749316597838683), 'plus': np.float64(0.00855654520366086), 'degree': np.float64(0.008189730969722682), 'constant': np.float64(0.007852917469941573), 'essential': np.float64(0.007590184803549387), 'accepted': np.float64(0.007557686001187521), 'accuracy': np.float64(0.007340625698371869), 'acceptable': np.float64(0.00716554682836663), 'complete': np.float64(0.006749475877515714), 'fundamental': np.float64(0.006585013649671518), 'prime': np.float64(0.005816943542755249), 'valid': np.float64(0.005606714629497112), 'distinct': np.float64(0.004936015603215151), 'completeness': np.float64(0.004283904632118124), 'exists': np.float64(0.004163908399161208), 'explicit': np.float64(0.003969313333420661), 'uniform': np.float64(0.0038660406420317856), 'ultimate': np.float64(0.003836702951585498), 'virtual': np.float64(0.003603226882373057), 'supreme': np.float64(0.003503595181227276), 'entire': np.float64(0.003423775765852921), 'proper': np.float64(0.0033262948865419688), 'equating': np.float64(0.0031981394894352454), 'implicit': np.float64(0.003098141251976838), 'qualification': np.float64(0.0029238212803338963), 'certainty': np.float64(0.0026227751832862446), 'almost': np.float64(0.002532061871493118), 'permanent': np.float64(0.002418447884065646), 'lasting': np.float64(0.0020672726299544963), 'implicitly': np.float64(0.00196448533738044), 'max': np.float64(0.0019623775877590176), 'inclusive': np.float64(0.0018801686630876512), 'true': np.float64(0.0016381676396175853), 'completely': np.float64(0.0015788484140965861), 'norm': np.float64(0.0012672102265180445), 'perfect': np.float64(0.001140400772073192), 'bound': np.float64(0.0011325053426768335), 'assert': np.float64(0.001125632098867598), 'entirety': np.float64(0.001082997560552554), 'inevitable': np.float64(0.0010057565358999921), 'basic': np.float64(0.0009197018139873872), 'totaling': np.float64(0.0008785356133971584), 'ever': np.float64(0.0008596003274843381), 'unconditionally': np.float64(0.0006592871319136469), 'exactly': np.float64(0.0006213008495722906), 'normalized': np.float64(0.000569685885751748), 'invalid': np.float64(0.00047663920284509093), 'pure': np.float64(0.00043842495093858214), 'invalidate': np.float64(0.00038445568632770123), 'ness': np.float64(0.0003374589302320142), 'universal': np.float64(0.0003070847959118444), 'anything': np.float64(0.0002749635964412758), 'utmost': np.float64(0.00019889320904286246), 'totalling': np.float64(0.00010653059241917756), 'purely': np.float64(7.490398882599745e-05)}"
8,"{'applicable': np.float64(0.5798262234818975), 'managing': np.float64(0.4433777103659349), 'taking': np.float64(0.4170582838209479), 'reflected': np.float64(0.24734258045339355), 'reflects': np.float64(0.2174231181965098), 'acquisition': np.float64(0.20333415916142597), 'applying': np.float64(0.16093064337106477), 'reflecting': np.float64(0.1509236651346242), 'supporting': np.float64(0.11515831449708054), 'captured': np.float64(0.106524044293532), 'affecting': np.float64(0.100259544125171), 'implementing': np.float64(0.09932966522380901), 'retained': np.float64(0.09705204711588718), 'assumed': np.float64(0.09281268033706597), 'understanding': np.float64(0.07403340492483461), 'absorbing': np.float64(0.06580750441171533), 'impacting': np.float64(0.06334715245961756), 'focusing': np.float64(0.060585437348920586), 'requiring': np.float64(0.05542599825481944), 'growing': np.float64(0.04653196791758246), 'involving': np.float64(0.03391645133650704), 'incorporating': np.float64(0.02912935328562263), 'approving': np.float64(0.029003122440096847), 'becoming': np.float64(0.02856458056017563), 'deriving': np.float64(0.02755769404519592), 'capturing': np.float64(0.02690484937233534), 'aggregating': np.float64(0.024017939286335197), 'integrating': np.float64(0.021575177743446347), 'contributing': np.float64(0.02101975206280024), 'adding': np.float64(0.017116855536264238), 'engaging': np.float64(0.016916081066348943), 'expanding': np.float64(0.015351333913333837), 'encompassing': np.float64(0.015337207199997593), 'earning': np.float64(0.01497396814752782), 'gained': np.float64(0.012123122462118753), 'incurring': np.float64(0.011695899339133137), 'participating': np.float64(0.01114963769836429), 'responding': np.float64(0.010737110736268329), 'obtaining': np.float64(0.01060556513728481), 'collecting': np.float64(0.00873795937824656), 'consolidating': np.float64(0.008640207276283505), 'reflective': np.float64(0.008624567688198376), 'retaining': np.float64(0.008597979152789176), 'recognizing': np.float64(0.008490827859122491), 'acquires': np.float64(0.007534852356970373), 'fulfilling': np.float64(0.006887233015637995), 'acquire': np.float64(0.0066434891058979725), 'pertaining': np.float64(0.006516107457773809), 'recovering': np.float64(0.0062227399207168375), 'containing': np.float64(0.006096221696400807), 'accepting': np.float64(0.005756276397272592), 'accrue': np.float64(0.004803142423369068), 'observing': np.float64(0.00427491948759457), 'accelerating': np.float64(0.004157544370948078), 'passing': np.float64(0.004129066525212007), 'affirming': np.float64(0.003990926964379595), 'collapsing': np.float64(0.0039449294481749015), 'emitting': np.float64(0.003844785480587528), 'benefiting': np.float64(0.003832413100027195), 'attracting': np.float64(0.003831254352341016), 'employing': np.float64(0.003831254352341016), 'consuming': np.float64(0.0037024392569431795), 'demanding': np.float64(0.003491441581749624), 'knowing': np.float64(0.003491441581749624), 'repaying': np.float64(0.003491441581749624), 'adjusting': np.float64(0.0034865786838608336), 'getting': np.float64(0.003411879564783128), 'effecting': np.float64(0.003288938887230156), 'fading': np.float64(0.003094603391712145), 'shrinking': np.float64(0.002755991601045575), 'acknowledging': np.float64(0.002744576489174212), 'accumulation': np.float64(0.002467086346165243), 'focussing': np.float64(0.0023119235514093245), 'disclosing': np.float64(0.002305888682370255), 'occupying': np.float64(0.002284299511625858), 'paying': np.float64(0.001889886588093765), 'appreciating': np.float64(0.0013283240094737376), 'ecting': np.float64(0.001327296928510918), 'acquiring': np.float64(0.0012618809150056148), 'realising': np.float64(0.0011276439583069546), 'adopting': np.float64(0.0010540667470958001), 'emphasising': np.float64(0.0008451789524796963), 'amortising': np.float64(0.0006513207116748848), 'embracing': np.float64(0.0005293686892047704)}"
9,"{'transaction': np.float64(0.7239112911667761), 'legal': np.float64(0.6347175761784388), 'contract': np.float64(0.17831084973466696), 'disposal': np.float64(0.12006615841439959), 'solvency': np.float64(0.07980568955754776), 'irrevocable': np.float64(0.07742433522512336), 'revocable': np.float64(0.06625426564330637), 'liquidation': np.float64(0.05941559701296156), 'legally': np.float64(0.04736356376091283), 'closing': np.float64(0.03375392349215002), 'derecognition': np.float64(0.031290317049632387), 'legislation': np.float64(0.029040007784723647), 'closure': np.float64(0.018300559649540405), 'bankruptcy': np.float64(0.01570784290359395), 'completion': np.float64(0.011617111246277132), 'insolvency': np.float64(0.009460831269703745), 'liquidated': np.float64(0.009438782773699464), 'contractually': np.float64(0.008467104559725176), 'bundesbank': np.float64(0.008187096337733646), 'ceased': np.float64(0.008170679348451934), 'restructurings': np.float64(0.0056611956953312465), 'amortisation': np.float64(0.0055868852987730625), 'liquidate': np.float64(0.005155310894816637), 'cancelled': np.float64(0.005115303329204283), 'transacting': np.float64(0.004214657441852984), 'abwicklungsgesetz': np.float64(0.00409354816886685), 'bundesanstalt': np.float64(0.004093548168866823), 'discontinuance': np.float64(0.004093548168866823), 'elapses': np.float64(0.004093548168866823), 'finanzdienstleistungsaufsicht': np.float64(0.004093548168866823), 'kreditwesengesetz': np.float64(0.004093548168866823), 'liquidating': np.float64(0.004093548168866823), 'sanierungs': np.float64(0.004093548168866823), 'rescission': np.float64(0.0024222788119061603), 'cassation': np.float64(0.0017443932321695582), 'severance': np.float64(0.0017443932321695582), 'finalization': np.float64(0.0016451756345469827), 'finalisation': np.float64(0.0013577256171808463), 'gmbh': np.float64(0.0011629288214463722), 'regula': np.float64(0.0008090932324042531), 'verwaltungs': np.float64(0.00012678248477997463), 'terminating': np.float64(8.411296221812557e-05)}"
10,"{'credit': np.float64(0.7278966049202763), 'capital': np.float64(0.628100926131574), 'based': np.float64(0.1860983407457596), 'assessment': np.float64(0.08827373046008259), 'subject': np.float64(0.083827489925069), 'profile': np.float64(0.0787548371030221), 'institution': np.float64(0.05059857944475302), 'senior': np.float64(0.04994773544245143), 'appropriate': np.float64(0.04209700092070676), 'authority': np.float64(0.04168396598312709), 'associated': np.float64(0.04106664044861391), 'eligible': np.float64(0.03944258006467184), 'valuation': np.float64(0.03589896014793841), 'principal': np.float64(0.03326940139848157), 'finance': np.float64(0.03240160974440245), 'approved': np.float64(0.03211654113465799), 'personal': np.float64(0.028395990783424238), 'grade': np.float64(0.027931837938233967), 'expert': np.float64(0.018229890387906667), 'structural': np.float64(0.017961924040947132), 'primary': np.float64(0.014958878187041261), 'audit': np.float64(0.014655578249097872), 'benchmark': np.float64(0.012651876025231152), 'master': np.float64(0.012510817843104042), 'published': np.float64(0.01191737456722667), 'professional': np.float64(0.009488074271680606), 'training': np.float64(0.009387932887778016), 'critical': np.float64(0.008866585258625898), 'premium': np.float64(0.007210784897709308), 'national': np.float64(0.006343754563477658), 'education': np.float64(0.00492991558816501), 'completed': np.float64(0.004917762082641619), 'political': np.float64(0.004796934424813836), 'scientific': np.float64(0.004736045262634045), 'learning': np.float64(0.0045784984965016795), 'learned': np.float64(0.004556362019071004), 'course': np.float64(0.004514606724462573), 'evaluation': np.float64(0.004276445017706649), 'validated': np.float64(0.003459713757285981), 'certificate': np.float64(0.0028162726470261153), 'civil': np.float64(0.002042997137319227), 'history': np.float64(0.0019085113008792014), 'qualified': np.float64(0.0018657849247851915), 'associate': np.float64(0.001840634216243544), 'formal': np.float64(0.0016053552782683367), 'background': np.float64(0.0015693859929280525), 'secondary': np.float64(0.0015612085338246654), 'bridge': np.float64(0.0015407600903994494), 'engineering': np.float64(0.0014300886748124164), 'appointed': np.float64(0.00138221410338624), 'analytics': np.float64(0.001328614507774004), 'credential': np.float64(0.0011965546347999546), 'study': np.float64(0.0007170382881201967), 'journal': np.float64(0.0007049575512753651), 'disciplinary': np.float64(0.0006828685747014517), 'career': np.float64(0.0006283085785411189), 'adult': np.float64(0.0005753043823327761), 'academy': np.float64(0.0005644529870196035), 'university': np.float64(0.0004948112215742096), 'award': np.float64(0.0004893228025490307), 'academic': np.float64(0.0004631950557636911), 'medical': np.float64(0.0004504522191705779), 'resume': np.float64(0.0003829473245483388), 'architecture': np.float64(0.00035476165667286017), 'exam': np.float64(0.0003431806024185679), 'graduate': np.float64(0.00034043644914354105), 'school': np.float64(0.00029945140189586815), 'curriculum': np.float64(0.00027528429521808456), 'prof': np.float64(0.00014461600615536623), 'english': np.float64(0.00010740196610157839), 'educational': np.float64(9.834383806874159e-05), 'accreditation': np.float64(7.271950536805295e-05), 'strate': np.float64(7.14045485198339e-05), 'credited': np.float64(5.8777967498743064e-05), 'american': np.float64(5.784731043470891e-05), 'cred': np.float64(4.8230403237283534e-05)}"
11,"{'increase': np.float64(0.6100514909043742), 'leverage': np.float64(0.44906782219825775), 'driven': np.float64(0.40779610366846275), 'advance': np.float64(0.33869532859971985), 'provide': np.float64(0.22099102045663047), 'driver': np.float64(0.14572704137154055), 'forward': np.float64(0.1426801029550163), 'increasing': np.float64(0.10905231470752554), 'enhanced': np.float64(0.08611076925931777), 'attack': np.float64(0.07259227464371477), 'add': np.float64(0.06146883226236238), 'gain': np.float64(0.05999803329732762), 'improve': np.float64(0.051924998009626314), 'achieve': np.float64(0.048359372480066144), 'develop': np.float64(0.04650142867478155), 'enhance': np.float64(0.04544765953031243), 'progress': np.float64(0.03995386753469963), 'drive': np.float64(0.03894591159368985), 'facilitate': np.float64(0.036587643271168646), 'move': np.float64(0.03450610152181452), 'promote': np.float64(0.033113528815809076), 'generate': np.float64(0.032713534503101195), 'strengthen': np.float64(0.02693918889889939), 'escalated': np.float64(0.026281817814388694), 'adapt': np.float64(0.01840884696316184), 'contribute': np.float64(0.018263177592137986), 'exacerbated': np.float64(0.01794538714187439), 'accelerate': np.float64(0.017715520672659343), 'escalate': np.float64(0.01770556130983215), 'enhancing': np.float64(0.01653063949236689), 'steer': np.float64(0.014741597376200363), 'slowdown': np.float64(0.014328183427725115), 'facilitates': np.float64(0.013879621293049907), 'escalating': np.float64(0.012808828201603114), 'facilitating': np.float64(0.011728915926193796), 'expand': np.float64(0.011472816541615964), 'escalates': np.float64(0.011442650264211972), 'ramped': np.float64(0.010272066785509933), 'promotes': np.float64(0.010180195032985345), 'speed': np.float64(0.010074488164526791), 'grow': np.float64(0.010065845464667399), 'rapid': np.float64(0.01005252698168073), 'quickly': np.float64(0.00977225106918974), 'charged': np.float64(0.009274908102502175), 'accelerated': np.float64(0.00841265873197647), 'advancement': np.float64(0.007471832070655547), 'rapidly': np.float64(0.007413057692243827), 'reinforce': np.float64(0.006909953250671555), 'empower': np.float64(0.005719164289066084), 'enhances': np.float64(0.005415805335801718), 'swiftly': np.float64(0.005101133922745427), 'acceleration': np.float64(0.0046200296820563735), 'transform': np.float64(0.004475980441145518), 'intensified': np.float64(0.0041837258525970755), 'ahead': np.float64(0.004101620705561947), 'fast': np.float64(0.003651724286563841), 'tighten': np.float64(0.0035821794332235183), 'widen': np.float64(0.003541897009343481), 'emphasise': np.float64(0.0031745498390398), 'heighten': np.float64(0.0031745498390398), 'motivate': np.float64(0.0031745498390398), 'convey': np.float64(0.002958960217707837), 'enact': np.float64(0.0024193726562677753), 'velocity': np.float64(0.0019746450858674496), 'stimulate': np.float64(0.0018887324583213446), 'faster': np.float64(0.0018823845316907322), 'initiate': np.float64(0.0018404117692029898), 'encourage': np.float64(0.0016829930887182088), 'mover': np.float64(0.001627465638417925), 'intensify': np.float64(0.001590275582006298), 'leap': np.float64(0.001590275582006298), 'pressurise': np.float64(0.0015842742570335024), 'drove': np.float64(0.001439228579019225), 'endorse': np.float64(0.0013365624490580233), 'consolidate': np.float64(0.001306745709578893), 'automate': np.float64(0.0012621805447491127), 'boost': np.float64(0.0011215847542686529), 'swift': np.float64(0.0010308596452960287), 'broaden': np.float64(0.0010264123131144248), 'maximize': np.float64(0.0010264123131144248), 'amplify': np.float64(0.0009475299686390961), 'encouraged': np.float64(0.000843615124472578), 'aggravating': np.float64(0.0007230167238612162), 'converge': np.float64(0.0007230167238612162), 'exponentially': np.float64(0.0005745415933303845), 'prioritize': np.float64(0.0005745415933303845), 'fuelled': np.float64(0.0005554328226513864), 'lengthens': np.float64(0.0003551800859794353), 'incentivise': np.float64(0.00017936195524616698), 'incre': np.float64(0.00016977521045130153)}"
12,"{'agreement': np.float64(0.5678162126195164), 'commitment': np.float64(0.5032991376756639), 'maturity': np.float64(0.38988059086628346), 'assumption': np.float64(0.29245255195670306), 'holding': np.float64(0.199355188617362), 'received': np.float64(0.17920847218750702), 'consideration': np.float64(0.1645105632531848), 'validation': np.float64(0.1535682138101236), 'claim': np.float64(0.13893305642243925), 'recognition': np.float64(0.09873274578099861), 'recommendation': np.float64(0.0827347496018818), 'assurance': np.float64(0.07578832239866845), 'tolerance': np.float64(0.061448777248372236), 'engagement': np.float64(0.054882812537599995), 'receive': np.float64(0.05401125579963511), 'consensus': np.float64(0.04913824789902154), 'representation': np.float64(0.04057744920004464), 'binding': np.float64(0.03663236709932379), 'adoption': np.float64(0.031990727982653254), 'accommodation': np.float64(0.031312529025448545), 'certification': np.float64(0.030566732519571357), 'participation': np.float64(0.02830511100835976), 'interpretation': np.float64(0.025561737754905018), 'consistency': np.float64(0.021986633718983312), 'confirmation': np.float64(0.020135740987001285), 'acceptance': np.float64(0.019255032875120415), 'concession': np.float64(0.01748442939091509), 'submission': np.float64(0.017001474930548533), 'denial': np.float64(0.016470614263454256), 'confirmed': np.float64(0.013997199748218912), 'success': np.float64(0.011408599460749897), 'receipt': np.float64(0.011094864549554202), 'appreciation': np.float64(0.007249924718473624), 'validate': np.float64(0.00697742806939907), 'affirmed': np.float64(0.006792699248928356), 'confirm': np.float64(0.005808654648960885), 'attest': np.float64(0.005675910240040998), 'acknowledgement': np.float64(0.005645540154933624), 'realization': np.float64(0.005595301301212149), 'conformance': np.float64(0.0053759943048771516), 'attestation': np.float64(0.005218754837574758), 'endorsement': np.float64(0.005218754837574758), 'adaptation': np.float64(0.004348060353096991), 'resignation': np.float64(0.004269441371847682), 'joining': np.float64(0.004068317872825434), 'granting': np.float64(0.0038424439917305983), 'conformity': np.float64(0.003517504288473125), 'validity': np.float64(0.003155197085532847), 'grant': np.float64(0.003152961354667355), 'acknowledged': np.float64(0.0031173994173418853), 'sponsorship': np.float64(0.0029161607572864364), 'acknowledge': np.float64(0.002804252486635865), 'surrender': np.float64(0.00263386163018395), 'promise': np.float64(0.002339035838214125), 'acknowledges': np.float64(0.002184233872623249), 'consent': np.float64(0.0021278159276446437), 'rejected': np.float64(0.0018455474180330278), 'accepts': np.float64(0.0016271577445006692), 'confirming': np.float64(0.0015607660864094253), 'fulfilment': np.float64(0.0010126887470494543), 'satisfaction': np.float64(0.0007148841134703225), 'endorsing': np.float64(0.0006446906911677662), 'compliancy': np.float64(0.00016759998754356333)}"
13,"{'interest': np.float64(0.8948440137764072), 'monitoring': np.float64(0.2675441157476782), 'using': np.float64(0.20853288232177866), 'charge': np.float64(0.15200836103390913), 'secured': np.float64(0.13368685837485042), 'operating': np.float64(0.10205281503176708), 'looking': np.float64(0.0918757299121078), 'assessing': np.float64(0.08073635506829477), 'identifying': np.float64(0.05727608464901864), 'providing': np.float64(0.05432637131574975), 'maintaining': np.float64(0.05022495180795429), 'borrowing': np.float64(0.039061468922949386), 'usage': np.float64(0.0377142702978584), 'connection': np.float64(0.03331295883002205), 'reviewing': np.float64(0.029077603381723032), 'obtained': np.float64(0.02723473950525175), 'finding': np.float64(0.024194623856321023), 'starting': np.float64(0.02215691740492052), 'controlling': np.float64(0.020375192966035068), 'sourcing': np.float64(0.016117772533760285), 'request': np.float64(0.015390702855912328), 'addressing': np.float64(0.014393449395888549), 'executing': np.float64(0.014233056975302864), 'entry': np.float64(0.014145578923805531), 'helping': np.float64(0.011096837307517069), 'utilizing': np.float64(0.009652414723779295), 'seeking': np.float64(0.007889189420654395), 'allocating': np.float64(0.007397564731087272), 'owning': np.float64(0.007189009321790576), 'dealing': np.float64(0.007002693644112979), 'assigning': np.float64(0.00660741316685904), 'entering': np.float64(0.006603524311761581), 'repos': np.float64(0.005709912855356705), 'contact': np.float64(0.005418090397966444), 'leveraging': np.float64(0.004848526668598367), 'exposing': np.float64(0.004788125140777273), 'indexed': np.float64(0.004759438238813169), 'servicing': np.float64(0.004283480822533781), 'serving': np.float64(0.004184595272640817), 'securing': np.float64(0.004118887469998681), 'utilising': np.float64(0.004117499020466385), 'obtains': np.float64(0.003985400212321423), 'linking': np.float64(0.003981341655010818), 'indexation': np.float64(0.0036677429395688384), 'referencing': np.float64(0.0034130043472380502), 'reaching': np.float64(0.0030820689795774607), 'resourcing': np.float64(0.002776765778667284), 'exploiting': np.float64(0.0023892782831714827), 'returning': np.float64(0.002342636464401747), 'detecting': np.float64(0.0020433609297579704), 'accessing': np.float64(0.0019379807252528818), 'indexing': np.float64(0.001937980725252846), 'showing': np.float64(0.0019069406010674933), 'referring': np.float64(0.0018339514048510129), 'purchasing': np.float64(0.0018054142115719776), 'checking': np.float64(0.0015203469539965978), 'scoping': np.float64(0.0014507616844406579), 'got': np.float64(0.0014166745680616712), 'claiming': np.float64(0.0011981811554356628), 'associating': np.float64(0.0006422235838198011), 'connectivity': np.float64(0.00047360151150314055), 'crediting': np.float64(0.000197355219620834)}"
14,"{'risk': np.float64(0.998773617242385), 'event': np.float64(0.035130747759920034), 'transfer': np.float64(0.02120795441197843), 'crime': np.float64(0.012457399105218182), 'insurance': np.float64(0.011759194028599585), 'fraud': np.float64(0.008964072297441974), 'failure': np.float64(0.00884571933427514), 'damage': np.float64(0.00795864285499985), 'consequence': np.float64(0.00593482219864285), 'crisis': np.float64(0.005884611251016589), 'trigger': np.float64(0.005210048524899696), 'circumstance': np.float64(0.004214786307876247), 'affected': np.float64(0.004041875219374417), 'incident': np.float64(0.003809942715105333), 'conflict': np.float64(0.003802837760411491), 'fall': np.float64(0.0037058005613580347), 'caused': np.float64(0.003549571653282182), 'error': np.float64(0.0035385009107655827), 'flood': np.float64(0.0030546020079599136), 'exception': np.float64(0.002645266712931988), 'contingency': np.float64(0.002638222115532006), 'vehicle': np.float64(0.0022509396721642786), 'incurred': np.float64(0.002199163310960836), 'occurred': np.float64(0.0017950025613705726), 'safety': np.float64(0.0017147972721410236), 'hazard': np.float64(0.0016595008513087736), 'fact': np.float64(0.0012923502690778447), 'attempt': np.float64(0.0011541241962853394), 'totaled': np.float64(0.0010168941340817585), 'occurring': np.float64(0.000912429130254989), 'accrued': np.float64(0.0008696079412911218), 'accrual': np.float64(0.0008530982415850311), 'falling': np.float64(0.0007210966528022687), 'violation': np.float64(0.0007180603446755877), 'occurrence': np.float64(0.0007014547993790464), 'disaster': np.float64(0.0006762430005830243), 'fail': np.float64(0.0006433629417979702), 'sudden': np.float64(0.0005731970220957511), 'complaint': np.float64(0.0005716963966233931), 'affair': np.float64(0.0004928741000763795), 'notification': np.float64(0.00047048735790649617), 'acquired': np.float64(0.00044307440216204597), 'offence': np.float64(0.0004032989108007487), 'lapse': np.float64(0.0003976492717781513), 'accidental': np.float64(0.0003172717505713435), 'accident': np.float64(0.00022514701989487758), 'correction': np.float64(0.0002164166736429284), 'automobile': np.float64(0.00020730440113414712), 'activation': np.float64(0.00018611932602604728), 'allegation': np.float64(0.00017808310049214463), 'negligent': np.float64(0.00016245329244226548), 'catastrophe': np.float64(0.00015858906048169417), 'happening': np.float64(0.00014980303549666372), 'appointment': np.float64(0.0001495373444815524), 'collapse': np.float64(0.00014014217038555498), 'causal': np.float64(0.00012155624433368259), 'injury': np.float64(0.00010924673359918492), 'unintentional': np.float64(0.00010453328119043373), 'emergency': np.float64(8.604009045751113e-05), 'tragedy': np.float64(7.490151774833186e-05), 'risked': np.float64(6.447257888384822e-05), 'accord': np.float64(6.382842369773408e-05), 'collapsed': np.float64(3.9665228235992064e-05), 'caution': np.float64(2.4982175773218384e-05)}"
15,"{'continued': np.float64(0.600862307964994), 'following': np.float64(0.420799145967645), 'included': np.float64(0.35013104925416655), 'audited': np.float64(0.3016464145419052), 'compared': np.float64(0.2260478842469154), 'taken': np.float64(0.20664676094443338), 'presented': np.float64(0.17397082095234984), 'monitored': np.float64(0.1578923944097537), 'combined': np.float64(0.11590028792740255), 'according': np.float64(0.11380912568422155), 'supported': np.float64(0.11311565099712682), 'together': np.float64(0.10402036836623886), 'amounted': np.float64(0.10243329260799461), 'among': np.float64(0.09336654411561116), 'undertaken': np.float64(0.06212968997821549), 'accounted': np.float64(0.05604012578659275), 'backed': np.float64(0.04790043466545261), 'unencumbered': np.float64(0.047741020388550624), 'carried': np.float64(0.046157300093716526), 'conducted': np.float64(0.046075654826866284), 'mentioned': np.float64(0.042713507173495285), 'complemented': np.float64(0.04108936795371652), 'involved': np.float64(0.03993552774484697), 'experienced': np.float64(0.03930062247780278), 'maintained': np.float64(0.03219886626036757), 'called': np.float64(0.030589349309256716), 'come': np.float64(0.02582809772109989), 'treated': np.float64(0.025244099538732943), 'going': np.float64(0.023931901344049194), 'matched': np.float64(0.023850024022202224), 'overseen': np.float64(0.018865821929131645), 'followed': np.float64(0.018526888278662394), 'authorised': np.float64(0.018354871292242163), 'alongside': np.float64(0.018138587216954067), 'attended': np.float64(0.015279983917553941), 'brought': np.float64(0.014722101554654995), 'bringing': np.float64(0.013849276239730233), 'contributed': np.float64(0.010905063446470787), 'went': np.float64(0.010446790265384462), 'came': np.float64(0.010426993462381934), 'affiliated': np.float64(0.009775130041789608), 'participated': np.float64(0.009658655026284832), 'coordinated': np.float64(0.009526121535833326), 'supplemented': np.float64(0.008732458391279996), 'tasked': np.float64(0.007624204393409279), 'preceding': np.float64(0.007321000594977821), 'supervised': np.float64(0.0070484005853554), 'helped': np.float64(0.006395261625834026), 'sponsored': np.float64(0.0059757557054536115), 'entrusted': np.float64(0.005830392026532448), 'joined': np.float64(0.00527708587265136), 'assembled': np.float64(0.004601494370853223), 'concurrently': np.float64(0.004601494370853223), 'orchestrated': np.float64(0.004601494370853223), 'ensured': np.float64(0.003993657189486111), 'attached': np.float64(0.00370176911210027), 'passed': np.float64(0.003540771479737969), 'witnessed': np.float64(0.0035198839310142394), 'advised': np.float64(0.00323544277050139), 'piloted': np.float64(0.0029178107915916293), 'served': np.float64(0.0028869664101967376), 'packaged': np.float64(0.0028565771670517556), 'honored': np.float64(0.0027469230936191325), 'accompanied': np.float64(0.0027220959104485845), 'corresponded': np.float64(0.0026372690201865094), 'undergone': np.float64(0.0020877469401653515), 'withstanding': np.float64(0.0020588572237787146), 'coupled': np.float64(0.0019731999930333853), 'attracted': np.float64(0.001967923455757963), 'migrated': np.float64(0.0019238155585232773), 'safeguarded': np.float64(0.0018246190474870679), 'directed': np.float64(0.0014453777641746134), 'endorsed': np.float64(0.0014241425354783225), 'embarked': np.float64(0.00112291550676913), 'accompanying': np.float64(0.0008549466748292447), 'guided': np.float64(0.0006037985179051383)}"
16,"{'related': np.float64(0.7149131807396545), 'well': np.float64(0.628179727385728), 'respective': np.float64(0.15390494717830625), 'additionally': np.float64(0.09163975103894527), 'furthermore': np.float64(0.08361989380957952), 'similar': np.float64(0.0834539473784534), 'aligned': np.float64(0.08299818989682256), 'however': np.float64(0.07617966162779234), 'therefore': np.float64(0.06934627815615169), 'respectively': np.float64(0.06182684740935951), 'regarding': np.float64(0.05822040114486872), 'corresponding': np.float64(0.057138235841144), 'manner': np.float64(0.047003970858172664), 'appropriately': np.float64(0.042435660810425276), 'thereby': np.float64(0.04181673773233378), 'closely': np.float64(0.040466431865166845), 'thereof': np.float64(0.03957726662273301), 'subsequently': np.float64(0.03897342015368657), 'adequately': np.float64(0.03268753719246247), 'accordingly': np.float64(0.03257400633830587), 'relate': np.float64(0.02741084996974732), 'subsequent': np.float64(0.026786712412740978), 'thus': np.float64(0.025959730488872672), 'specifically': np.float64(0.025887746308471633), 'namely': np.float64(0.022174961030012028), 'hence': np.float64(0.021269780432089058), 'similarly': np.float64(0.021037961445976864), 'correlated': np.float64(0.019044803076114728), 'moreover': np.float64(0.018676381155974895), 'consequently': np.float64(0.018418127665585128), 'systematically': np.float64(0.017060301672196597), 'relatively': np.float64(0.016129591949492664), 'whereby': np.float64(0.01588023314207972), 'sufficiently': np.float64(0.015460221798655515), 'consistently': np.float64(0.014194191583871564), 'orderly': np.float64(0.013768567619314541), 'commensurate': np.float64(0.010497980265536475), 'congruent': np.float64(0.00986669312601585), 'reasonably': np.float64(0.009208979411177431), 'suitable': np.float64(0.008928056246613428), 'accurately': np.float64(0.008701531406750828), 'corresponds': np.float64(0.0078193600679175), 'notably': np.float64(0.007220266754535131), 'equally': np.float64(0.007102917020189461), 'suited': np.float64(0.006626639399862842), 'correctly': np.float64(0.005914464772755792), 'wherein': np.float64(0.005808927979254959), 'correspondingly': np.float64(0.005625573168327549), 'carefully': np.float64(0.005503821529360703), 'properly': np.float64(0.00505137493175541), 'correspond': np.float64(0.004878420755540221), 'thereon': np.float64(0.0043819474871055345), 'differently': np.float64(0.004218813305551754), 'strictly': np.float64(0.003537584018321657), 'thereafter': np.float64(0.0033615003427919974), 'hereafter': np.float64(0.0032104226054842067), 'addendum': np.float64(0.003032157515086795), 'reliably': np.float64(0.003032157515086795), 'thereupon': np.float64(0.003032157515086795), 'promptly': np.float64(0.0029264835684651145), 'appropriateness': np.float64(0.0022986907488048024), 'geographically': np.float64(0.0020971856976108854), 'likewise': np.float64(0.0020621333551126813), 'roughly': np.float64(0.0019788400516725316), 'apportioned': np.float64(0.0015311073922731303), 'coherently': np.float64(0.0014508513901248315), 'meanwhile': np.float64(0.001387481757108862), 'conforms': np.float64(0.0011524556332091326), 'conversely': np.float64(0.0010367258676653634), 'consequentially': np.float64(0.001028764426359127), 'somewhat': np.float64(0.0010213278862684237), 'tightly': np.float64(0.0009989551504382996), 'indeed': np.float64(0.0009021715885603015), 'proportionately': np.float64(0.0007549039443602538), 'ordered': np.float64(0.0006945198631522494), 'duly': np.float64(0.0006069708592501377), 'allegedly': np.float64(0.0005581150702091825), 'herewith': np.float64(0.00020796547413661263)}"
17,"{'governance': np.float64(0.7077488794723691), 'sustainability': np.float64(0.3499753264036089), 'reporting': np.float64(0.3403682541337871), 'regulation': np.float64(0.27315790350595254), 'responsible': np.float64(0.18959391197359612), 'obligation': np.float64(0.1800193070933481), 'accounting': np.float64(0.1519581153363101), 'disclosure': np.float64(0.14781368231424485), 'reputational': np.float64(0.14114896908967325), 'reputation': np.float64(0.1250562787793948), 'leadership': np.float64(0.09999801866351792), 'confidence': np.float64(0.07843507541958517), 'integrity': np.float64(0.06504469862862046), 'creditworthiness': np.float64(0.05896664487621134), 'ensuring': np.float64(0.050904603740938394), 'jurisdiction': np.float64(0.04994899985713292), 'accountable': np.float64(0.04491464678466556), 'annualreport': np.float64(0.04035869174030606), 'alignment': np.float64(0.032453906887251055), 'transparency': np.float64(0.02655283541696332), 'accountability': np.float64(0.02526616100759912), 'duty': np.float64(0.024685717667538125), 'trust': np.float64(0.023229750660023998), 'reportable': np.float64(0.02067502601192382), 'attributable': np.float64(0.015434474020043965), 'confidentiality': np.float64(0.010232622639262853), 'benchmarking': np.float64(0.009556752764805498), 'comparability': np.float64(0.007922638954323673), 'involvement': np.float64(0.006224812777275241), 'discretion': np.float64(0.005788022730553605), 'commit': np.float64(0.005683035870337909), 'balancing': np.float64(0.004261387064962751), 'recordkeeping': np.float64(0.0038063574478591367), 'worthiness': np.float64(0.003618508475433931), 'creditworthy': np.float64(0.00345734032257104), 'supportable': np.float64(0.0033161980155114023), 'enforceability': np.float64(0.0031087988551737576), 'independence': np.float64(0.002638687318968663), 'verification': np.float64(0.0024441146972329656), 'fiduciary': np.float64(0.0024348697060561954), 'reliability': np.float64(0.002110705787703745), 'authorship': np.float64(0.001961626489506884), 'collectability': np.float64(0.001654419648346609), 'soundness': np.float64(0.0016509077119818897), 'responsibly': np.float64(0.0015436608666227626), 'credibility': np.float64(0.0015359162908488695), 'correctness': np.float64(0.001474880700482579), 'attribution': np.float64(0.0013660253621511763), 'forgiveness': np.float64(0.0006613160563905519), 'observability': np.float64(0.0006426490491584823), 'fairness': np.float64(0.0006140741453979023), 'tradability': np.float64(0.00042843269943898825), 'accountant': np.float64(0.00040552611879588005)}"
18,"{'consolidated': np.float64(0.6709489073361903), 'applied': np.float64(0.43494736848050175), 'amortized': np.float64(0.42229847157846), 'purchased': np.float64(0.17417420821419152), 'assessed': np.float64(0.1737220241180753), 'calculated': np.float64(0.16179856082687352), 'deferred': np.float64(0.13186762268969), 'amortised': np.float64(0.11978953390209032), 'adjusted': np.float64(0.10237896700353445), 'transferred': np.float64(0.08967038951377779), 'aggregate': np.float64(0.088126284063475), 'integrated': np.float64(0.08795647171983052), 'currently': np.float64(0.07545549287382644), 'incremental': np.float64(0.06985316718555681), 'recorded': np.float64(0.06368844715712169), 'aggregated': np.float64(0.05772981748206367), 'extended': np.float64(0.043299543075896195), 'achieved': np.float64(0.04219325351612927), 'undrawn': np.float64(0.03441752036398885), 'arrears': np.float64(0.028180812147883885), 'collectively': np.float64(0.024580980988856905), 'invested': np.float64(0.02398502222487984), 'evaluated': np.float64(0.022987951546483917), 'realised': np.float64(0.022520157117231772), 'accumulated': np.float64(0.02238367620225465), 'recovered': np.float64(0.022173846154214465), 'composed': np.float64(0.019433199909127258), 'unrealised': np.float64(0.01805360734161095), 'collect': np.float64(0.017818802659209328), 'grouped': np.float64(0.017362509168376696), 'compensated': np.float64(0.015034114545352592), 'finalized': np.float64(0.014155989580878029), 'cumulative': np.float64(0.013441813437888897), 'valued': np.float64(0.011807991560102652), 'attributed': np.float64(0.011555899554441827), 'matured': np.float64(0.011312510622898285), 'unrealized': np.float64(0.010691714944266942), 'annualised': np.float64(0.008540783537593768), 'summarised': np.float64(0.008393324008181784), 'pooled': np.float64(0.008367530723863719), 'counted': np.float64(0.008073054514679422), 'capitalized': np.float64(0.007470291837873531), 'realized': np.float64(0.007144952657530155), 'collected': np.float64(0.006956482710454825), 'totalled': np.float64(0.005861665886099399), 'repeated': np.float64(0.00553366555604874), 'capped': np.float64(0.004884795048150826), 'appraised': np.float64(0.004197371161309125), 'compiled': np.float64(0.003511395008804458), 'gather': np.float64(0.0030662412058794185), 'capitalised': np.float64(0.002951164675736737), 'stored': np.float64(0.0027341420500855283), 'summed': np.float64(0.002570070170602931), 'deposited': np.float64(0.00237880275146462), 'lagged': np.float64(0.0018417524212304456), 'protracted': np.float64(0.0016464470671274292), 'awarded': np.float64(0.001581356552143149), 'computed': np.float64(0.0014636303099355413), 'debited': np.float64(0.0014008301837807775), 'cumulatively': np.float64(0.0011983701430415322), 'gathered': np.float64(0.0007730891015891981), 'collated': np.float64(0.0006143385940138292), 'spent': np.float64(0.00025191150032223997)}"
19,"{'certain': np.float64(0.6996273569358241), 'comprehensive': np.float64(0.3748416619708755), 'effective': np.float64(0.29928565259748585), 'quantitative': np.float64(0.2642034061303233), 'measured': np.float64(0.22230676815014086), 'sensitive': np.float64(0.2159251307485105), 'statistical': np.float64(0.14885491038638518), 'satisfactory': np.float64(0.13407511575705106), 'timely': np.float64(0.11827645134997092), 'sufficient': np.float64(0.09598870580566378), 'informed': np.float64(0.09462108298180609), 'adequate': np.float64(0.08576966852642283), 'detailed': np.float64(0.08088898268754795), 'calibrated': np.float64(0.07267426106048969), 'robust': np.float64(0.062496873748399524), 'targeted': np.float64(0.049129122881606674), 'accurate': np.float64(0.04762535125157233), 'efficient': np.float64(0.047250336251726296), 'plausible': np.float64(0.04455963054403678), 'reasonable': np.float64(0.03990318937307979), 'comparable': np.float64(0.039027177154260545), 'systematic': np.float64(0.03451408630700586), 'aimed': np.float64(0.03112880516774785), 'successful': np.float64(0.03064572224641137), 'competent': np.float64(0.026406521007740134), 'tailored': np.float64(0.021852471507530304), 'understood': np.float64(0.019030584561102015), 'measurable': np.float64(0.01781186182389856), 'empirical': np.float64(0.016395418026213696), 'efficiently': np.float64(0.016278830621110615), 'useful': np.float64(0.01569717114437337), 'thorough': np.float64(0.013718272611340286), 'reliable': np.float64(0.013664798971900961), 'credible': np.float64(0.01248865499270676), 'correct': np.float64(0.011915902421197942), 'realizable': np.float64(0.010873383346020043), 'practical': np.float64(0.010258881422507964), 'careful': np.float64(0.009420118738554098), 'practicable': np.float64(0.008842659718664764), 'cient': np.float64(0.008807222507700335), 'optimal': np.float64(0.008512135391551498), 'genuine': np.float64(0.006793827684872363), 'inaccuracy': np.float64(0.006533635074946531), 'realistic': np.float64(0.006343841597467255), 'precise': np.float64(0.005730436956597496), 'approximate': np.float64(0.004934541339067199), 'honest': np.float64(0.00472251925466505), 'predictive': np.float64(0.004223291830651474), 'articulate': np.float64(0.0026279910932378446), 'coherent': np.float64(0.0023705579275498504), 'insightful': np.float64(0.0019140182465373161), 'intuitive': np.float64(0.0019140182465373161), 'objectively': np.float64(0.0019140182465373161), 'feasible': np.float64(0.001347292040073652), 'approximates': np.float64(0.0012720850633158563), 'ascertainable': np.float64(0.0011811236283814368), 'proven': np.float64(0.0008869293261002272), 'predictable': np.float64(0.0006464487153327858), 'excellent': np.float64(0.0006217103470489132)}"
20,"{'performance': np.float64(0.8943610408582392), 'performing': np.float64(0.2516361239393536), 'objective': np.float64(0.20115558808976117), 'resulting': np.float64(0.16283818560352614), 'outcome': np.float64(0.13146758137492823), 'making': np.float64(0.12067138721651734), 'execution': np.float64(0.10419725965878034), 'effectiveness': np.float64(0.09562783093743968), 'working': np.float64(0.07984371090470901), 'ambition': np.float64(0.049022249744726666), 'challenging': np.float64(0.03517708793167287), 'establishing': np.float64(0.03388370661123196), 'defining': np.float64(0.03168553881802234), 'goal': np.float64(0.028507333897959015), 'failing': np.float64(0.028352216806614254), 'successfully': np.float64(0.026076570089875666), 'improving': np.float64(0.024984841210891142), 'producing': np.float64(0.023380438864222215), 'undertaking': np.float64(0.01968204567615992), 'acting': np.float64(0.01836037154864876), 'creating': np.float64(0.01608216244394946), 'delivering': np.float64(0.015374153078263076), 'reach': np.float64(0.015266440635260108), 'achieving': np.float64(0.012728893645762447), 'evaluating': np.float64(0.010401728028302184), 'aligning': np.float64(0.009980415665189292), 'fulfilled': np.float64(0.009929586931328062), 'experiencing': np.float64(0.009669507792400932), 'reached': np.float64(0.008934624621614649), 'strives': np.float64(0.008319116640265356), 'aiming': np.float64(0.006345206207930442), 'strive': np.float64(0.006203916581139012), 'realisation': np.float64(0.005208687024695717), 'deliverable': np.float64(0.004750283883382568), 'targeting': np.float64(0.003039754893317127), 'constructing': np.float64(0.002927012981501786), 'maximising': np.float64(0.0027970486190158042), 'exercising': np.float64(0.00253276384514595), 'pursuing': np.float64(0.002102555658581625), 'trying': np.float64(0.0018273957749945923), 'completing': np.float64(0.0012693790759236868), 'benefitting': np.float64(0.0011863515323493898), 'succeeded': np.float64(0.000579338808192824), 'realise': np.float64(0.0005561995734375188), 'aspires': np.float64(0.0003995043306681465), 'optimising': np.float64(3.771027332102139e-05)}"
21,"{'including': np.float64(0.6487910915782803), 'within': np.float64(0.43049391191489106), 'line': np.float64(0.33129475695365407), 'across': np.float64(0.32320505492632934), 'exchange': np.float64(0.24247899022365685), 'global': np.float64(0.23750404502071698), 'division': np.float64(0.15437129747722134), 'wide': np.float64(0.14071351009946567), 'throughout': np.float64(0.05757802039551456), 'cross': np.float64(0.05524816720887616), 'around': np.float64(0.048230798132752696), 'upon': np.float64(0.046634144365157615), 'parallel': np.float64(0.03728868371157441), 'curve': np.float64(0.03390280909484778), 'towards': np.float64(0.03274547354641608), 'broad': np.float64(0.031478026819833714), 'overarching': np.float64(0.029187888341884495), 'globally': np.float64(0.028614094900008626), 'broadly': np.float64(0.02659596253811281), 'continuously': np.float64(0.02639443623641832), 'boundary': np.float64(0.025002314995672296), 'align': np.float64(0.02186167808798696), 'intra': np.float64(0.01450346048375594), 'border': np.float64(0.012835637191556556), 'travel': np.float64(0.01032702341907775), 'side': np.float64(0.00823506949321589), 'inter': np.float64(0.00817979785324806), 'onwards': np.float64(0.0080981947304719), 'encompasses': np.float64(0.007511130398558582), 'row': np.float64(0.0070675874201928165), 'amongst': np.float64(0.006704422424171537), 'opposite': np.float64(0.005909262438534774), 'span': np.float64(0.005863851475704063), 'road': np.float64(0.005507910297287895), 'ranging': np.float64(0.004849502000989895), 'forth': np.float64(0.004489946008813111), 'internationally': np.float64(0.0033275091218668597), 'jointly': np.float64(0.0032452127468237868), 'widespread': np.float64(0.003027048986829567), 'onto': np.float64(0.002802901589614708), 'cascade': np.float64(0.002241042525121083), 'afore': np.float64(0.0021746837960328266), 'overseas': np.float64(0.002088144201156419), 'concurrent': np.float64(0.0017380491183322567), 'contemporaneously': np.float64(0.0017069988087110117), 'widely': np.float64(0.0015497981461649614), 'convergence': np.float64(0.0013384619083471193), 'overlap': np.float64(0.0011915053092313732), 'consecutive': np.float64(0.0008897995738600421), 'altogether': np.float64(0.0007641630208289364), 'intersecting': np.float64(0.0006069589579433031), 'anywhere': np.float64(0.0005254162325816112), 'transversal': np.float64(0.00024207595798605923), 'trans': np.float64(0.00012908223560707986), 'transpar': np.float64(0.00012352469458666948)}"
22,"{'operational': np.float64(0.7168997854729182), 'expected': np.float64(0.3598689255181049), 'movement': np.float64(0.3422404256329781), 'effect': np.float64(0.340005490272051), 'operation': np.float64(0.2652034301643129), 'contractual': np.float64(0.18224341923505513), 'contingent': np.float64(0.1152186908914416), 'actively': np.float64(0.03860052499326147), 'committed': np.float64(0.029151906104857562), 'automated': np.float64(0.02782501293242238), 'enforceable': np.float64(0.0255728068968572), 'functional': np.float64(0.024334110433688303), 'task': np.float64(0.021646159430307895), 'execute': np.float64(0.019809590382382898), 'behavioral': np.float64(0.018105711286888353), 'transactional': np.float64(0.017978059954045573), 'marketable': np.float64(0.014690973835903651), 'addressed': np.float64(0.01106480705680165), 'triggering': np.float64(0.010553599819603318), 'moving': np.float64(0.010338262695704346), 'agenda': np.float64(0.007791627464940611), 'done': np.float64(0.007616197468186629), 'executes': np.float64(0.007210417280823895), 'triggered': np.float64(0.007202827120076301), 'actuarial': np.float64(0.007167050975881803), 'tangible': np.float64(0.006832810745621126), 'articulated': np.float64(0.006656482981587697), 'tradable': np.float64(0.006020768574980012), 'activités': np.float64(0.005943332406582325), 'viable': np.float64(0.0055953095238112606), 'tactic': np.float64(0.005404341803141586), 'exercisable': np.float64(0.004916773866256262), 'transacted': np.float64(0.004443097246515452), 'participatory': np.float64(0.002390841957715463), 'intent': np.float64(0.0020840292443446698), 'alerting': np.float64(0.002081148369690428), 'reactive': np.float64(0.002081148369690428), 'aggressive': np.float64(0.0014561797913129788), 'motivated': np.float64(0.0011616484911513983), 'operationally': np.float64(0.0011297134603170307), 'callable': np.float64(0.0008064712904702274), 'activated': np.float64(0.0007959111165972687), 'actionable': np.float64(0.0006859681556845387), 'agile': np.float64(0.0006295348362166094), 'activi': np.float64(0.0004970536814625873), 'adjustable': np.float64(0.00036764115240961963), 'alerted': np.float64(0.0003467792741339226), 'negotiable': np.float64(0.00033918888155071733), 'pivotal': np.float64(0.0002323258866653822)}"
23,"{'model': np.float64(0.6746146862588758), 'scenario': np.float64(0.3628347773602598), 'customer': np.float64(0.3101089768957712), 'process': np.float64(0.28624583455726854), 'product': np.float64(0.23114818234664566), 'type': np.float64(0.19940462624999108), 'instrument': np.float64(0.18149205019585335), 'function': np.float64(0.15466977927638853), 'factor': np.float64(0.13919097398526845), 'entity': np.float64(0.1283436113973714), 'individual': np.float64(0.10908524357381377), 'conduct': np.float64(0.08290534124372949), 'employee': np.float64(0.07418713353071729), 'role': np.float64(0.06634155598956695), 'component': np.float64(0.050582827104489775), 'team': np.float64(0.049688650663200724), 'tool': np.float64(0.04904532273417717), 'show': np.float64(0.046599984374766514), 'oci': np.float64(0.04289443027481802), 'indicator': np.float64(0.03972334856338415), 'work': np.float64(0.03811422807661262), 'issuer': np.float64(0.037933830445016956), 'human': np.float64(0.030768889312821106), 'director': np.float64(0.028289640357674502), 'owner': np.float64(0.025032070187373124), 'manager': np.float64(0.01991404481255977), 'people': np.float64(0.019583694794528452), 'exercise': np.float64(0.01644493778074669), 'thing': np.float64(0.01347281872836189), 'production': np.float64(0.012798239940510624), 'art': np.float64(0.011027428585637294), 'play': np.float64(0.010444417243264902), 'perform': np.float64(0.010371968291464286), 'instance': np.float64(0.009917302552231708), 'user': np.float64(0.008650608909732899), 'controller': np.float64(0.008643905392127489), 'participant': np.float64(0.007703900692846388), 'actor': np.float64(0.006449347562061657), 'leader': np.float64(0.006241806388514197), 'employer': np.float64(0.005625998184758669), 'produce': np.float64(0.005574400660427269), 'person': np.float64(0.0039009388371117584), 'car': np.float64(0.003713298299416922), 'assign': np.float64(0.0034677818885319703), 'device': np.float64(0.0031866014303863215), 'interaction': np.float64(0.003121335183946764), 'manufacturer': np.float64(0.0027635681092415356), 'engine': np.float64(0.002280860353818324), 'automation': np.float64(0.0018968736032902085), 'combat': np.float64(0.001859673863332024), 'developer': np.float64(0.0015128809466209625), 'job': np.float64(0.0014844150666435548), 'maker': np.float64(0.0014139294778411679), 'producer': np.float64(0.0008697629162362981), 'episode': np.float64(0.0006996545728123207), 'cer': np.float64(0.0006849984406696606), 'woman': np.float64(0.0006818070248681095), 'appearance': np.float64(0.0006724306061714876), 'player': np.float64(0.0006555259604360439), 'playing': np.float64(0.0005539472667884795), 'tion': np.float64(0.00045152134187197157), 'predicate': np.float64(0.0004504098677751983), 'worker': np.float64(0.00044720650306878077), 'transactor': np.float64(0.00033295539909332014), 'tor': np.float64(0.00020981251813175005), 'man': np.float64(0.00014777799474587322)}"
24,"{'internal': np.float64(0.6296441258545036), 'result': np.float64(0.5343843825472443), 'data': np.float64(0.48835646386654563), 'existing': np.float64(0.15031357925112435), 'matter': np.float64(0.1349718860008495), 'implementation': np.float64(0.1299548203478225), 'either': np.float64(0.08597757322317942), 'otherwise': np.float64(0.07883338318792596), 'natural': np.float64(0.04092885709838524), 'implement': np.float64(0.03873107704755828), 'although': np.float64(0.036194402200585445), 'effectively': np.float64(0.03385720129721661), 'materially': np.float64(0.029269673262324655), 'already': np.float64(0.024150728861261423), 'assume': np.float64(0.022349315103021183), 'incorrect': np.float64(0.013979446600548666), 'observable': np.float64(0.012649283028566802), 'sits': np.float64(0.007181834730805073), 'official': np.float64(0.006301365330258213), 'originally': np.float64(0.005886955696176002), 'prove': np.float64(0.005089180622152695), 'inside': np.float64(0.003951333755485376), 'materialises': np.float64(0.0037305707888730445), 'raw': np.float64(0.0034099133161123864), 'sometimes': np.float64(0.003229586213858074), 'reality': np.float64(0.0029574724835474673), 'supposed': np.float64(0.0027082025562775594), 'seriously': np.float64(0.0026138454039730456), 'simulate': np.float64(0.002492469623464528), 'actually': np.float64(0.00236983599391299), 'putting': np.float64(0.0022785084764973254), 'possibly': np.float64(0.0021096476645693666), 'really': np.float64(0.0013694974593300407), 'fake': np.float64(0.0013396054987970289), 'officially': np.float64(0.0013054599907450957), 'verified': np.float64(0.0013054599907450957), 'essentially': np.float64(0.0010538946602643064), 'materialising': np.float64(0.0005840925327574849), 'inte': np.float64(0.00016432826020976993), 'prod': np.float64(0.00010701364399434037)}"
25,"{'tax': np.float64(0.7318732556812652), 'coverage': np.float64(0.5104793168025922), 'officer': np.float64(0.30873211570522047), 'prudential': np.float64(0.17722098547274248), 'investor': np.float64(0.16621914345386724), 'underwriting': np.float64(0.15991912977200917), 'calculate': np.float64(0.11569255872437795), 'dealer': np.float64(0.06468373237831328), 'brokerage': np.float64(0.0296596270296928), 'claimant': np.float64(0.02516849220337899), 'cfo': np.float64(0.021646896274060506), 'representative': np.float64(0.021438114170545745), 'trustee': np.float64(0.02085986935451311), 'broker': np.float64(0.019116736117994016), 'advisor': np.float64(0.01839604246740364), 'statistic': np.float64(0.017922162405346224), 'guarantor': np.float64(0.016520228009828317), 'advisory': np.float64(0.01642904959253164), 'insured': np.float64(0.013740093941836262), 'statistically': np.float64(0.013337733548161307), 'reinsurance': np.float64(0.01202850242667408), 'policyholder': np.float64(0.012022127201587577), 'attendee': np.float64(0.011621082714667838), 'underwritten': np.float64(0.011186582207604209), 'taxable': np.float64(0.010029917982047776), 'annuity': np.float64(0.008699026723579662), 'adviser': np.float64(0.008672164142410427), 'indemnity': np.float64(0.008023591890280672), 'attorney': np.float64(0.007512572276281323), 'assures': np.float64(0.007371117322654169), 'banker': np.float64(0.007332948824560909), 'analyst': np.float64(0.0067639387772512865), 'certified': np.float64(0.006672035489463676), 'auditor': np.float64(0.006187041897360787), 'comptroller': np.float64(0.005962371540826044), 'assure': np.float64(0.005655814016712493), 'contributory': np.float64(0.00550674266994277), 'insuring': np.float64(0.00550674266994277), 'underwriter': np.float64(0.005033698440675797), 'levy': np.float64(0.004850384448904176), 'legislator': np.float64(0.004809395080081221), 'lawyer': np.float64(0.004271176229965037), 'underwrites': np.float64(0.004236992206158159), 'guardian': np.float64(0.004122104883195316), 'econometric': np.float64(0.00292323317866793), 'actuary': np.float64(0.002885694663006622), 'correspondent': np.float64(0.002852354419410704), 'depositary': np.float64(0.0025932334041601445), 'consultant': np.float64(0.0025362306663861234), 'assetsc': np.float64(0.002527911191641783), 'ofﬁcer': np.float64(0.0023027276766677063), 'assessor': np.float64(0.0010960376393849291), 'reinsures': np.float64(0.0010960376393849291), 'insurer': np.float64(0.0009969488874379082), 'ascertains': np.float64(0.0009269211559182836), 'professor': np.float64(0.0005962853870788885), 'reinsurer': np.float64(0.0005962853870788885), 'reinsurers': np.float64(0.000495265082207059), 'insur': np.float64(0.0002909172848872167)}"
26,"{'managed': np.float64(0.5478941663216275), 'reviewed': np.float64(0.433159402644756), 'designed': np.float64(0.3588495312031272), 'implemented': np.float64(0.3362060870709864), 'developed': np.float64(0.2790078323273355), 'borrowed': np.float64(0.21449568678821423), 'standardized': np.float64(0.19626645513014923), 'modified': np.float64(0.18519761544966978), 'improved': np.float64(0.12912956353924843), 'evolving': np.float64(0.11488902904702843), 'adopted': np.float64(0.08969151514965279), 'amended': np.float64(0.08931510792853065), 'revised': np.float64(0.07997114463826913), 'standardised': np.float64(0.06867825536508264), 'modeled': np.float64(0.06085919136982926), 'specialized': np.float64(0.05835482535379354), 'expanded': np.float64(0.04819322302373662), 'influenced': np.float64(0.039565041024896414), 'upgraded': np.float64(0.030367806287833827), 'utilized': np.float64(0.02476637794387498), 'adapted': np.float64(0.0231211320738993), 'simplified': np.float64(0.02270017081667467), 'adjust': np.float64(0.018517513952501195), 'transitioned': np.float64(0.017346533666840816), 'restructured': np.float64(0.01713437055027022), 'enriched': np.float64(0.015468673290256588), 'modifying': np.float64(0.015090134931363958), 'shifted': np.float64(0.014317926715320445), 'adjusts': np.float64(0.013884482533260462), 'specialised': np.float64(0.011799715840998978), 'enacted': np.float64(0.011675885602146937), 'adaptive': np.float64(0.01026777011305227), 'customized': np.float64(0.010125464140592398), 'extrapolated': np.float64(0.010125464140592398), 'transformed': np.float64(0.010125464140592398), 'evolved': np.float64(0.009299788083203055), 'adopt': np.float64(0.007673587089461238), 'utilised': np.float64(0.007311744940034468), 'converted': np.float64(0.007130071376765274), 'corrected': np.float64(0.007028322318101354), 'referenced': np.float64(0.006269360569153862), 'progressed': np.float64(0.006146315142224306), 'readied': np.float64(0.0058379428010734685), 'supplied': np.float64(0.0058379428010734685), 'redeveloped': np.float64(0.005582273567929694), 'adopts': np.float64(0.005428277646329217), 'formulated': np.float64(0.005184914560325908), 'benefitted': np.float64(0.004983472720913655), 'optimised': np.float64(0.004166268892067096), 'screened': np.float64(0.003891082510987205), 'analyzed': np.float64(0.0038763857270754146), 'transposed': np.float64(0.0033670823645930146), 'geared': np.float64(0.0022702078568706385), 'trained': np.float64(0.0017905402961354469)}"
27,"{'additional': np.float64(0.5864338801444501), 'addition': np.float64(0.45371286760507173), 'share': np.float64(0.4142690513160157), 'required': np.float64(0.3794890404184378), 'update': np.float64(0.19361025243509894), 'updated': np.float64(0.15311895179828897), 'sub': np.float64(0.12822578247248345), 'post': np.float64(0.11757518452100994), 'assigned': np.float64(0.11002874426097739), 'linked': np.float64(0.09186955014043019), 'sold': np.float64(0.0785766373485209), 'loaded': np.float64(0.06525805555001905), 'needed': np.float64(0.04630675757313179), 'integration': np.float64(0.03998494219087017), 'follow': np.float64(0.038462388830378856), 'entered': np.float64(0.0376486888163804), 'added': np.float64(0.035925365867314346), 'connected': np.float64(0.026281164620669314), 'listed': np.float64(0.024094783781443273), 'unused': np.float64(0.02114798413866324), 'created': np.float64(0.019092384744372883), 'feed': np.float64(0.018545938676401995), 'agree': np.float64(0.017937311214958264), 'shared': np.float64(0.01763380309216149), 'link': np.float64(0.01670112927089472), 'moved': np.float64(0.01356567544313262), 'requested': np.float64(0.012724414357955518), 'posted': np.float64(0.012669341401592094), 'extra': np.float64(0.012403652417924587), 'upgrade': np.float64(0.01014795185922117), 'posting': np.float64(0.00943738113003548), 'comment': np.float64(0.008360901974549643), 'submitted': np.float64(0.00790713782237066), 'bonus': np.float64(0.007078119320494219), 'optional': np.float64(0.005299786609902713), 'refresh': np.float64(0.005104688347795881), 'removed': np.float64(0.004440825649960634), 'augmented': np.float64(0.003930764778335696), 'opt': np.float64(0.0030482470952809186), 'join': np.float64(0.0025484519842752015), 'welcome': np.float64(0.0024845293333315643), 'said': np.float64(0.0024721845747011275), 'attach': np.float64(0.0018003005385228833), 'increment': np.float64(0.0014302283237611106), 'signed': np.float64(0.0014088765785423205), 'invite': np.float64(0.0013327243656056878), 'upload': np.float64(0.0013327243656056878), 'thanks': np.float64(0.0011160717437142024), 'ded': np.float64(0.0004448053918846291), 'addi': np.float64(0.0003733368218880091), 'contrib': np.float64(0.000129815910979881)}"
28,"{'position': np.float64(0.7131325157743603), 'card': np.float64(0.38594708856150717), 'number': np.float64(0.25366167986258026), 'resolution': np.float64(0.19142909724823276), 'offset': np.float64(0.19083027029651242), 'issue': np.float64(0.18898967690383406), 'point': np.float64(0.15885465386148814), 'identification': np.float64(0.15809738959067207), 'office': np.float64(0.1515323637810429), 'place': np.float64(0.1447456885925955), 'date': np.float64(0.14421155307352118), 'code': np.float64(0.09096687885966222), 'direct': np.float64(0.08474102154084082), 'meeting': np.float64(0.08221502485718403), 'address': np.float64(0.08120476157992133), 'topic': np.float64(0.06379327050890146), 'name': np.float64(0.0628485345839447), 'delivery': np.float64(0.057113900660228915), 'channel': np.float64(0.050290216294863035), 'location': np.float64(0.04401438164581689), 'mapping': np.float64(0.03908475139455349), 'administration': np.float64(0.033426775805515875), 'documentation': np.float64(0.03305949875242942), 'irc': np.float64(0.03167468248630231), 'housing': np.float64(0.029163187616485214), 'mapped': np.float64(0.023831401514591365), 'register': np.float64(0.023711173672400075), 'path': np.float64(0.022137983008238042), 'geographic': np.float64(0.021258135172035893), 'direction': np.float64(0.01625116730232359), 'handle': np.float64(0.014787474634262221), 'website': np.float64(0.013723310203404287), 'map': np.float64(0.013582463194565112), 'proxy': np.float64(0.012210959719682698), 'hub': np.float64(0.011964584746498936), 'email': np.float64(0.011562315365027756), 'closest': np.float64(0.011080476847006507), 'handling': np.float64(0.010232030040759767), 'domain': np.float64(0.009757042121412443), 'registration': np.float64(0.00889907156784614), 'format': np.float64(0.008832255073845089), 'coordinate': np.float64(0.008651630052377787), 'internet': np.float64(0.006708488227586628), 'port': np.float64(0.005924703078473254), 'resolve': np.float64(0.005898938932417116), 'display': np.float64(0.005850937983955076), 'registered': np.float64(0.00539617819025652), 'title': np.float64(0.005370102914115305), 'heading': np.float64(0.005181471541144882), 'postcode': np.float64(0.004789827836020452), 'interface': np.float64(0.004351886565852374), 'handled': np.float64(0.004148980724725326), 'listing': np.float64(0.0036229151319855054), 'structuring': np.float64(0.0035394695989651773), 'designation': np.float64(0.0029974285232790905), 'ftp': np.float64(0.002946975329222806), 'ledger': np.float64(0.002810944665913755), 'protocol': np.float64(0.0027874481958495055), 'dated': np.float64(0.0024560024279505596), 'configuration': np.float64(0.001671916861996194), 'header': np.float64(0.0012295729247856295), 'host': np.float64(0.0011351963351174076), 'distance': np.float64(0.0011066408560643185), 'ected': np.float64(0.0008453578718929371), 'ipv': np.float64(0.0007243234666405365), 'label': np.float64(0.0006909999686578972), 'routing': np.float64(0.00043128229355723663)}"
29,"{'allowance': np.float64(0.7647356768548959), 'part': np.float64(0.5497758544357871), 'subsidiary': np.float64(0.17739628609536706), 'member': np.float64(0.1565630802305198), 'subordinated': np.float64(0.13692391254973282), 'appendix': np.float64(0.12681709713884184), 'partner': np.float64(0.066832534685288), 'extension': np.float64(0.062237803439370055), 'colleague': np.float64(0.05917498673956752), 'subordination': np.float64(0.047009579414763344), 'indirect': np.float64(0.04572599062418488), 'administrative': np.float64(0.03727981265465129), 'owned': np.float64(0.02989908939695898), 'annex': np.float64(0.025109009504724437), 'partial': np.float64(0.021783949950177146), 'advising': np.float64(0.02039235188793139), 'interim': np.float64(0.019847664377053008), 'intermediary': np.float64(0.019392669290948548), 'supplement': np.float64(0.014157715463434044), 'though': np.float64(0.013714733074288431), 'employed': np.float64(0.012709157510981268), 'instead': np.float64(0.012518725431964889), 'supplementary': np.float64(0.01117998988969896), 'complementing': np.float64(0.00935692414722686), 'affiliate': np.float64(0.009072174405591306), 'supplementing': np.float64(0.008028249322494529), 'intermediate': np.float64(0.0072434336786765825), 'substitute': np.float64(0.007018387475819499), 'substituting': np.float64(0.006566350962285512), 'contributor': np.float64(0.00601068338837556), 'extending': np.float64(0.005140640738030209), 'subordinate': np.float64(0.005089837438090672), 'appoints': np.float64(0.004981630804863261), 'delegate': np.float64(0.003804518479682263), 'joiner': np.float64(0.0036800809183693646), 'tenant': np.float64(0.003190534860741086), 'subcontractor': np.float64(0.0029953695009340723), 'appoint': np.float64(0.0024136445643315103), 'constituent': np.float64(0.002381708544503364), 'concessionary': np.float64(0.0021845514643497304), 'bution': np.float64(0.002004024325119472), 'alternate': np.float64(0.0015940500646491914), 'appointing': np.float64(0.0012912384772762883), 'deputy': np.float64(0.0005881931324469494), 'honorary': np.float64(0.0004638337955337279), 'subsidi': np.float64(0.0002135558617297222), 'adjunct': np.float64(0.0001960643774822811)}"
30,"{'adjustment': np.float64(0.8225314428753054), 'calculation': np.float64(0.36503801755923826), 'settlement': np.float64(0.26954203839638063), 'arrangement': np.float64(0.1686116006986195), 'shift': np.float64(0.16530846494035334), 'compensation': np.float64(0.1105332290911631), 'estimation': np.float64(0.08084944807164932), 'changing': np.float64(0.07894720617929016), 'modification': np.float64(0.0762447355240686), 'restructuring': np.float64(0.06946569366070901), 'reconciliation': np.float64(0.06779310548024695), 'refinement': np.float64(0.06521780989453416), 'amendment': np.float64(0.0607302254270684), 'improvement': np.float64(0.051003786168796465), 'fluctuation': np.float64(0.04608991326301495), 'offsetting': np.float64(0.04521685188444094), 'recalibrations': np.float64(0.037511174854620334), 'margining': np.float64(0.030303695000526234), 'calibration': np.float64(0.027372456082143018), 'tightening': np.float64(0.024324094948236213), 'recalibration': np.float64(0.02352339263664425), 'reclassification': np.float64(0.023196976433781335), 'revision': np.float64(0.02149846077191055), 'reallocation': np.float64(0.02005884586147285), 'stabilisation': np.float64(0.017289247834375986), 'fit': np.float64(0.013671944935570956), 'corrective': np.float64(0.010724514720580702), 'recalibrated': np.float64(0.009955792115628448), 'shifting': np.float64(0.009136404487368016), 'renegotiation': np.float64(0.007945740437575713), 'rebalancing': np.float64(0.007334363550793283), 'counterbalancing': np.float64(0.00692514507288085), 'manipulation': np.float64(0.006338662050555196), 'calibrating': np.float64(0.005936524823599262), 'updating': np.float64(0.005656233164799482), 'setup': np.float64(0.005341203934745398), 'unadjusted': np.float64(0.005248187612481331), 'recalibrating': np.float64(0.004641064244463337), 'adjustmentsb': np.float64(0.0045619482178794815), 'patch': np.float64(0.004301008275387368), 'stabilization': np.float64(0.004290669506374251), 'counterbalance': np.float64(0.004083333187761419), 'adjustmentsc': np.float64(0.002405611662055357), 'articulation': np.float64(0.0019606586280778745), 'setback': np.float64(0.001838839380781509), 'refit': np.float64(0.0012254700277904644), 'revise': np.float64(0.0010616353774246523), 'moderation': np.float64(0.0007822918696977824)}"
31,"{'management': np.float64(0.9967724463469331), 'considered': np.float64(0.04776632154326794), 'performed': np.float64(0.036646161487412114), 'designated': np.float64(0.02785623480032769), 'manages': np.float64(0.027021260056632745), 'deemed': np.float64(0.019734028039075237), 'delegated': np.float64(0.01672690923825329), 'granted': np.float64(0.01572467582175354), 'executed': np.float64(0.011488814887265077), 'controlled': np.float64(0.008335789322648782), 'funded': np.float64(0.00806693040714189), 'offered': np.float64(0.0060999042525946325), 'systemically': np.float64(0.005602865990166576), 'regulated': np.float64(0.0047139842740446525), 'prescribed': np.float64(0.0036871161108580444), 'delivered': np.float64(0.0023717702928854325), 'deployed': np.float64(0.0022310115648706496), 'exercised': np.float64(0.0019277968864590907), 'prioritized': np.float64(0.0016263996052425236), 'centralized': np.float64(0.001234748544251987), 'supervising': np.float64(0.0011659196501232429), 'prescribes': np.float64(0.0010891753497368332), 'distributing': np.float64(0.0010831678626260254), 'supervises': np.float64(0.0008634790806550179), 'operated': np.float64(0.000845040597942964), 'benefited': np.float64(0.0008057654212437548), 'distributable': np.float64(0.0007995238356171776), 'dealt': np.float64(0.0006186741434259102), 'disciplined': np.float64(0.0005742996467773178), 'instituted': np.float64(0.0004455588420969569), 'subsidised': np.float64(0.0003776624309647092), 'enrolled': np.float64(0.00036028246395867884), 'hosted': np.float64(0.0003388885712741531), 'administered': np.float64(0.0003249878258602017), 'subsided': np.float64(0.00027067557469312935), 'moderated': np.float64(0.0002575231365676576), 'practiced': np.float64(0.00021795297032560282), 'administers': np.float64(5.4429217236536834e-05), 'tolerated': np.float64(3.7533496796532685e-05)}"
32,"{'profit': np.float64(0.5763515638929918), 'benefit': np.float64(0.5174109929068949), 'difference': np.float64(0.24058837562579205), 'downside': np.float64(0.225771040508515), 'positive': np.float64(0.19986109800335303), 'expense': np.float64(0.17989386264939525), 'enhancement': np.float64(0.16716441941735705), 'preferred': np.float64(0.16614313937043781), 'option': np.float64(0.16509588162024927), 'upside': np.float64(0.15803299881917698), 'defense': np.float64(0.1567664528444357), 'back': np.float64(0.14816974042536432), 'surplus': np.float64(0.1280203689634483), 'versus': np.float64(0.09968291188307854), 'discount': np.float64(0.0981912435801711), 'advice': np.float64(0.07236734790346588), 'opportunity': np.float64(0.0676870122543978), 'especially': np.float64(0.06035267955929361), 'counter': np.float64(0.05528221734437966), 'importance': np.float64(0.05345821787560872), 'incentive': np.float64(0.04155851798157381), 'feature': np.float64(0.03900603703272657), 'reward': np.float64(0.0360200875629919), 'appeal': np.float64(0.03372249130179977), 'preference': np.float64(0.025904217535736816), 'competitive': np.float64(0.02372091940798038), 'favour': np.float64(0.023345375699059902), 'choice': np.float64(0.01914490556721433), 'preferential': np.float64(0.015669880942512388), 'favourable': np.float64(0.01561993217636583), 'pro': np.float64(0.0143166094235302), 'positively': np.float64(0.014149686823329578), 'advantage': np.float64(0.013191311238777917), 'exploit': np.float64(0.012353427979054643), 'favorable': np.float64(0.009154282730973093), 'advise': np.float64(0.007371465700951083), 'distinction': np.float64(0.005202317274667547), 'favor': np.float64(0.004097597011121026), 'beneficiary': np.float64(0.0040323486189622), 'promotion': np.float64(0.003470957985891681), 'disadvantage': np.float64(0.003462478474586474), 'privilege': np.float64(0.0026116468237520657), 'win': np.float64(0.002351922220117386), 'favourably': np.float64(0.00203779503994769), 'affords': np.float64(0.0014085412898016446), 'beneﬁ': np.float64(0.0012618113711607292), 'hindrance': np.float64(0.000291136570667131)}"
33,"{'provides': np.float64(0.749242158405546), 'guidance': np.float64(0.3756679359905342), 'applies': np.float64(0.3654469216765808), 'consider': np.float64(0.16387015024176513), 'considers': np.float64(0.15559387594155216), 'refers': np.float64(0.14013780449822183), 'approves': np.float64(0.12954722185555298), 'directive': np.float64(0.12877701033142322), 'ensures': np.float64(0.10309092815219545), 'oversees': np.float64(0.0971396463715596), 'inform': np.float64(0.07196163962822633), 'expects': np.float64(0.071528142773414), 'assumes': np.float64(0.0706270653433993), 'prudent': np.float64(0.06864375867531437), 'warning': np.float64(0.06489872104889058), 'recommends': np.float64(0.052709317664219255), 'instruction': np.float64(0.04603956954464038), 'discusses': np.float64(0.045142958901714325), 'indicated': np.float64(0.04119215376365427), 'discloses': np.float64(0.03157445327759913), 'guiding': np.float64(0.0298992260175558), 'advises': np.float64(0.027971875001289163), 'informing': np.float64(0.026754954972224684), 'counsel': np.float64(0.02450736432262416), 'influencing': np.float64(0.016184283871245077), 'informs': np.float64(0.014713265633877507), 'decides': np.float64(0.014484870546773464), 'recommend': np.float64(0.013996731868712772), 'indicating': np.float64(0.013729445902772183), 'consulting': np.float64(0.013682624415622993), 'agrees': np.float64(0.013548060744345147), 'indicates': np.float64(0.013020630490942339), 'observes': np.float64(0.012915423868493502), 'implies': np.float64(0.012800091889665894), 'invests': np.float64(0.011465613273016905), 'protects': np.float64(0.011258326711558067), 'authorizes': np.float64(0.01111416592910087), 'recommending': np.float64(0.01111416592910087), 'explains': np.float64(0.010569814119776836), 'prepares': np.float64(0.010390711474125555), 'proposes': np.float64(0.008769028283346181), 'solicits': np.float64(0.008564294725082354), 'intends': np.float64(0.005234733184310078), 'confirms': np.float64(0.004843920406264351), 'prevents': np.float64(0.004553986982909618), 'instructing': np.float64(0.004455499506382147), 'prefers': np.float64(0.004455499506382147), 'supervise': np.float64(0.004302785751898364), 'endorses': np.float64(0.0031580406152229693), 'predicts': np.float64(0.0031580406152229693), 'reminding': np.float64(0.0027946160591860417), 'notified': np.float64(0.0026640202003725146), 'stipulates': np.float64(0.002276993491454809), 'suggested': np.float64(0.002241421207721715), 'suggest': np.float64(0.001497860219931133), 'anticipates': np.float64(0.0012352316594658403), 'sures': np.float64(0.0006107359368404559), 'urged': np.float64(0.00030185671699927303)}"
34,"{'business': np.float64(0.9478657518187308), 'sector': np.float64(0.23547401686720926), 'industry': np.float64(0.16705061764334253), 'environmental': np.float64(0.07360711879280384), 'infrastructure': np.float64(0.049442634250513956), 'cybersecurity': np.float64(0.04452557384175942), 'scope': np.float64(0.04368747518408829), 'enterprise': np.float64(0.04110157384213421), 'agriculture': np.float64(0.02813498455540189), 'cyber': np.float64(0.0267268552439642), 'technical': np.float64(0.02601232226550828), 'manufacturing': np.float64(0.023180988952569752), 'geography': np.float64(0.02147264723369687), 'technological': np.float64(0.019307957656459183), 'transportation': np.float64(0.01821649974126677), 'air': np.float64(0.013932820507743996), 'automotive': np.float64(0.011894762919409014), 'forestry': np.float64(0.010502787126259796), 'logistics': np.float64(0.009807674634589487), 'entertainment': np.float64(0.00872344858915994), 'aviation': np.float64(0.007984767257805881), 'industrials': np.float64(0.00547720715319229), 'venture': np.float64(0.00535404413205778), 'machinery': np.float64(0.004395587355559354), 'aircraft': np.float64(0.004015626186979353), 'space': np.float64(0.0037311244502645823), 'industrial': np.float64(0.0035607922224571145), 'pilot': np.float64(0.003130521800679204), 'agricultural': np.float64(0.002868336531352537), 'economics': np.float64(0.0026965751301417248), 'airline': np.float64(0.0024516124425033483), 'telecom': np.float64(0.0023409019914317243), 'fsa': np.float64(0.0022307475334684746), 'emea': np.float64(0.0019199805599917207), 'automotives': np.float64(0.0018358672345537375), 'military': np.float64(0.0017674708995960304), 'geospatial': np.float64(0.001134918829669724), 'ocean': np.float64(0.0011332909199172818), 'marine': np.float64(0.0011297971702056114), 'headroom': np.float64(0.0010866531515717514), 'science': np.float64(0.0009387259770708721), 'auspex': np.float64(0.0009153489282066713), 'gaming': np.float64(0.0009153489282066713), 'tech': np.float64(0.0008354926739813372), 'cargo': np.float64(0.0008335063779345154), 'fishery': np.float64(0.0008162700997939484), 'literature': np.float64(0.0007435230011565655), 'pharma': np.float64(0.000743385607790236), 'aluminium': np.float64(0.0006401316249696898), 'petroleum': np.float64(0.0006196613818430079), 'universe': np.float64(0.0006196613818430079), 'facturing': np.float64(0.00058867598664022), 'healthcare': np.float64(0.00058867598664022), 'earth': np.float64(0.0005394307026715629), 'aerospace': np.float64(0.0003984543631070461), 'occupational': np.float64(0.0003422632939996009), 'soaring': np.float64(0.0003356993573770812), 'warfare': np.float64(8.53269777700025e-05), 'eurasia': np.float64(8.35982196047866e-05)}"
35,"{'impact': np.float64(0.8543217549193874), 'approach': np.float64(0.4310550890741231), 'take': np.float64(0.16538479437859074), 'assess': np.float64(0.13827792834538596), 'affect': np.float64(0.09934325724262921), 'relating': np.float64(0.08378471951197967), 'cause': np.float64(0.07262392923678869), 'impacted': np.float64(0.06301648968577367), 'concern': np.float64(0.06250630503743893), 'give': np.float64(0.03837808233048147), 'effort': np.float64(0.03641123333517988), 'regard': np.float64(0.03607210941586492), 'relates': np.float64(0.02997304453777126), 'harm': np.float64(0.027212272979725245), 'like': np.float64(0.023456261837016906), 'indicate': np.float64(0.019077461711517515), 'implication': np.float64(0.01904931038536884), 'attract': np.float64(0.01503588687270061), 'causing': np.float64(0.0126216750629611), 'disrupt': np.float64(0.010012333504718297), 'influence': np.float64(0.009093765810139872), 'involve': np.float64(0.0072287386088402735), 'tend': np.float64(0.007142911564752569), 'contagion': np.float64(0.00611319879044426), 'entail': np.float64(0.005839759345728008), 'tone': np.float64(0.004690070765776033), 'manipulate': np.float64(0.0027245619265048645), 'attitude': np.float64(0.0025529862055506045), 'endanger': np.float64(0.001919740869722301), 'impression': np.float64(0.0018709037379941818), 'impairmentse': np.float64(0.0015431787314703661), 'think': np.float64(0.0014485050233505252), 'effecta': np.float64(0.0012344063215397258), 'worry': np.float64(0.001132347831102702), 'feel': np.float64(0.0009942315505907847), 'impairs': np.float64(0.000988460181128553), 'correlate': np.float64(0.0006020251765802826), 'tendency': np.float64(0.00017705674173126347), 'interacts': np.float64(9.413133774130408e-05)}"
36,"{'income': np.float64(0.9660581839879838), 'wealth': np.float64(0.167773557120914), 'particularly': np.float64(0.11441945014844136), 'diversified': np.float64(0.092454303073566), 'highly': np.float64(0.09037864005628525), 'monetary': np.float64(0.05280544658720267), 'poor': np.float64(0.046423680641955005), 'extensive': np.float64(0.0324577587663832), 'sophisticated': np.float64(0.027547432310082054), 'financed': np.float64(0.02164715982950514), 'refined': np.float64(0.015700724960543824), 'frequent': np.float64(0.015467029699560972), 'owed': np.float64(0.013983137680302833), 'extremely': np.float64(0.013902219450801865), 'comfortable': np.float64(0.013475788552254288), 'grand': np.float64(0.008885149001487685), 'confident': np.float64(0.007341083965513708), 'sophistication': np.float64(0.007260302574679418), 'satisfied': np.float64(0.006507914267030803), 'financially': np.float64(0.006416473895492344), 'nancial': np.float64(0.005557632186131534), 'entitled': np.float64(0.005111152413978483), 'expensive': np.float64(0.00478675502400377), 'ultra': np.float64(0.004365670205043204), 'valuable': np.float64(0.004312426831808763), 'dominant': np.float64(0.0042034370163181), 'prominent': np.float64(0.0040938646964335), 'luxury': np.float64(0.003769144077161281), 'attractive': np.float64(0.00347466981597155), 'enriches': np.float64(0.0030952980714695957), 'costly': np.float64(0.003023422623945724), 'prosperity': np.float64(0.0029145019552560677), 'fed': np.float64(0.0028971841948239405), 'predominant': np.float64(0.0018441089921096407), 'profitable': np.float64(0.0017917566111116782), 'talented': np.float64(0.0016930913128858159), 'extensively': np.float64(0.000977832029893328), 'finan': np.float64(0.0006475386810231181), 'comfortably': np.float64(0.0006446020267810499), 'resourceful': np.float64(0.0006385978903504363), 'expansive': np.float64(0.0005941875777614949), 'affluent': np.float64(0.00017689645053245635)}"
37,"{'prior': np.float64(0.7457605948347995), 'others': np.float64(0.3863139270488614), 'previous': np.float64(0.2945093858632118), 'previously': np.float64(0.22022934290606716), 'earlier': np.float64(0.18181666785392364), 'aforementioned': np.float64(0.16215255459768202), 'noted': np.float64(0.13538779198566983), 'upcoming': np.float64(0.1346251478624107), 'foreseeable': np.float64(0.12457574822365054), 'later': np.float64(0.1086029746322388), 'foreseen': np.float64(0.09229351438130866), 'earliest': np.float64(0.07808037565120192), 'probable': np.float64(0.0579763282194074), 'notwithstanding': np.float64(0.05371949950960304), 'prevailing': np.float64(0.05288119372520025), 'notable': np.float64(0.04270702432204846), 'far': np.float64(0.04218885519453258), 'headed': np.float64(0.03832933847585828), 'firstly': np.float64(0.03646139014413644), 'besides': np.float64(0.03551444354360072), 'noticeable': np.float64(0.0317647103034693), 'formerly': np.float64(0.02957283413895984), 'noting': np.float64(0.028410454735127794), 'thereunder': np.float64(0.024207183304072587), 'impending': np.float64(0.01955521843498766), 'unforeseeable': np.float64(0.01955521843498766), 'alleged': np.float64(0.013518355995547135), 'therewith': np.float64(0.01287625913284306), 'albeit': np.float64(0.010645548098637237), 'predetermined': np.float64(0.009755848282026382), 'preliminary': np.float64(0.009539002533141314), 'predecessor': np.float64(0.008971696767565686), 'herein': np.float64(0.008905664642801455), 'reiterated': np.float64(0.004864420426128495), 'foremost': np.float64(0.004331563802057011), 'lastly': np.float64(0.003268069335472515), 'forthcoming': np.float64(0.0030967822355377123), 'precondition': np.float64(0.0027228887739910355), 'foresee': np.float64(0.002548120572347432)}"
38,"{'germany': np.float64(0.5081397786374762), 'european': np.float64(0.40038605138700084), 'europe': np.float64(0.38912745195925746), 'america': np.float64(0.26930028103526615), 'belgium': np.float64(0.22842044412315035), 'ukraine': np.float64(0.22437298203230863), 'russia': np.float64(0.20861700732618038), 'spain': np.float64(0.19296071512839208), 'italy': np.float64(0.18057981781809077), 'australia': np.float64(0.15566374334787084), 'world': np.float64(0.144547739387565), 'poland': np.float64(0.14235274479552815), 'pacific': np.float64(0.12174022274132139), 'france': np.float64(0.12042697106877505), 'china': np.float64(0.10372127088439796), 'switzerland': np.float64(0.09195769079113786), 'africa': np.float64(0.08691950729526718), 'japan': np.float64(0.07654222579285327), 'ireland': np.float64(0.06951504326191846), 'canada': np.float64(0.04028443672786279), 'worldwide': np.float64(0.03820689325062437), 'india': np.float64(0.03625654754425005), 'south': np.float64(0.035303559689134185), 'globe': np.float64(0.029168379754561883), 'européenne': np.float64(0.021450679896435967), 'england': np.float64(0.01845313981504327), 'norway': np.float64(0.01788685694185245), 'denmark': np.float64(0.017150237198638955), 'sweden': np.float64(0.015309415387425735), 'paris': np.float64(0.0134776900047957), 'australian': np.float64(0.012782605728710303), 'equator': np.float64(0.011221382701944078), 'europeenne': np.float64(0.01092804713132068), 'korea': np.float64(0.010524304791921743), 'austria': np.float64(0.010089199141355582), 'berlin': np.float64(0.009870794118549416), 'israel': np.float64(0.008780728945917669), 'cafe': np.float64(0.007090419007970992), 'amsterdam': np.float64(0.0064470081053902735), 'portugal': np.float64(0.006318802423005453), 'danmark': np.float64(0.0053197241405549146), 'london': np.float64(0.005065296366916306), 'syria': np.float64(0.0050276003172097135), 'brazil': np.float64(0.004729200546550969), 'britain': np.float64(0.004644438939494048), 'french': np.float64(0.0045501931343601984), 'scotland': np.float64(0.004544747275841207), 'slavery': np.float64(0.004354221891474914), 'cuba': np.float64(0.0040072030952431675), 'sudan': np.float64(0.0040072030952431675), 'greece': np.float64(0.0024867172368782694), 'asian': np.float64(0.0019082418229979733), 'thailand': np.float64(0.00148950137946886), 'deutschland': np.float64(0.0010311971589108124), 'egypt': np.float64(0.0010203972219665453), 'iraq': np.float64(0.0010203972219665453), 'jordan': np.float64(0.0010203972219665453), 'monaco': np.float64(0.000973902800013454), 'nordea': np.float64(0.0006357624730415958)}"
39,"{'stage': np.float64(0.7365023900333155), 'rate': np.float64(0.46280613677632254), 'year': np.float64(0.4295860104430453), 'period': np.float64(0.18214064958481374), 'time': np.float64(0.12904857057140479), 'parent': np.float64(0.055661579186693996), 'lifetime': np.float64(0.04382233331866775), 'culture': np.float64(0.036268872587505), 'reference': np.float64(0.026181661369468458), 'life': np.float64(0.024011207582159515), 'early': np.float64(0.018008900503296805), 'legacy': np.float64(0.015738421218077957), 'weather': np.float64(0.01419931793561532), 'weight': np.float64(0.013670823092840406), 'longevity': np.float64(0.011334393091127815), 'timing': np.float64(0.006913811219428544), 'generation': np.float64(0.0065918336170586785), 'duration': np.float64(0.006534670112664658), 'holder': np.float64(0.006444645831971512), 'historic': np.float64(0.005752270331094326), 'care': np.float64(0.005492314235482539), 'population': np.float64(0.004515680214372507), 'mature': np.float64(0.003675131470649893), 'family': np.float64(0.0030605061033494732), 'worth': np.float64(0.0029278371982264214), 'yeara': np.float64(0.0026446547928505905), 'late': np.float64(0.0023532150767913607), 'get': np.float64(0.002212052204782332), 'ground': np.float64(0.0012331486707854952), 'old': np.float64(0.00105605914701889), 'ageing': np.float64(0.0009260814299802534), 'cation': np.float64(0.0008724517272725258), 'ear': np.float64(0.0008313581395637588), 'expiry': np.float64(0.00077236279561845), 'height': np.float64(0.0006582733214640703), 'death': np.float64(0.0006551345644281018), 'winter': np.float64(0.000568652319959198), 'grown': np.float64(0.0005678277981645882), 'everyone': np.float64(0.0005508471661966538), 'gender': np.float64(0.0005365054534010728), 'obsolete': np.float64(0.0005281690963154235), 'usher': np.float64(0.00042872630166009777), 'race': np.float64(0.000395836004341497), 'age': np.float64(0.00036827060597920965), 'ask': np.float64(0.0003451876193555857), 'older': np.float64(0.00033585130921146884), 'oct': np.float64(0.00025562108358031166), 'origin': np.float64(0.00020472674617338227), 'young': np.float64(0.00014930883806443045), 'born': np.float64(1.5847835866392993e-05)}"
40,"{'weighted': np.float64(0.6831552193686715), 'flow': np.float64(0.6612498822815845), 'contribution': np.float64(0.19441858402703788), 'combination': np.float64(0.12478320341077295), 'collective': np.float64(0.09182176585798182), 'collection': np.float64(0.07877097940239869), 'groep': np.float64(0.065283574610262), 'merger': np.float64(0.05635495714192143), 'matching': np.float64(0.054861081261570445), 'quantification': np.float64(0.054774568721859554), 'consolidation': np.float64(0.050512468605408214), 'subset': np.float64(0.04103093507219777), 'aggregation': np.float64(0.040776716465309136), 'collaboration': np.float64(0.036034148282525026), 'amalgamation': np.float64(0.03496705247711635), 'cagr': np.float64(0.033395846178454126), 'granularity': np.float64(0.03300015273611776), 'match': np.float64(0.026424890597739923), 'quantifies': np.float64(0.020741221628216348), 'merged': np.float64(0.0190931347597343), 'combining': np.float64(0.01847422395510342), 'quantifying': np.float64(0.017250396726968785), 'multitude': np.float64(0.016697923089227063), 'segmentation': np.float64(0.016293858981868994), 'conglomerate': np.float64(0.01562014617732005), 'count': np.float64(0.01398043700552598), 'pooling': np.float64(0.013421932064570211), 'cascading': np.float64(0.013397598102015726), 'gathering': np.float64(0.009025115251472454), 'combine': np.float64(0.0077526698533562245), 'cluster': np.float64(0.00631800212446807), 'clustered': np.float64(0.00631800212446807), 'colluding': np.float64(0.006290670214227043), 'averaging': np.float64(0.005917173662459191), 'categorization': np.float64(0.005741915599283377), 'summation': np.float64(0.005741915599283377), 'merge': np.float64(0.005242203333782879), 'syndicate': np.float64(0.004657289845770298), 'compression': np.float64(0.004159731606149601), 'sequence': np.float64(0.0040671528919849365), 'scraping': np.float64(0.0035461138733093524), 'grouping': np.float64(0.003486951306087886), 'fragmentation': np.float64(0.003241103423699009), 'collusion': np.float64(0.002537755588431431), 'collaborating': np.float64(0.001762331713915429), 'simplification': np.float64(0.0016845119917368462), 'summarize': np.float64(0.0015968194876785765), 'ering': np.float64(0.0007452267180587427)}"
41,"{'default': np.float64(0.6129358943847444), 'specific': np.float64(0.48600613998081044), 'development': np.float64(0.47141921523272556), 'testing': np.float64(0.3200994492684571), 'target': np.float64(0.17547303509318685), 'variable': np.float64(0.11383360393637346), 'classification': np.float64(0.08640233004814649), 'define': np.float64(0.06428130748293823), 'description': np.float64(0.05952905407155767), 'tested': np.float64(0.034789388439863574), 'constraint': np.float64(0.03234981030472477), 'assuming': np.float64(0.021139995645781458), 'marked': np.float64(0.01923988730468556), 'dependency': np.float64(0.017393126996830245), 'concept': np.float64(0.017049894987805177), 'volatile': np.float64(0.01564961788804012), 'logic': np.float64(0.013755008041678745), 'persistent': np.float64(0.012374145187124728), 'version': np.float64(0.00881676974143018), 'built': np.float64(0.00804151801089925), 'variant': np.float64(0.00689722501480239), 'describe': np.float64(0.0057864723228231996), 'unknown': np.float64(0.0044314608856048385), 'ict': np.float64(0.00271058745679977), 'ect': np.float64(0.0022129576646922784), 'generic': np.float64(0.0022127069607232805), 'validator': np.float64(0.0015467871754108098), 'agnostic': np.float64(0.0009275491557068688), 'rpc': np.float64(0.0001798125729468548)}"
42,"{'board': np.float64(0.9329843498741186), 'otc': np.float64(0.2171445256852821), 'consumer': np.float64(0.19181035715233002), 'carbon': np.float64(0.12906398251850001), 'eba': np.float64(0.10618903595045709), 'gas': np.float64(0.08276911242364517), 'chair': np.float64(0.05787320785690889), 'alco': np.float64(0.05641645023954239), 'brc': np.float64(0.03878144757119319), 'com': np.float64(0.03474852498457423), 'beverage': np.float64(0.02334938985792424), 'cso': np.float64(0.019663898973503697), 'center': np.float64(0.012099870113435657), 'fca': np.float64(0.011101729217702938), 'community': np.float64(0.01007962402440008), 'eca': np.float64(0.008143675676172024), 'alcos': np.float64(0.006888386180970776), 'rcc': np.float64(0.005062383831467085), 'bev': np.float64(0.004959137440801704), 'cco': np.float64(0.004861944485416513), 'coo': np.float64(0.004396559547489873), 'exco': np.float64(0.004105959584662839), 'wall': np.float64(0.0038189970212531977), 'fcca': np.float64(0.0031000899604671905), 'bic': np.float64(0.002438220506315145), 'alecta': np.float64(0.002024953532586835), 'nac': np.float64(0.0016518356104188157), 'cologne': np.float64(0.001180659607523365), 'cial': np.float64(0.0011666080496835957), 'sole': np.float64(0.0010409974296635032), 'cel': np.float64(0.0007837448509820996), 'almt': np.float64(0.0005794680903556679), 'colva': np.float64(0.0005214455102743167), 'nal': np.float64(0.0004484678019646585), 'cate': np.float64(0.0002701858391941664), 'olio': np.float64(0.0002701858391941664)}"
43,"{'framework': np.float64(0.7998169006656843), 'measure': np.float64(0.4081424021386685), 'analysis': np.float64(0.2936351741003647), 'system': np.float64(0.20689021585974596), 'probability': np.float64(0.13231539597069736), 'technology': np.float64(0.10383864177801701), 'procedure': np.float64(0.09663791097363329), 'example': np.float64(0.09412843518388206), 'scheme': np.float64(0.06852179959258332), 'structured': np.float64(0.04906724269751655), 'method': np.float64(0.04824267708566987), 'program': np.float64(0.0473830182099918), 'simulation': np.float64(0.046043401222862726), 'organization': np.float64(0.039799430873052294), 'matrix': np.float64(0.03352662347888752), 'processing': np.float64(0.02191869651530079), 'distributed': np.float64(0.01599583867908523), 'analyze': np.float64(0.014856620264886048), 'roll': np.float64(0.013281702386820632), 'software': np.float64(0.011564929300291672), 'evaluate': np.float64(0.010740312062291157), 'optimize': np.float64(0.01017068632899398), 'automatically': np.float64(0.007036008835989843), 'compute': np.float64(0.005176396681794321), 'predict': np.float64(0.004800822018253582), 'algorithmic': np.float64(0.004480474093317674), 'classify': np.float64(0.004352324401766756), 'computer': np.float64(0.003578986593554432), 'machine': np.float64(0.0031203285081290964), 'optimization': np.float64(0.00311544233793383), 'organized': np.float64(0.0030142699239616095), 'numerically': np.float64(0.002746508845029169), 'bullet': np.float64(0.0024511100364452807), 'algorithm': np.float64(0.002351823730097715), 'module': np.float64(0.0021452083481242686), 'automating': np.float64(0.0015704923506584545), 'formula': np.float64(0.0013398448343117807), 'sample': np.float64(0.001290055104586109), 'comput': np.float64(0.00011776576904140518)}"
44,"{'represents': np.float64(0.7266666108073181), 'maintains': np.float64(0.3692886048668005), 'follows': np.float64(0.32604722720114526), 'establishes': np.float64(0.2728810518118207), 'identifies': np.float64(0.18487924843304357), 'calculates': np.float64(0.16491252039454776), 'elsewhere': np.float64(0.16011944855530477), 'linear': np.float64(0.14547824779008256), 'assigns': np.float64(0.12163215066858073), 'positioning': np.float64(0.08257111098499756), 'alliance': np.float64(0.06750536562009919), 'allocates': np.float64(0.058643909542506915), 'aligns': np.float64(0.05591192428043396), 'positioned': np.float64(0.0426868974135698), 'linearity': np.float64(0.041158176475557105), 'analyzes': np.float64(0.04095642985481701), 'differentiates': np.float64(0.037406292554596245), 'validates': np.float64(0.035937444571293366), 'flattener': np.float64(0.03146842477661018), 'engages': np.float64(0.029209825675454014), 'centered': np.float64(0.02533556323425634), 'illustrates': np.float64(0.023760301903566986), 'converging': np.float64(0.023370785778097692), 'consolidates': np.float64(0.020971972891755064), 'restructures': np.float64(0.019644911635193146), 'coordinating': np.float64(0.018611975717290587), 'prioritizes': np.float64(0.0150399772697482), 'checked': np.float64(0.013273855446140658), 'collaborates': np.float64(0.01239364599101301), 'reconciles': np.float64(0.012212488925835789), 'loop': np.float64(0.010093098189201387), 'linearly': np.float64(0.009241704323387777), 'reinforces': np.float64(0.00912142683821976), 'orientated': np.float64(0.007984478362586457), 'tends': np.float64(0.007772507738223671), 'harmonize': np.float64(0.007480960768812317), 'harmonise': np.float64(0.006023996184070657), 'arranging': np.float64(0.0045378425816516976), 'integrates': np.float64(0.004032151122752881), 'arranges': np.float64(0.0029088500388097993), 'arrange': np.float64(0.0027439018179186824)}"
45,"{'investment': np.float64(0.8407038695060746), 'deposit': np.float64(0.27795953383507715), 'held': np.float64(0.23934758070251377), 'buffer': np.float64(0.2383567993527528), 'distribution': np.float64(0.20234545571216356), 'reserve': np.float64(0.1662878379265238), 'swap': np.float64(0.11996035458254879), 'repo': np.float64(0.10066338592016627), 'release': np.float64(0.07604667023235741), 'offer': np.float64(0.02771235955692588), 'open': np.float64(0.023295829350075046), 'ownership': np.float64(0.01880484769335724), 'restricted': np.float64(0.017202247265071278), 'retain': np.float64(0.016098583913521886), 'deployment': np.float64(0.014159857835890306), 'lease': np.float64(0.0104494263521004), 'invest': np.float64(0.007882927135975134), 'repository': np.float64(0.007512980558526476), 'dataset': np.float64(0.007481557187791085), 'recipient': np.float64(0.0071986253422893255), 'restrict': np.float64(0.007193184587822183), 'entrant': np.float64(0.005119163852687209), 'leasing': np.float64(0.004892228114342798), 'extends': np.float64(0.004501458832792421), 'preserve': np.float64(0.004320102426302373), 'budget': np.float64(0.004064923466631599), 'allocate': np.float64(0.0036697694350255445), 'disposed': np.float64(0.0036365162951050136), 'reserved': np.float64(0.003133533180909859), 'store': np.float64(0.0009992964349458833), 'consume': np.float64(0.0008748329670749882), 'divide': np.float64(0.0007884711733589463), 'dedicates': np.float64(0.0007556231974237738)}"
46,"{'one': np.float64(0.6364822176207693), 'private': np.float64(0.41894053048508745), 'strong': np.float64(0.3514098896750608), 'independent': np.float64(0.26868003513475086), 'identified': np.float64(0.25718644466044105), 'single': np.float64(0.24423166440224583), 'unless': np.float64(0.15536823049457774), 'outside': np.float64(0.14637508460252785), 'united': np.float64(0.13222391419118668), 'individually': np.float64(0.0852708846896192), 'multi': np.float64(0.07568853670328315), 'separately': np.float64(0.07076467788707361), 'separate': np.float64(0.06889571741440777), 'independently': np.float64(0.05377853625538463), 'another': np.float64(0.04596702853388638), 'broken': np.float64(0.04585110709043713), 'standalone': np.float64(0.030399154916784795), 'exclusively': np.float64(0.027313536495060048), 'online': np.float64(0.023191544756912298), 'self': np.float64(0.02243922261655592), 'solely': np.float64(0.019334100695856556), 'unlikely': np.float64(0.017237801393901235), 'remote': np.float64(0.015125768201162964), 'identity': np.float64(0.013601459099372354), 'lose': np.float64(0.012469993550672744), 'lien': np.float64(0.012048241397550988), 'unilateral': np.float64(0.011987681047774134), 'neutral': np.float64(0.011836696388829195), 'simple': np.float64(0.01049379078507244), 'weak': np.float64(0.009447866458272476), 'unbiased': np.float64(0.008990435078089169), 'unlike': np.float64(0.007896492271115796), 'unrelated': np.float64(0.006816961778844046), 'stranded': np.float64(0.006572012843522656), 'alone': np.float64(0.005910741378139041), 'leave': np.float64(0.005808973196009452), 'uncorrelated': np.float64(0.005569891295781226), 'uncommitted': np.float64(0.004843820951616346), 'losing': np.float64(0.004476891303517788), 'random': np.float64(0.00408744955240997), 'stood': np.float64(0.003962793414649417), 'lost': np.float64(0.002295086238866268), 'separated': np.float64(0.001947097001116707), 'unique': np.float64(0.0002756833665838208)}"
47,"{'change': np.float64(0.907288088592155), 'counterparty': np.float64(0.2889088237158366), 'counterparties': np.float64(0.18699978535964434), 'transition': np.float64(0.18255236647004586), 'trade': np.float64(0.08454589382267685), 'reverse': np.float64(0.06776255693543458), 'alternative': np.float64(0.06332598448250057), 'possible': np.float64(0.055654360791514104), 'equivalent': np.float64(0.035268259403278344), 'competition': np.float64(0.034774080131664664), 'conversion': np.float64(0.027425864753166537), 'comparison': np.float64(0.02450121168156268), 'variation': np.float64(0.02117460630705359), 'rather': np.float64(0.021125487903280723), 'proposal': np.float64(0.016221436852693567), 'solution': np.float64(0.015310774109346404), 'replacement': np.float64(0.015046706921996686), 'traditional': np.float64(0.014407953100930621), 'selection': np.float64(0.011292741815927439), 'desired': np.float64(0.009910730418232734), 'compare': np.float64(0.009323837565216486), 'deal': np.float64(0.009163080887279967), 'former': np.float64(0.009033651235150755), 'fallback': np.float64(0.0063385116711346945), 'replace': np.float64(0.004504752700201457), 'recommended': np.float64(0.004356016509357182), 'contrast': np.float64(0.0028777173411668753), 'dependence': np.float64(0.0027452322412917494), 'choose': np.float64(0.002508920478875668), 'replaces': np.float64(0.0016123913964388554), 'counterpart': np.float64(0.001281709557954805), 'switch': np.float64(0.0012569971493687634), 'prefer': np.float64(0.0009227260877343019), 'elt': np.float64(0.0003395910031522198)}"
48,"{'provision': np.float64(0.9383324308835918), 'remediation': np.float64(0.23341867759385698), 'reform': np.float64(0.1567456635710159), 'legislative': np.float64(0.12174065447976587), 'proceeding': np.float64(0.08441764353746031), 'refinancing': np.float64(0.08084630629040708), 'repair': np.float64(0.05598502172971113), 'strengthening': np.float64(0.04851964739329821), 'mitigants': np.float64(0.03377860503205839), 'renegotiated': np.float64(0.032526545562223806), 'refining': np.float64(0.021739176631135056), 'amortization': np.float64(0.021637640462323787), 'replacing': np.float64(0.020875404002608823), 'reformed': np.float64(0.020409667155473512), 'enforcing': np.float64(0.019830242064619814), 'sanctioning': np.float64(0.019374149659305902), 'amortize': np.float64(0.01866167390990371), 'amortizing': np.float64(0.01866167390990371), 'amending': np.float64(0.01302701967946206), 'remediating': np.float64(0.011385169715892124), 'improves': np.float64(0.010985907265944657), 'restatement': np.float64(0.01073737326737291), 'upgrading': np.float64(0.010143952375712566), 'proposing': np.float64(0.009687074829652951), 'curing': np.float64(0.009330836954951856), 'renewal': np.float64(0.006794710611379181), 'modernising': np.float64(0.006678936442635422), 'upholding': np.float64(0.006173217040528458), 'restructure': np.float64(0.005021476484792336), 'reconsidering': np.float64(0.004405945788573026), 'redetermination': np.float64(0.004372327070018032), 'reforming': np.float64(0.0036344048941552736), 'nancing': np.float64(0.003270710109559555), 'patching': np.float64(0.002394911207721171), 'retrofitting': np.float64(0.002394911207721171), 'convening': np.float64(0.0013358497627073355), 'constitution': np.float64(0.0008508100514677392), 'debating': np.float64(0.00044777665032823147), 'reinforcing': np.float64(0.00010917888644248863)}"
49,"{'may': np.float64(0.9912254080782721), 'social': np.float64(0.09801542540043674), 'communication': np.float64(0.07001764673562169), 'cooperative': np.float64(0.038632326163256195), 'payable': np.float64(0.03421999679794568), 'mutual': np.float64(0.008814425576269503), 'facilitated': np.float64(0.006429243143127787), 'collaborate': np.float64(0.0060730471842740715), 'interplay': np.float64(0.0055997626564394404), 'supportive': np.float64(0.0041787918287430935), 'transferable': np.float64(0.003848899914343085), 'soft': np.float64(0.003532917411029677), 'reciprocal': np.float64(0.003493771959988109), 'cant': np.float64(0.002973564867807556), 'unified': np.float64(0.0026357766910157774), 'interrelated': np.float64(0.0025262452152772733), 'contentious': np.float64(0.0021224954394911044), 'constructive': np.float64(0.0020604254438212092), 'cohesive': np.float64(0.0017834262725082415), 'communate': np.float64(0.0017455072766732083), 'collaborative': np.float64(0.0016971771773336666), 'mutually': np.float64(0.001624259124759416), 'informal': np.float64(0.0014644887513323983), 'interconnected': np.float64(0.001363976264305231), 'transferrable': np.float64(0.001348687777718621), 'amicable': np.float64(0.0010917531508575552), 'easily': np.float64(0.0009873557905056938), 'interacting': np.float64(0.0009334173380872581), 'cdio': np.float64(0.0008885193790387772), 'mendes': np.float64(0.0008080317625688982), 'sizeable': np.float64(0.0007221785527626895), 'immovable': np.float64(0.0007190175503828289), 'synonymous': np.float64(0.0005945607411664834), 'nected': np.float64(0.0005655234014148515), 'flexible': np.float64(0.0004445202913473208), 'easy': np.float64(0.0003414830117914956)}"
50,"{'main': np.float64(0.6830513443139172), 'ongoing': np.float64(0.5186837576002495), 'met': np.float64(0.4014999293559249), 'depending': np.float64(0.26621524700400473), 'whilst': np.float64(0.1269202427491725), 'despite': np.float64(0.06522036268815916), 'constantly': np.float64(0.06406613471438354), 'middle': np.float64(0.057472501708515464), 'mifid': np.float64(0.031030310681974912), 'imm': np.float64(0.02856832996907167), 'mid': np.float64(0.028089126088329856), 'moment': np.float64(0.026344447520589797), 'min': np.float64(0.02472827293471561), 'amid': np.float64(0.01789339242812371), 'underway': np.float64(0.012351052041867169), 'night': np.float64(0.010411175451005353), 'idd': np.float64(0.008828842970983167), 'anytime': np.float64(0.004307364183820642), 'meant': np.float64(0.0037557097724831667)}"
51,"{'review': np.float64(0.9836341729047096), 'methodology': np.float64(0.09310971686797977), 'programme': np.float64(0.09130828665327767), 'summary': np.float64(0.0683586303231976), 'identify': np.float64(0.067539290374482), 'determine': np.float64(0.05082067202955249), 'technique': np.float64(0.029164981796650544), 'breakdown': np.float64(0.02479782188323948), 'determining': np.float64(0.02427425093429834), 'understand': np.float64(0.021228566440867173), 'investigation': np.float64(0.018212462020488814), 'decomposition': np.float64(0.0163069315658268), 'scrutiny': np.float64(0.015503886278457816), 'quantify': np.float64(0.008215367464607904), 'analytical': np.float64(0.006369182497488384), 'scanning': np.float64(0.006351690446738516), 'detection': np.float64(0.005107265285335606), 'evaluates': np.float64(0.004701399563268002), 'ascertain': np.float64(0.0036246782880136716), 'summarise': np.float64(0.0032950216925407144), 'spanning': np.float64(0.003153977123809346), 'crystallise': np.float64(0.0030859942001428713), 'plot': np.float64(0.0030859942001428713), 'interpreted': np.float64(0.0030326577825603566), 'investigating': np.float64(0.002412594372701881), 'analyzing': np.float64(0.0022830407522936203), 'explanation': np.float64(0.0022738599606498943), 'examine': np.float64(0.002227850200233951), 'categorise': np.float64(0.0018978656061598965), 'summarises': np.float64(0.0015436631973645516), 'interpret': np.float64(0.0015249439283871518), 'investigated': np.float64(0.0012167374346828347), 'categorises': np.float64(0.0010861184865813647), 'analyse': np.float64(0.0010131309948454756), 'analysed': np.float64(0.000990895153581538), 'valuer': np.float64(0.0008682258345906705), 'summarizes': np.float64(0.0008392776544222543), 'categorisation': np.float64(0.0008106351746987266), 'commentary': np.float64(0.0007054312100411049), 'formulation': np.float64(0.0004923714370212622), 'analysing': np.float64(0.0004714773732962049), 'explores': np.float64(0.0003956894869767531), 'categorize': np.float64(0.00036165985642532965), 'inquiry': np.float64(0.0002966326293281725), 'examined': np.float64(0.000262249493230108), 'examining': np.float64(0.00022111432259024058), 'investigate': np.float64(0.00014983168002954438), 'profiling': np.float64(0.00014243784458795372), 'formalisation': np.float64(0.00012779934270221513), 'organise': np.float64(9.541288958747195e-05), 'organising': np.float64(7.75451088922162e-05), 'defini': np.float64(6.893739468963264e-05), 'operationalisation': np.float64(6.009317005425624e-05), 'reorganisation': np.float64(5.692215181022597e-05), 'criticism': np.float64(5.682114549921195e-05), 'tigation': np.float64(5.682114549921195e-05), 'elaboration': np.float64(5.3826413899226866e-05), 'operationalise': np.float64(4.4037336283164284e-05), 'examination': np.float64(4.158647568824509e-05), 'examines': np.float64(3.446184061805399e-05)}"
52,"{'established': np.float64(0.6706902573179382), 'issued': np.float64(0.40844318311416855), 'exposed': np.float64(0.3670923383450603), 'introduced': np.float64(0.23680117932043465), 'recognised': np.float64(0.22543026436274152), 'discussed': np.float64(0.1683815878939903), 'announced': np.float64(0.15261382326746967), 'pledged': np.float64(0.14074657499517482), 'projected': np.float64(0.1234417864291341), 'disclosed': np.float64(0.11414682729152842), 'communicated': np.float64(0.08903101409660558), 'expressed': np.float64(0.0705374963318481), 'notice': np.float64(0.06720219551224334), 'closed': np.float64(0.060754809807934594), 'disclose': np.float64(0.06031755400623273), 'proposed': np.float64(0.05713740121172382), 'released': np.float64(0.05186484550138666), 'launched': np.float64(0.045712647236981166), 'introduce': np.float64(0.039378302225690484), 'highlighted': np.float64(0.034352111021278955), 'coming': np.float64(0.03398640937575039), 'decided': np.float64(0.033338334513649405), 'concluded': np.float64(0.030946953608335666), 'showed': np.float64(0.024559475203345962), 'booked': np.float64(0.021365524053092593), 'publicly': np.float64(0.020256542188350383), 'declared': np.float64(0.017509214695642483), 'forecasted': np.float64(0.017307798133045716), 'displayed': np.float64(0.012294900753218088), 'decreed': np.float64(0.01201962805857159), 'revealed': np.float64(0.01201962805857159), 'declaration': np.float64(0.01195520112777715), 'finalised': np.float64(0.00987949733572616), 'elected': np.float64(0.009817667369060968), 'pronounced': np.float64(0.008519976121295814), 'declaring': np.float64(0.006763306420607838), 'postponed': np.float64(0.006745897435536863), 'detected': np.float64(0.00645448678814515), 'discovered': np.float64(0.006193295262289679), 'demonstrated': np.float64(0.006177557753301595), 'canceled': np.float64(0.005444101477811751), 'openly': np.float64(0.004824698952548446), 'announcement': np.float64(0.0038576988737302367), 'bulletin': np.float64(0.0036246219186510833), 'claimed': np.float64(0.00325920351822155), 'undisclosed': np.float64(0.0021305689373878767)}"
53,"{'day': np.float64(0.650377918990175), 'month': np.float64(0.47846721690289973), 'regular': np.float64(0.32008083695099954), 'january': np.float64(0.20643252263204115), 'daily': np.float64(0.20632818698682248), 'regularly': np.float64(0.19544318154296692), 'mandatory': np.float64(0.1617465798761372), 'quarterly': np.float64(0.152837870269125), 'frequency': np.float64(0.12227810473607487), 'monthly': np.float64(0.11676204888734884), 'annually': np.float64(0.11297673746620844), 'unaudited': np.float64(0.07567202494261863), 'internally': np.float64(0.0736929674088341), 'revaluation': np.float64(0.06504970631301886), 'periodic': np.float64(0.0579540097449575), 'maintenance': np.float64(0.04252233278916017), 'weekly': np.float64(0.04112686228060163), 'often': np.float64(0.04108828417480942), 'externally': np.float64(0.0356650794623397), 'week': np.float64(0.03500281497422192), 'frequently': np.float64(0.03285659237228717), 'periodically': np.float64(0.030150675960826517), 'yearly': np.float64(0.024897607369548696), 'continually': np.float64(0.0235164958242922), 'seasonally': np.float64(0.01848377275886495), 'formally': np.float64(0.017693123729376158), 'recurring': np.float64(0.015140152314176612), 'renewed': np.float64(0.014967227087704713), 'routinely': np.float64(0.010548156017891143), 'cyclical': np.float64(0.0104322337160991), 'repeat': np.float64(0.009420683114261787), 'permanently': np.float64(0.007034423633164813), 'recalculated': np.float64(0.0064477521912968015), 'reassessed': np.float64(0.0062965349332333815), 'calendar': np.float64(0.005847153067120304), 'recertification': np.float64(0.0053269562158701515), 'continual': np.float64(0.005236170087506013), 'perpetual': np.float64(0.005187873121484753), 'biennial': np.float64(0.004727420525402854), 'yearend': np.float64(0.004082458423597502), 'annum': np.float64(0.003979050077994689), 'multiyear': np.float64(0.0034240441878262435), 'biannual': np.float64(0.0030953624535058418), 'seasonality': np.float64(0.0029302045760779168), 'regionally': np.float64(0.0020891959093536903), 'subscription': np.float64(0.0020891959093536903), 'recurrent': np.float64(0.002041683032379445), 'reappointment': np.float64(0.0018974553615080582), 'reassesses': np.float64(0.0018974553615080582), 'incrementally': np.float64(0.0017241876201956638), 'mandatorily': np.float64(0.0015998089625685575), 'fortnightly': np.float64(0.0015018528702127221), 'publishes': np.float64(0.0010859893735399007)}"
54,"{'unsecured': np.float64(0.9230605246957492), 'public': np.float64(0.30801676831321295), 'directly': np.float64(0.17789241429613736), 'privacy': np.float64(0.1110246339248914), 'privately': np.float64(0.05972540617716376), 'confidential': np.float64(0.048300170273053576), 'indirectly': np.float64(0.03993504375919179), 'insider': np.float64(0.023098909365005724), 'remotely': np.float64(0.013411879660154134), 'unlisted': np.float64(0.012670528251918193), 'encryption': np.float64(0.012120811797140505), 'covert': np.float64(0.010989804414995004), 'electronically': np.float64(0.010989804414995004), 'unobservable': np.float64(0.009196514765706144), 'freely': np.float64(0.008745384737080222), 'pseudo': np.float64(0.007284064271364751), 'identifiable': np.float64(0.007189308071250118), 'explicitly': np.float64(0.0057322539289657954), 'simultaneously': np.float64(0.005691787278524505), 'whistleblower': np.float64(0.0035900101369289714), 'safely': np.float64(0.0021753043822989875), 'uncalled': np.float64(0.0015219368295562132), 'anymore': np.float64(0.001083500306044969), 'deceitfully': np.float64(0.0010000131574158155), 'anonymously': np.float64(0.0009843255066686895), 'knowingly': np.float64(0.0006950372012383435), 'unwritten': np.float64(0.0006950372012383435), 'unrecognised': np.float64(0.0006093884536851044)}"
55,"{'non': np.float64(0.961723813595752), 'support': np.float64(0.2439417128718209), 'pre': np.float64(0.07331452010965783), 'ead': np.float64(0.06554181701247483), 'prevent': np.float64(0.05398842033448329), 'war': np.float64(0.035259960562473235), 'anti': np.float64(0.03272613330549277), 'prevention': np.float64(0.01597477578594276), 'pra': np.float64(0.014772569792193855), 'backward': np.float64(0.007414289983413809), 'preventing': np.float64(0.0068575014057954), 'preventative': np.float64(0.006367247147725616), 'block': np.float64(0.00433898131524381), 'opposed': np.float64(0.003724581324061), 'stop': np.float64(0.003200568733193352), 'lock': np.float64(0.002962041473366033), 'red': np.float64(0.0025790965147924486), 'con': np.float64(0.0015097841168062627), 'preventive': np.float64(0.0009880250520094883), 'ning': np.float64(0.0009400626258624804), 'antitrust': np.float64(0.0009295585217077001), 'gamma': np.float64(0.0007280450086652605), 'sus': np.float64(0.0003466521499963808), 'john': np.float64(3.421894728148552e-05)}"
56,"{'future': np.float64(0.6464027839671326), 'expectation': np.float64(0.4136246834825806), 'forecast': np.float64(0.3888523621481332), 'estimate': np.float64(0.3517978461777079), 'prospect': np.float64(0.2254531420649969), 'outlook': np.float64(0.2192519252444739), 'estimated': np.float64(0.13688612400379646), 'expect': np.float64(0.06684209262472386), 'proactively': np.float64(0.056480542648883136), 'predicted': np.float64(0.05350159651890091), 'prepare': np.float64(0.04715022587294266), 'arrive': np.float64(0.030289715325219062), 'prospective': np.float64(0.02880573065086354), 'forecasting': np.float64(0.026337895693366323), 'envisaged': np.float64(0.024719962481906485), 'recognize': np.float64(0.02358731403284157), 'imminent': np.float64(0.01959330973823835), 'expectancy': np.float64(0.018529084307126065), 'awaiting': np.float64(0.0160587381658752), 'estimating': np.float64(0.014752894008224094), 'anticipate': np.float64(0.013851767809028205), 'prediction': np.float64(0.013432121461955932), 'anticipation': np.float64(0.009826495301851746), 'suspected': np.float64(0.009646038739928756), 'presumption': np.float64(0.008528584796494126), 'react': np.float64(0.00814263509869371), 'suspense': np.float64(0.007702948243254636), 'approaching': np.float64(0.007479311997046463), 'suspect': np.float64(0.0056172008034570155), 'underestimated': np.float64(0.0052169446847883825), 'import': np.float64(0.003724871956909935), 'precipitating': np.float64(0.003627837875419144), 'underpredict': np.float64(0.003612834275948443), 'estim': np.float64(0.0012757551479711498), 'assump': np.float64(0.0007377875745291743)}"
57,"{'arising': np.float64(0.7024432539926805), 'observed': np.float64(0.39007918543966225), 'present': np.float64(0.3429411198321519), 'arise': np.float64(0.2864263466273003), 'inherent': np.float64(0.2171142052532062), 'intended': np.float64(0.19602087394426365), 'clear': np.float64(0.1659769901912908), 'implied': np.float64(0.09328355593830066), 'perceived': np.float64(0.08908672489425552), 'clearly': np.float64(0.08684138133390873), 'seen': np.float64(0.06554973872084745), 'plain': np.float64(0.057510505763661186), 'explained': np.float64(0.05491926773110182), 'manifest': np.float64(0.045397345180841674), 'emerge': np.float64(0.03279413978859133), 'unclear': np.float64(0.02902333240643252), 'evidenced': np.float64(0.026729269201940773), 'materialize': np.float64(0.025584806347250345), 'visible': np.float64(0.021687608341211532), 'posed': np.float64(0.01569025493353394), 'appears': np.float64(0.012477995315498399), 'typical': np.float64(0.011567585173519378), 'applicability': np.float64(0.01104964971265661), 'prevalent': np.float64(0.009410824829498642), 'visually': np.float64(0.008931384748600321), 'apparent': np.float64(0.007004910379551651), 'recognizable': np.float64(0.006354794892168842), 'implying': np.float64(0.005544393159394192), 'inferred': np.float64(0.005196293675926778), 'evident': np.float64(0.0045180811503090544), 'materialized': np.float64(0.00423652992811256), 'seeing': np.float64(0.0032609222981426437), 'realize': np.float64(0.0030454490891553177), 'ply': np.float64(0.0012827777796946668), 'resembling': np.float64(0.0007252834510769632)}"
58,"{'appetite': np.float64(0.998557989092853), 'referred': np.float64(0.04696442150663092), 'challenged': np.float64(0.018413835291823093), 'sent': np.float64(0.008476239306516434), 'concerned': np.float64(0.007777560094529148), 'viewed': np.float64(0.0068476579258301955), 'revalued': np.float64(0.006003298633579461), 'reconciled': np.float64(0.005250668857392481), 'redeemed': np.float64(0.004323226591608971), 'sought': np.float64(0.003891314857139967), 'reasoned': np.float64(0.0037895585246508646), 'prompted': np.float64(0.0028685483323430583), 'appealed': np.float64(0.0027621071929186947), 'reacted': np.float64(0.0023807211208803987), 'judged': np.float64(0.002178546417252656), 'threatened': np.float64(0.001980728922858017), 'attempted': np.float64(0.0019784711207026812), 'responded': np.float64(0.0018468444305113287), 'resumed': np.float64(0.0018110874039481831), 'overruled': np.float64(0.0014611103327416164), 'peaked': np.float64(0.001315499205749387), 'justified': np.float64(0.0010502672599562327), 'ruled': np.float64(0.0006444774488130823), 'instigated': np.float64(4.1878239622785184e-05), 'objected': np.float64(1.5073426520364135e-05), 'lawsuit': np.float64(1.1029856071230914e-05), 'exited': np.float64(9.525993780466658e-06), 'repledged': np.float64(4.411942428492365e-06)}"
59,"{'percentage': np.float64(0.7807000485031184), 'portion': np.float64(0.370090156631348), 'proportion': np.float64(0.3273928186714166), 'calculating': np.float64(0.2347719677937845), 'slightly': np.float64(0.19881587827888914), 'near': np.float64(0.15234847310965552), 'imprecision': np.float64(0.08606073747204354), 'equivalence': np.float64(0.055294436685660954), 'approximation': np.float64(0.05144729841628824), 'quasi': np.float64(0.04513234933288967), 'rounding': np.float64(0.044664518389442555), 'semi': np.float64(0.042936436276879444), 'simplifying': np.float64(0.03964479699898705), 'simulating': np.float64(0.038717846054022294), 'closer': np.float64(0.0321092413627335), 'minimal': np.float64(0.027048599329030414), 'computationally': np.float64(0.024431527395378995), 'similarity': np.float64(0.024431527395378995), 'understate': np.float64(0.024431527395378995), 'marginally': np.float64(0.02431922619920629), 'nearly': np.float64(0.02388751836637643), 'minimised': np.float64(0.023134721947207768), 'fin': np.float64(0.019731240704083712), 'suggestion': np.float64(0.0167076360225116), 'underestimation': np.float64(0.013325135890435), 'proportionate': np.float64(0.01186087730208085), 'smoothing': np.float64(0.010340963306518814), 'computation': np.float64(0.007106526749846697), 'extrapolation': np.float64(0.005077050675624735), 'proportioning': np.float64(0.0046415781483585905)}"
60,"{'december': np.float64(0.935733138816004), 'dec': np.float64(0.31535060449879365), 'per': np.float64(0.10202270301881049), 'initial': np.float64(0.06085273436763342), 'june': np.float64(0.051501994758270817), 'september': np.float64(0.048424521561803255), 'beginning': np.float64(0.045725355660271416), 'april': np.float64(0.027853582533685747), 'march': np.float64(0.025171771553785548), 'february': np.float64(0.02433811339188386), 'coupon': np.float64(0.02248646320880512), 'fourth': np.float64(0.01896609470044481), 'october': np.float64(0.016551171058320265), 'july': np.float64(0.015976273960456172), 'november': np.float64(0.01491105179906778), 'august': np.float64(0.009232433470293545), 'embargo': np.float64(0.0036039621157611685), 'jan': np.float64(0.003122695058068869), 'par': np.float64(0.003105165458775695), 'spr': np.float64(0.0026333082108739073), 'friday': np.float64(0.002398350707506481), 'upfront': np.float64(0.0019240113801171728), 'ipre': np.float64(0.0016698636392990958), 'begin': np.float64(0.0010436911725108004), 'feb': np.float64(0.0005881909266047545), 'jul': np.float64(0.00039193712202846077), 'nov': np.float64(0.00039193712202846077), 'surprise': np.float64(0.0003440563786198678), 'varavg': np.float64(0.0003440563786198678), 'lent': np.float64(0.0002867414972488339), 'cur': np.float64(0.00023829802161140357), 'prv': np.float64(0.00017198397459834052), 'pric': np.float64(1.3199121255948001e-05)}"
61,"{'price': np.float64(0.5580731618492425), 'currency': np.float64(0.5269176605932961), 'range': np.float64(0.34643922935819493), 'payment': np.float64(0.33304372231366974), 'hedging': np.float64(0.2068872232303824), 'order': np.float64(0.19894840333508793), 'earnings': np.float64(0.16505117978274794), 'pricing': np.float64(0.11424789425375065), 'libor': np.float64(0.1074068194795243), 'bps': np.float64(0.10261677917850939), 'remuneration': np.float64(0.08790823375824565), 'commission': np.float64(0.08196061816840361), 'fee': np.float64(0.07681017678602901), 'pay': np.float64(0.06926546624135836), 'paid': np.float64(0.06700313691792743), 'reimbursement': np.float64(0.03529413183323311), 'bribery': np.float64(0.03370713995796545), 'interbank': np.float64(0.03163308970427338), 'repricing': np.float64(0.027575284859355478), 'wibor': np.float64(0.02126756155679267), 'salary': np.float64(0.01724252332614444), 'debit': np.float64(0.01233115081833438), 'bid': np.float64(0.010120751280857114), 'disintermediation': np.float64(0.008455676563906776), 'euribor': np.float64(0.008194465677077711), 'rulebook': np.float64(0.007889239471507221), 'priced': np.float64(0.00786609441480113), 'tariff': np.float64(0.005841592910698543), 'auction': np.float64(0.004803316501542273), 'rent': np.float64(0.004316544772950354), 'libors': np.float64(0.004208256257172048), 'payout': np.float64(0.003697512098185245), 'arbitration': np.float64(0.003362188953053832), 'intermediation': np.float64(0.0032417471148058533), 'negotiation': np.float64(0.0032355510933610864), 'parity': np.float64(0.003120400425522389), 'earn': np.float64(0.002884891294845693), 'negotiated': np.float64(0.0023485262220490073), 'rts': np.float64(0.0022851873574243975), 'ratiosb': np.float64(0.0021310615793883746), 'reimbursementsb': np.float64(0.0021310615793883746), 'reimbursementsa': np.float64(0.002109083752972111), 'bandwidth': np.float64(0.0016483426512327538), 'brokered': np.float64(0.0016006098306880854), 'rency': np.float64(0.0006789224080068158), 'payouts': np.float64(0.0005171220943661929), 'atilities': np.float64(0.00036774945599746153), 'arbitrates': np.float64(0.00034849272033784037)}"
62,"{'standard': np.float64(0.9593593979645175), 'dedicated': np.float64(0.20606206932033316), 'hedged': np.float64(0.1402644240300254), 'rated': np.float64(0.10694782267756868), 'denominated': np.float64(0.046504912806862114), 'predefined': np.float64(0.028934588130877945), 'derecognised': np.float64(0.028916513427950395), 'standardisation': np.float64(0.021027553830584345), 'branded': np.float64(0.019689051213569137), 'characterised': np.float64(0.013878994169795463), 'decarbonise': np.float64(0.01331464660332531), 'categorised': np.float64(0.012868533311794989), 'securitised': np.float64(0.012383775786924792), 'harmonised': np.float64(0.011584956672635564), 'uncollateralised': np.float64(0.011288616526883169), 'downgraded': np.float64(0.010656430220061573), 'standardising': np.float64(0.008945983274455756), 'normalised': np.float64(0.007832145394058456), 'centred': np.float64(0.005791190293934402), 'hindered': np.float64(0.005791190293934402), 'socialised': np.float64(0.005791190293934402), 'exposured': np.float64(0.005207961421537687), 'rehedged': np.float64(0.0037934181013356905), 'boarded': np.float64(0.0034719742810251247), 'sanitised': np.float64(0.0031535049381379706), 'stabilized': np.float64(0.0027450404611538627), 'stabilised': np.float64(0.002490862135887573), 'hardening': np.float64(0.0020646874687528373), 'materialised': np.float64(0.001413730213413281), 'ardised': np.float64(0.0006332371561138611), 'levelled': np.float64(0.0003018814884999439), 'channelled': np.float64(0.0002058065433449507), 'sharpened': np.float64(0.00011735241257878357), 'condensed': np.float64(9.818381835344143e-05)}"
63,"{'net': np.float64(0.7711855799461548), 'var': np.float64(0.35067747317973086), 'hedge': np.float64(0.2899681948599617), 'estate': np.float64(0.28490326776182245), 'home': np.float64(0.23574396466531108), 'property': np.float64(0.23020560329493758), 'house': np.float64(0.06865404011942966), 'svar': np.float64(0.05410226453094082), 'hvar': np.float64(0.018408690370601964), 'forest': np.float64(0.015446085216159278), 'landlord': np.float64(0.0067874520546028026), 'establishment': np.float64(0.005370457835477082), 'hotel': np.float64(0.004839482765543483), 'farm': np.float64(0.004815309530221652), 'reit': np.float64(0.004763033471238099), 'land': np.float64(0.0044957569766490854), 'restaurant': np.float64(0.004170841050663387), 'greenhouse': np.float64(0.0038926830688280263), 'nok': np.float64(0.003684563477805212), 'livestock': np.float64(0.003169675836735016), 'street': np.float64(0.0028079089021016412), 'residence': np.float64(0.0021851373622761763), 'farming': np.float64(0.002183394384961761), 'secretariat': np.float64(0.0020041957824946588), 'offse': np.float64(0.001982510241623055), 'danskebank': np.float64(0.0018596644012675398), 'ukpeg': np.float64(0.0017624717489030362), 'ngo': np.float64(0.0013711113526789142), 'wolfsberg': np.float64(0.0011478575744289711), 'jarna': np.float64(0.0011061611389393614), 'oegem': np.float64(0.0009122735340703352), 'koti': np.float64(0.0007374407592929074), 'svaravg': np.float64(0.0006467751847149733), 'field': np.float64(0.0003863292833451177), 'norwegian': np.float64(0.00024636177368260757), 'nent': np.float64(4.363796197413493e-05), 'nettelbladt': np.float64(5.28385394081129e-08), 'ottersgård': np.float64(5.28385394081129e-08), 'holsether': np.float64(3.5225692938741934e-08), 'torgeby': np.float64(3.5225692938741934e-08), 'berner': np.float64(3.522569293866723e-08), 'arnegård': np.float64(3.522569281522289e-08)}"
64,"{'meet': np.float64(0.9949775523869032), 'redress': np.float64(0.058844677388555866), 'organised': np.float64(0.0569195609906575), 'distribute': np.float64(0.03929577495949827), 'stabilise': np.float64(0.01610007653367231), 'divert': np.float64(0.01571437352605877), 'remedy': np.float64(0.01571437352605877), 'stabilize': np.float64(0.014654582208886009), 'treat': np.float64(0.014031977151546412), 'lend': np.float64(0.012465780497039398), 'unwind': np.float64(0.009643271977995277), 'tied': np.float64(0.009147709397525771), 'rouble': np.float64(0.007378553924825245), 'ready': np.float64(0.007201243879611923), 'complicate': np.float64(0.005995446338048894), 'renovation': np.float64(0.005468548378062272), 'overhaul': np.float64(0.005383539276014365), 'loosen': np.float64(0.004533593193915175), 'tackle': np.float64(0.0042996363520465646), 'rectified': np.float64(0.0036262782367474126), 'organize': np.float64(0.0027633990152661756), 'arranger': np.float64(0.0026964989383344556), 'streamline': np.float64(0.0019840382311792967), 'simplify': np.float64(0.0015785781219503712), 'fonder': np.float64(0.0012256744122235682)}"
65,"{'material': np.float64(0.5348759195936651), 'term': np.float64(0.5283363422410131), 'refer': np.float64(0.30539205136349595), 'unit': np.float64(0.29636385988671515), 'detail': np.float64(0.2863992143532955), 'party': np.float64(0.25247955532696986), 'content': np.float64(0.14892813790005785), 'structure': np.float64(0.14116826971740618), 'write': np.float64(0.1321966769700558), 'item': np.float64(0.13207555360718182), 'element': np.float64(0.09171440856746849), 'body': np.float64(0.0906443636476871), 'article': np.float64(0.08896297432246347), 'paper': np.float64(0.05080869112495863), 'document': np.float64(0.03571063100144585), 'series': np.float64(0.02446139839522704), 'discussion': np.float64(0.02437152736331886), 'put': np.float64(0.023935723214772366), 'package': np.float64(0.016007449174734557), 'publication': np.float64(0.014201663838479532), 'emphasis': np.float64(0.013389299736338114), 'paragraph': np.float64(0.006258248033396795), 'contained': np.float64(0.004853234920666865), 'stance': np.float64(0.0024136717733195616), 'news': np.float64(0.0016065123366814306), 'tank': np.float64(0.0012243874779509453), 'ent': np.float64(8.2553966225017e-05)}"
66,"{'dialogue': np.float64(0.5928356060837147), 'representing': np.float64(0.44917675272772856), 'introducing': np.float64(0.33964416374119416), 'communicate': np.float64(0.24276795299499468), 'speak': np.float64(0.21163369407872198), 'describing': np.float64(0.20453795380014256), 'clarity': np.float64(0.15359792663013178), 'communicating': np.float64(0.15108855277112593), 'presenting': np.float64(0.14028188075463008), 'articulating': np.float64(0.13836483202375047), 'specify': np.float64(0.12758052410198922), 'sounding': np.float64(0.12059303180646523), 'issuing': np.float64(0.11877526702407938), 'specifying': np.float64(0.11676297122514391), 'projecting': np.float64(0.09727112367911621), 'peaking': np.float64(0.09629687133758943), 'signing': np.float64(0.08022796736723424), 'outlining': np.float64(0.07151300962537532), 'differentiating': np.float64(0.07135261369061385), 'explaining': np.float64(0.06918241601187528), 'voice': np.float64(0.027141677561959995), 'forming': np.float64(0.023604608215055473), 'say': np.float64(0.017010149814724398), 'stating': np.float64(0.016767364286239646), 'shaping': np.float64(0.0037074884490195937), 'signaling': np.float64(0.003297243365216464), 'uting': np.float64(0.003297243365216464)}"
67,"{'test': np.float64(0.9634086689990852), 'assesses': np.float64(0.13388168003476242), 'judgement': np.float64(0.12137669326536296), 'performs': np.float64(0.11192246349641176), 'measuring': np.float64(0.11008338807170791), 'score': np.float64(0.09117726722133991), 'determines': np.float64(0.06668940752311292), 'screening': np.float64(0.028409059718762553), 'develops': np.float64(0.017540899589453995), 'classifies': np.float64(0.014523852089899734), 'scored': np.float64(0.012594676974170835), 'inspection': np.float64(0.01214140517773307), 'undertakes': np.float64(0.007746178848536839), 'qualitatively': np.float64(0.0068653127365464585), 'responds': np.float64(0.004258890161631187), 'demonstrates': np.float64(0.003606096802605922), 'weighs': np.float64(0.0024141832587325804), 'prioritises': np.float64(0.002349467271762879), 'judge': np.float64(5.830861164648547e-05)}"
68,"{'information': np.float64(0.7448571579779206), 'control': np.float64(0.6310849201313782), 'focus': np.float64(0.13278221576772262), 'demand': np.float64(0.12599626645279663), 'respect': np.float64(0.07002300014601492), 'important': np.float64(0.06936785108448755), 'context': np.float64(0.031461681075472855), 'focused': np.float64(0.028413527891237703), 'staff': np.float64(0.025931186059957135), 'attention': np.float64(0.025393813284630726), 'feedback': np.float64(0.01246434985388904), 'observation': np.float64(0.012263241372618618), 'watch': np.float64(0.009305083425414916), 'highlight': np.float64(0.008842258234262521), 'concerning': np.float64(0.00868054591528786), 'audience': np.float64(0.00335032323568054), 'owing': np.float64(0.0023503409347741806), 'marker': np.float64(0.0019472041626361085), 'bias': np.float64(0.0019439178110389568), 'selective': np.float64(0.0018497195009102379), 'prompt': np.float64(0.0018340707020926634), 'watchful': np.float64(0.0018003347554357662), 'eye': np.float64(0.0015955753532807561), 'regarded': np.float64(0.001051658357484333), 'urgent': np.float64(0.00015196892703436886), 'ence': np.float64(0.00012117385377411007)}"
69,"{'liquidity': np.float64(0.9759275141703586), 'sensitivity': np.float64(0.2023960173944447), 'profitability': np.float64(0.04312867477668389), 'characteristic': np.float64(0.037076492625443026), 'likelihood': np.float64(0.03137046043615242), 'stability': np.float64(0.02623538519395203), 'efficiency': np.float64(0.026052029497881934), 'offering': np.float64(0.01862451281894194), 'look': np.float64(0.013850281816817928), 'represented': np.float64(0.012927417294672583), 'viability': np.float64(0.011154771505725476), 'relevance': np.float64(0.0061574923328800305), 'talent': np.float64(0.005348519712129319), 'suitability': np.float64(0.005212765105879356), 'diversity': np.float64(0.004960944646916177), 'convexity': np.float64(0.004813577140010282), 'publicity': np.float64(0.002872962106626437), 'excellence': np.float64(0.0028572325569910747), 'competitiveness': np.float64(0.002546731898920633), 'robustness': np.float64(0.002376344029229514), 'wellbeing': np.float64(0.0021299316691023758), 'marketability': np.float64(0.0019389803570231611), 'attractiveness': np.float64(0.0016842268976237), 'desirability': np.float64(0.0010288009997333552), 'interconnectivity': np.float64(0.0009719798718425793), 'weighing': np.float64(0.0009533456317434661), 'sexual': np.float64(0.0009078795144527359), 'desire': np.float64(0.0005792594756682241)}"
70,"{'requirement': np.float64(0.8064524726458688), 'funding': np.float64(0.5627367749624776), 'decision': np.float64(0.17811345916972401), 'supervision': np.float64(0.02917548340003957), 'provisioning': np.float64(0.016618099448658535), 'license': np.float64(0.0057096232701270445), 'utilisation': np.float64(0.00423272851112516), 'honour': np.float64(0.004122009742805571), 'authorisation': np.float64(0.003041866278449635), 'recognising': np.float64(0.002704123740176968), 'licensing': np.float64(0.00252443101934772), 'preapproval': np.float64(0.0020764195145031947), 'nationalisation': np.float64(0.0016422954784884101), 'capitalisation': np.float64(0.0015704366914750495), 'patent': np.float64(0.0014749274609392557), 'delegation': np.float64(0.0014545431546203968), 'signature': np.float64(0.0013397721515457177), 'licence': np.float64(0.00121713222447448), 'warrant': np.float64(0.0011919416570888382), 'parameterisation': np.float64(0.0008619472452992958), 'centralisation': np.float64(0.00043309466590253285), 'fidleg': np.float64(0.00034445539800458667)}"
71,"{'balance': np.float64(0.590069702486015), 'level': np.float64(0.4191283569430291), 'fair': np.float64(0.4058384085421144), 'ratio': np.float64(0.38730588225155643), 'gross': np.float64(0.22868509684373886), 'higher': np.float64(0.170531026658999), 'average': np.float64(0.16082429444833932), 'minimum': np.float64(0.1417171110128237), 'low': np.float64(0.09648425046152619), 'generally': np.float64(0.06900963091514556), 'common': np.float64(0.06701718386803424), 'general': np.float64(0.0631224310267428), 'least': np.float64(0.06045136225997583), 'typically': np.float64(0.04401369919696831), 'medium': np.float64(0.04330299075813825), 'moderate': np.float64(0.03575353531676325), 'moderately': np.float64(0.03061572954719868), 'good': np.float64(0.02671689119997506), 'every': np.float64(0.018951843512907494), 'half': np.float64(0.012806081527799591), 'usually': np.float64(0.012243540806638163), 'percent': np.float64(0.011939659771721862), 'mostly': np.float64(0.011800861811410887), 'lowest': np.float64(0.008101228592489683), 'balanced': np.float64(0.007329081821495215), 'peak': np.float64(0.006659053587231465), 'cent': np.float64(0.004302836292299295), 'fairly': np.float64(0.004191199836336069), 'median': np.float64(0.0027643631309695474), 'minor': np.float64(0.0026002964640101807), 'mode': np.float64(0.00029473481753737135), 'est': np.float64(0.00015796970075865802)}"
72,"{'includes': np.float64(0.7395692748624857), 'end': np.float64(0.49487300382935473), 'margin': np.float64(0.2615000692466305), 'underlying': np.float64(0.17845966856723067), 'core': np.float64(0.15487362645597338), 'head': np.float64(0.13963814955207965), 'top': np.float64(0.13460185487454915), 'baseline': np.float64(0.10954472648551848), 'basel': np.float64(0.08268297697414981), 'branch': np.float64(0.06902617587504639), 'outline': np.float64(0.059375573096529424), 'bucket': np.float64(0.05431018753600665), 'bottom': np.float64(0.04710439003983703), 'origination': np.float64(0.046758255202462386), 'theme': np.float64(0.04479949173025621), 'continuity': np.float64(0.04156792199682842), 'band': np.float64(0.03796773989258151), 'outlined': np.float64(0.03502938948600165), 'bod': np.float64(0.02981426382259839), 'facing': np.float64(0.029577721420833036), 'front': np.float64(0.02869723774977538), 'foundation': np.float64(0.026765708318719293), 'backstop': np.float64(0.024126571964047907), 'start': np.float64(0.020415905710611585), 'root': np.float64(0.019897655658356814), 'underpinned': np.float64(0.018891694099643277), 'upper': np.float64(0.0083137430939194), 'bracket': np.float64(0.00791481590170496), 'template': np.float64(0.007847450989566275), 'roadmap': np.float64(0.005820723328969887), 'hierarchy': np.float64(0.005393419171071006), 'frame': np.float64(0.004547611283093864), 'underpinning': np.float64(0.0035892784331537438), 'cornerstone': np.float64(0.003483808309889986), 'backdrop': np.float64(0.0034763554690465095), 'foundational': np.float64(0.003390174832502979), 'behind': np.float64(0.003170668879801456), 'underpins': np.float64(0.002668725006398184), 'lineage': np.float64(0.00238431619665354), 'fundamentally': np.float64(0.0021096062846662446), 'originator': np.float64(0.0018898190967788248), 'lookback': np.float64(0.0015614591077156733), 'bearing': np.float64(0.0014107235937524823), 'backtest': np.float64(0.0012805685478367325), 'bra': np.float64(0.0009030616220144405), 'backlog': np.float64(0.0008931401117560106), 'fronting': np.float64(0.0007767734544406266), 'underlyings': np.float64(0.0007186813391308222), 'backbone': np.float64(0.0002164964831811332)}"
73,"{'backtesting': np.float64(0.7805946850342882), 'defaulted': np.float64(0.49648496188185764), 'last': np.float64(0.23900559225249832), 'drawdowns': np.float64(0.21246366577467865), 'restated': np.float64(0.11833789326460413), 'leveraged': np.float64(0.09240788338901061), 'historically': np.float64(0.08855517879422463), 'buyback': np.float64(0.0641635139573486), 'documented': np.float64(0.0446443191026092), 'regression': np.float64(0.0380502087863989), 'defaulting': np.float64(0.03349224228010299), 'grandfathering': np.float64(0.029690890500539083), 'restore': np.float64(0.026702810490783786), 'benchmarked': np.float64(0.015376276472494912), 'tracking': np.float64(0.013555347415643439), 'restateda': np.float64(0.012902732654561325), 'substantiated': np.float64(0.010687552457384933), 'tracked': np.float64(0.010308513509327507), 'drawdown': np.float64(0.010185351246647888), 'grandfathered': np.float64(0.009816479522193966), 'restored': np.float64(0.009798588262041209), 'riskdata': np.float64(0.006686521282015462), 'reversion': np.float64(0.0050285119673320906), 'reverting': np.float64(0.003950787801356897), 'reverted': np.float64(0.003749575919283258), 'backtested': np.float64(0.003670382273042165), 'trusted': np.float64(0.00347294031584663), 'recoverable': np.float64(0.0029813690244864387), 'reversed': np.float64(0.0026217970843289387), 'rebased': np.float64(0.002276243004812498), 'rebalanced': np.float64(0.0011789124265363478), 'corroborated': np.float64(0.00020181481072380545)}"
74,"{'financial': np.float64(0.9751520815038716), 'banking': np.float64(0.18052189006463581), 'fund': np.float64(0.08065307376531612), 'ifrs': np.float64(0.07271250193745962), 'bond': np.float64(0.04757886444546461), 'financing': np.float64(0.03907800881496733), 'ecb': np.float64(0.0222049964469641), 'nsfr': np.float64(0.011024302958122055), 'ermf': np.float64(0.010826844367169092), 'nfrm': np.float64(0.006142160143338808), 'finma': np.float64(0.005063878025192313), 'fitch': np.float64(0.005002703261438278), 'bafin': np.float64(0.004589856260001107), 'cftc': np.float64(0.0038262109696607636), 'finland': np.float64(0.0028306285811805685), 'finnish': np.float64(0.0023705396019493693), 'fhfa': np.float64(0.002305698974779195), 'oecd': np.float64(0.0022687038347138596), 'bcbs': np.float64(0.0022066499917661768), 'rrmf': np.float64(0.0016634317287339394), 'postbank': np.float64(0.0014748904787259052), 'iasb': np.float64(0.0012562817511227846), 'fatca': np.float64(0.001236953816854168), 'fdic': np.float64(0.0012101407044494041), 'lender': np.float64(0.0011134178020056713), 'fva': np.float64(0.001113067218787344), 'fsb': np.float64(0.0010749418118856443), 'bloomberg': np.float64(0.0010623540396830547), 'cbes': np.float64(0.0009249060164669971), 'fintechs': np.float64(0.0008881995054251474), 'nfrd': np.float64(0.0008491411141080421), 'pfandbriefe': np.float64(0.0006905415024838242), 'financials': np.float64(0.0006802633779224262), 'lendingb': np.float64(0.0006790447861275483), 'fscs': np.float64(0.0006631561970030932), 'frb': np.float64(0.0006365196607692313), 'cfh': np.float64(0.0005602463671904001), 'kifid': np.float64(0.0005602463671904001), 'boe': np.float64(0.0005387996048155076), 'fintell': np.float64(0.0005190941094095896), 'sfdr': np.float64(0.0005190941094095896), 'bbi': np.float64(0.0005142839514290424), 'pcaf': np.float64(0.0005094846684648252), 'frmc': np.float64(0.0004382958874533053), 'sifi': np.float64(0.00042194712792487755), 'fatf': np.float64(0.0003685938208565975), 'bsc': np.float64(0.00034692581323317654), 'fsma': np.float64(0.00034692581323317654), 'buffersa': np.float64(0.0003162303837699166), 'fundinga': np.float64(0.0003162303837699166), 'fundingb': np.float64(0.0003162303837699166), 'nbb': np.float64(0.0003068081138631839), 'imf': np.float64(0.0002845847054587995), 'mbss': np.float64(0.0002845847054587995), 'fwg': np.float64(0.0002381655881469794), 'frtb': np.float64(0.00023679407552810728), 'eurosystem': np.float64(0.00022817169699103088), 'sifis': np.float64(0.0002264468803403524), 'kfw': np.float64(0.0002166181156062836), 'fintech': np.float64(0.00021108947413053675), 'nsfrs': np.float64(0.00015635691159840634), 'cbfa': np.float64(9.038191307970419e-05), 'mfi': np.float64(3.586221458780061e-05), 'fok': np.float64(2.7127646960075678e-05)}"
75,"{'collateral': np.float64(0.6038768663963272), 'lending': np.float64(0.44202451460454045), 'debt': np.float64(0.3715806538230754), 'mortgage': np.float64(0.3362376981066183), 'treasury': np.float64(0.32854565004055575), 'guarantee': np.float64(0.2382403088857888), 'borrower': np.float64(0.13515169035506278), 'breach': np.float64(0.05531531677671452), 'bail': np.float64(0.025940126634998645), 'let': np.float64(0.01928540928478057), 'penalty': np.float64(0.01914187060061731), 'probation': np.float64(0.017643130608871096), 'court': np.float64(0.0129437094899996), 'cement': np.float64(0.012156009641325837), 'bring': np.float64(0.011587011007829025), 'rental': np.float64(0.010941577631272374), 'debtor': np.float64(0.010408631422560048), 'exit': np.float64(0.00943082653923706), 'bounce': np.float64(0.009238871057686669), 'pledge': np.float64(0.007642904211372164), 'break': np.float64(0.006657243724090454), 'repay': np.float64(0.006656703907553465), 'boarding': np.float64(0.004597547550741244), 'borrow': np.float64(0.0036252412033283858), 'stake': np.float64(0.00281271728237085), 'covenant': np.float64(0.0027507319071172166), 'debenture': np.float64(0.0025204043219159136), 'ccb': np.float64(0.0023429580682224386), 'charter': np.float64(0.0017034134170786557), 'rail': np.float64(0.0015808519357971276), 'basket': np.float64(0.0014015035178002774), 'guard': np.float64(0.0007936151022055794), 'leg': np.float64(0.0007936151022055794), 'waiver': np.float64(0.0005885291618434131), 'shelter': np.float64(0.0005864902794156444), 'refund': np.float64(0.0004867278156415159), 'police': np.float64(8.806181529393688e-05)}"
76,"{'german': np.float64(0.5418134813140568), 'regional': np.float64(0.4708670277706108), 'bilateral': np.float64(0.39821089028716644), 'russian': np.float64(0.3621980196577064), 'luxembourg': np.float64(0.20426191254347664), 'euro': np.float64(0.18145049730307228), 'lombard': np.float64(0.18072195282341796), 'eurozone': np.float64(0.17407625858718337), 'dutch': np.float64(0.14573125910462628), 'brrd': np.float64(0.12902340787273395), 'eastern': np.float64(0.061180755345740113), 'benelux': np.float64(0.05752209576570297), 'swedish': np.float64(0.04717389403062792), 'sea': np.float64(0.039847619620651774), 'polish': np.float64(0.03631794561499214), 'danish': np.float64(0.02800405955816902), 'turkish': np.float64(0.027355397687607117), 'ilst': np.float64(0.026587725557510166), 'romania': np.float64(0.024348817766177238), 'belarus': np.float64(0.02312407927350232), 'northern': np.float64(0.02273721587182026), 'belgian': np.float64(0.019814380797981583), 'nordic': np.float64(0.019014147963929525), 'luxemburg': np.float64(0.018677483613501182), 'british': np.float64(0.018230091362555607), 'romanian': np.float64(0.015824083272160835), 'coastal': np.float64(0.015771525767505547), 'ukrainian': np.float64(0.014561239897508299), 'estonia': np.float64(0.01410176439814983), 'korean': np.float64(0.011331034132838844), 'slaski': np.float64(0.011282823638229033), 'bbl': np.float64(0.010208415074130077), 'btl': np.float64(0.009983279678962606), 'baltic': np.float64(0.009775097471782134), 'iran': np.float64(0.008942894130441616), 'cbils': np.float64(0.008309314089435733), 'borne': np.float64(0.0076478811018561525), 'tidal': np.float64(0.006884082909156234), 'midland': np.float64(0.0066469313893775415), 'deutsch': np.float64(0.005618619566786771), 'belux': np.float64(0.005336423889571766), 'belarusian': np.float64(0.0052166810045010704), 'crimea': np.float64(0.0044930491393219895), 'barclaycard': np.float64(0.0038774488496606573), 'latvia': np.float64(0.0038607288972963673), 'river': np.float64(0.0037978673597434506), 'nato': np.float64(0.0034739040645554694), 'humber': np.float64(0.0033234656946887708), 'lithuania': np.float64(0.003265262337613563), 'gulf': np.float64(0.002780810165787706), 'swedbank': np.float64(0.001765411265249602), 'skandinavische': np.float64(0.001190654136769435), 'saxon': np.float64(0.0011495142569603334), 'lithuanian': np.float64(0.0008717575782159904), 'länsi': np.float64(0.000720690390895294), 'kati': np.float64(0.000360345195447647)}"
77,"{'netting': np.float64(0.9817635388061878), 'ratingband': np.float64(0.13144160490576762), 'mismatch': np.float64(0.08834853891136785), 'pattern': np.float64(0.07622860115542193), 'highlighting': np.float64(0.04234006400237666), 'dispersion': np.float64(0.03527914699206026), 'grid': np.float64(0.02521174602157932), 'segregation': np.float64(0.023731966723980227), 'sizing': np.float64(0.01354849887210132), 'ring': np.float64(0.012819547361858748), 'stripe': np.float64(0.012362489229093993), 'shading': np.float64(0.012286244317292689), 'flag': np.float64(0.012274867725377964), 'contracting': np.float64(0.007923413189508496), 'classifying': np.float64(0.006307779581750543), 'overlapping': np.float64(0.005616238316340598), 'scaling': np.float64(0.0045010768564228065), 'imbalance': np.float64(0.003568209666409311), 'ttb': np.float64(0.0029832999977898863), 'strained': np.float64(0.0027582743477403983), 'grazing': np.float64(0.002700769890684849), 'branding': np.float64(0.0021588208817642915), 'winding': np.float64(0.0020388780943323675), 'banding': np.float64(0.0019483790657804539), 'slotting': np.float64(0.0017676840697563995), 'scarring': np.float64(0.0009547832238494593), 'dividing': np.float64(0.0009080033213605281), 'tie': np.float64(0.00040558831891021363), 'bpv': np.float64(0.00035065969626296196), 'breaching': np.float64(0.0001168865654209873), 'circs': np.float64(0.0001168865654209873), 'dotted': np.float64(6.834314195237349e-05), 'dering': np.float64(8.989581411651171e-06)}"
78,"{'threshold': np.float64(0.8528835773954019), 'partially': np.float64(0.27838632167643473), 'less': np.float64(0.21822814618590894), 'partly': np.float64(0.21814054118161255), 'significantly': np.float64(0.21589598643055763), 'still': np.float64(0.18443516202502577), 'yet': np.float64(0.09802931346502222), 'conservatively': np.float64(0.04006482990962253), 'difficult': np.float64(0.035124072735267964), 'strict': np.float64(0.034819336067591834), 'substantially': np.float64(0.033383864997328296), 'gradually': np.float64(0.027478609864198214), 'tight': np.float64(0.02742086886667522), 'recently': np.float64(0.02541650084400028), 'doubt': np.float64(0.019312166833002197), 'nevertheless': np.float64(0.018903459036503097), 'heavily': np.float64(0.018320695599790653), 'modest': np.float64(0.015585900762438277), 'majorly': np.float64(0.014131235083847393), 'barely': np.float64(0.013778427925769197), 'negligible': np.float64(0.011637376424714407), 'eased': np.float64(0.009613955358078208), 'slight': np.float64(0.008187952352606704), 'briefly': np.float64(0.008081634795212737), 'slowly': np.float64(0.007601366159949559), 'severely': np.float64(0.007476054361374462), 'sharply': np.float64(0.006721250116338632), 'considerably': np.float64(0.006357086356713924), 'mild': np.float64(0.004669660247115391), 'brief': np.float64(0.0036778495967863638), 'little': np.float64(0.0028301777886879415), 'temporarily': np.float64(0.0028157537693466405), 'minimis': np.float64(0.00255243567144763), 'doubtful': np.float64(0.0020920366569330585), 'markedly': np.float64(0.0018416943501796971), 'squeeze': np.float64(0.0015335143759987926), 'minute': np.float64(0.00040988847774345283)}"
79,"{'rule': np.float64(0.6055559437826035), 'protection': np.float64(0.5465190905916134), 'regulator': np.float64(0.45694915906908234), 'restriction': np.float64(0.2533998082935218), 'protect': np.float64(0.18727949304495375), 'safeguard': np.float64(0.08719156724312023), 'filter': np.float64(0.06421498874261658), 'protecting': np.float64(0.05955167829374988), 'limiting': np.float64(0.05131016346213536), 'stringent': np.float64(0.047451862127852934), 'encumbrance': np.float64(0.03988157983715887), 'countermeasure': np.float64(0.029981138926088394), 'pathway': np.float64(0.024423002718365727), 'restrictive': np.float64(0.02420395332276322), 'denominator': np.float64(0.02305753424431258), 'gatekeeper': np.float64(0.01935311992941583), 'constrain': np.float64(0.015873504903772383), 'bear': np.float64(0.014211118696933074), 'spike': np.float64(0.014151765614147646), 'impediment': np.float64(0.011540154396137835), 'protectionist': np.float64(0.010207882322355068), 'constrained': np.float64(0.010177622202484951), 'restricting': np.float64(0.009767872954067692), 'guarding': np.float64(0.009753946547965759), 'interpose': np.float64(0.009753946547965759), 'burden': np.float64(0.009463679556464839), 'protected': np.float64(0.008045445005889008), 'prohibition': np.float64(0.007920007289434825), 'fenced': np.float64(0.007536204367175078), 'containment': np.float64(0.0073263119467371915), 'barrier': np.float64(0.005941775385307572), 'curb': np.float64(0.005564386730314307), 'demarcation': np.float64(0.005498309852483633), 'protectionism': np.float64(0.00482008703031813), 'circumvent': np.float64(0.004794684983948975), 'stricter': np.float64(0.004513954766993575), 'firewall': np.float64(0.0031144883864323222), 'forcing': np.float64(0.003005069969374302), 'walled': np.float64(0.0023987092111071094), 'restricts': np.float64(0.00083553026053452)}"
80,"{'hpi': np.float64(0.6023763540855381), 'lgd': np.float64(0.530678644219776), 'lcr': np.float64(0.3053502651133978), 'mbb': np.float64(0.30130664068211127), 'irrbb': np.float64(0.2619005139266839), 'gbp': np.float64(0.18689577955986028), 'grc': np.float64(0.15075030824976798), 'npl': np.float64(0.133447674481381), 'ibb': np.float64(0.07173935072198048), 'ibbb': np.float64(0.07173935072198048), 'lrr': np.float64(0.064043237575679), 'pmas': np.float64(0.05428498598772095), 'ccps': np.float64(0.03538436789196866), 'lgds': np.float64(0.03482294482552323), 'clbils': np.float64(0.031554083299440726), 'bbukplc': np.float64(0.03123136145499463), 'bbplc': np.float64(0.031231361454994597), 'rls': np.float64(0.02280896355447499), 'cclb': np.float64(0.02154073991983488), 'brm': np.float64(0.021103185589672165), 'pma': np.float64(0.02085304989763551), 'bplc': np.float64(0.019381243070319517), 'rbc': np.float64(0.01651826284455748), 'gdpb': np.float64(0.01601530574253088), 'cibrc': np.float64(0.01548142206150648), 'lrrs': np.float64(0.015062249371288782), 'contractsb': np.float64(0.01232664657029617), 'fpc': np.float64(0.01174453746638596), 'rpi': np.float64(0.011534951121277108), 'ukcb': np.float64(0.011382720271571613), 'bbuk': np.float64(0.0112680092807649), 'dnb': np.float64(0.009794313081143449), 'lcs': np.float64(0.009567256604650734), 'pwc': np.float64(0.009221647930586776), 'kpi': np.float64(0.008662551682714077), 'fvpl': np.float64(0.008657539699165877), 'llc': np.float64(0.00825913142227874), 'cln': np.float64(0.007531124685644391), 'lrmp': np.float64(0.007520588799667813), 'rlss': np.float64(0.007377318344469421), 'dbtc': np.float64(0.007348549518314379), 'tprm': np.float64(0.004862187025220379), 'cdp': np.float64(0.004018353321864058), 'playbook': np.float64(0.0037053349463190962), 'cbr': np.float64(0.002098660817228449), 'mlnfr': np.float64(0.0019272829324789452), 'nasdaq': np.float64(0.0006955675413027131), 'ipcs': np.float64(3.114101568191531e-05), 'pln': np.float64(6.920225707092291e-06)}"
81,"{'made': np.float64(0.8629831606178407), 'resulted': np.float64(0.25806245318409926), 'changed': np.float64(0.21417321986493096), 'incorporated': np.float64(0.19271628113139427), 'become': np.float64(0.16311609569649207), 'became': np.float64(0.12921263082628), 'took': np.float64(0.12074609655170972), 'bought': np.float64(0.10865442685678378), 'newly': np.float64(0.08383769351873037), 'replaced': np.float64(0.0790248911034836), 'declined': np.float64(0.07585039882501175), 'becomes': np.float64(0.06516349409437845), 'grew': np.float64(0.061131692866386096), 'began': np.float64(0.04651211266825606), 'formed': np.float64(0.043753440182075665), 'widened': np.float64(0.04164578111010303), 'consisted': np.float64(0.037370089091957825), 'convert': np.float64(0.026119257375609554), 'commenced': np.float64(0.018921641304622174), 'suddenly': np.float64(0.012078521322824646), 'begun': np.float64(0.010969522941752944), 'emerged': np.float64(0.010664982012911923), 'learnt': np.float64(0.010438872584149337), 'seized': np.float64(0.008557352499976158), 'earned': np.float64(0.008376724789762827), 'worsened': np.float64(0.007890951506707015), 'dropped': np.float64(0.003480766044083167)}"
82,"{'pension': np.float64(0.968442044391228), 'commodity': np.float64(0.18651885041648422), 'money': np.float64(0.1309584359838617), 'food': np.float64(0.07707646055751281), 'steel': np.float64(0.03278254056341252), 'steady': np.float64(0.03229680856341389), 'vanilla': np.float64(0.023317867781279318), 'hong': np.float64(0.018740225233455556), 'geb': np.float64(0.017773180209427166), 'dairy': np.float64(0.013452495126420997), 'tobacco': np.float64(0.012588812208881991), 'cattle': np.float64(0.010303818694797278), 'feeding': np.float64(0.00994271284733706), 'stuffing': np.float64(0.00927052629274348), 'lump': np.float64(0.007421329870963634), 'tranche': np.float64(0.006582256562224012), 'mees': np.float64(0.005897475359181273), 'bulk': np.float64(0.00496868415251229), 'pound': np.float64(0.004741544639883412), 'freight': np.float64(0.0043541313202591185), 'stre': np.float64(0.004046123122071612), 'seed': np.float64(0.0038775629493395898), 'turkey': np.float64(0.003532221378044415), 'vat': np.float64(0.0033639603159277055), 'meat': np.float64(0.003148676431623719), 'feeder': np.float64(0.002611835233751764), 'panda': np.float64(0.0016873013427764485), 'beef': np.float64(0.0016711088112700491), 'crop': np.float64(0.0011234849198466929), 'fec': np.float64(0.0010688378968405049), 'big': np.float64(0.0006733981930907161), 'tough': np.float64(0.0006681280849243297), 'vega': np.float64(0.0006040008373500743), 'bull': np.float64(0.0004648370594904307), 'teed': np.float64(0.0001654009630242081), 'exbo': np.float64(0.00016057173807998982), 'vol': np.float64(8.696568817078164e-05)}"
83,"{'service': np.float64(0.9333265799713018), 'forbearance': np.float64(0.3541173465967469), 'partnership': np.float64(0.0345363594530095), 'behalf': np.float64(0.029483894570929925), 'proceeds': np.float64(0.02567474546360224), 'serve': np.float64(0.021717357262814353), 'cooperation': np.float64(0.01560054043573529), 'honor': np.float64(0.005126423847771907), 'subsidy': np.float64(0.003378175412385553), 'donation': np.float64(0.003333729204159774), 'sponsor': np.float64(0.0026575205571226597), 'loaned': np.float64(0.0022739990291468144), 'remainder': np.float64(0.002255491950925395)}"
84,"{'policy': np.float64(0.816651015378249), 'condition': np.float64(0.37689291136952097), 'environment': np.float64(0.2633418226639095), 'practice': np.float64(0.18484882423754492), 'nature': np.float64(0.17266833352038627), 'behaviour': np.float64(0.1334453725994216), 'relationship': np.float64(0.11261434491239584), 'situation': np.float64(0.09195559355187252), 'response': np.float64(0.08293391471568863), 'experience': np.float64(0.05755524595684663), 'behavioural': np.float64(0.05703473247068603), 'dynamic': np.float64(0.05100806744288096), 'behavior': np.float64(0.03241581886531108), 'respond': np.float64(0.029594940413201726), 'belief': np.float64(0.02224895078409575), 'problem': np.float64(0.013503945197986296), 'theory': np.float64(0.00614326592423421), 'phenomenon': np.float64(0.005179798298272536), 'sense': np.float64(0.004842854555184853), 'conversation': np.float64(0.0026125227645594816), 'psychological': np.float64(0.0026125227645594816), 'talk': np.float64(0.0017274915946178119), 'ments': np.float64(0.0009517978110269255)}"
85,"{'particular': np.float64(0.7248017064579277), 'modelled': np.float64(0.46898021420549857), 'design': np.float64(0.36336346032177363), 'style': np.float64(0.20529084623211954), 'specified': np.float64(0.14381280982746672), 'synthetic': np.float64(0.13727794179950847), 'expertise': np.float64(0.10395732232271158), 'bespoke': np.float64(0.09638146503187128), 'special': np.float64(0.07701809807830873), 'sized': np.float64(0.05783432416190804), 'locally': np.float64(0.04913394421471663), 'specialist': np.float64(0.04642434608699144), 'skilled': np.float64(0.04515766591338516), 'sourced': np.float64(0.03620673095737166), 'proprietary': np.float64(0.03175293891515706), 'homebuilding': np.float64(0.029224162647381497), 'tooling': np.float64(0.0267425141702583), 'outsourced': np.float64(0.02044969459297528), 'outsource': np.float64(0.014809630862157388), 'deliberate': np.float64(0.013070150320690758), 'commissioned': np.float64(0.012117477722920853), 'constructed': np.float64(0.01106553282135923), 'designing': np.float64(0.00552562803311236), 'specification': np.float64(0.0048249846237186185), 'composite': np.float64(0.0034176053018762104), 'custom': np.float64(0.0010853697481482273), 'custome': np.float64(0.0009897632058662586)}"
86,"{'new': np.float64(0.9069383029397238), 'second': np.float64(0.2977851125163409), 'longer': np.float64(0.19693207891152825), 'leading': np.float64(0.12171306743086382), 'please': np.float64(0.10082867206376529), 'better': np.float64(0.09416223862347364), 'rising': np.float64(0.0782019787938385), 'wider': np.float64(0.07713009211337951), 'larger': np.float64(0.04738885207021273), 'weaker': np.float64(0.023175218656953846), 'tighter': np.float64(0.01972169775064257), 'smaller': np.float64(0.017981829582048386), 'stronger': np.float64(0.016813956469150012), 'slower': np.float64(0.008829746290311614), 'healthy': np.float64(0.00844946040630833), 'worse': np.float64(0.0075569413813252545), 'great': np.float64(0.007458909450913247), 'clearer': np.float64(0.004927815488934464), 'safer': np.float64(0.004887107907835097), 'worsen': np.float64(0.0020041138961630614), 'kind': np.float64(0.0009995707918501228)}"
87,"{'committee': np.float64(0.6597968475582806), 'sheet': np.float64(0.5898069221102809), 'book': np.float64(0.40838499780213405), 'law': np.float64(0.17792385311564912), 'firm': np.float64(0.11922550465415926), 'building': np.float64(0.038855492981793666), 'call': np.float64(0.0321760020463012), 'letter': np.float64(0.0282895694758068), 'sign': np.float64(0.023219648388575573), 'booking': np.float64(0.00945540140216983), 'nil': np.float64(0.006742389638936913), 'builder': np.float64(0.006464467259936958), 'pipeline': np.float64(0.005613250062933717), 'message': np.float64(0.004735834446006561), 'draft': np.float64(0.004335812212142471), 'calling': np.float64(0.002873457454710449), 'workflow': np.float64(0.001609747710948895), 'bill': np.float64(0.001064415326243573), 'tee': np.float64(0.0003502324684601995)}"
88,"{'billion': np.float64(0.6999287191458523), 'million': np.float64(0.5708909547639249), 'corporate': np.float64(0.3997970726314666), 'quarter': np.float64(0.09165590430266198), 'large': np.float64(0.06139874021516377), 'several': np.float64(0.05471113187337974), 'pandemic': np.float64(0.04868515939829318), 'volume': np.float64(0.04795370969669631), 'dividend': np.float64(0.031129998191870026), 'five': np.float64(0.028584813973111634), 'multiple': np.float64(0.02854647790906779), 'largest': np.float64(0.021992004045416725), 'dollar': np.float64(0.020055858501774864), 'four': np.float64(0.016159311239001183), 'eight': np.float64(0.013413447732189644), 'six': np.float64(0.013337782989833407), 'twelve': np.float64(0.012592611639763851), 'much': np.float64(0.008569841377946027), 'vast': np.float64(0.008037591108882046), 'thousand': np.float64(0.005393082210990875), 'multiplier': np.float64(0.004742412484146864), 'numerous': np.float64(0.00394462370149491), 'multinational': np.float64(0.0033932819622886677), 'twice': np.float64(0.0023363824984866132), 'decade': np.float64(0.002256244074716648), 'nine': np.float64(0.0021795713110889354), 'yuan': np.float64(0.002027551205015757), 'multiplication': np.float64(0.001768525898679905), 'threefold': np.float64(0.001724468624128502), 'twofold': np.float64(0.0011806148407052584), 'quantum': np.float64(0.0010207952660433342), 'doubling': np.float64(0.0009744230639070666), 'royal': np.float64(0.0006593579708880282), 'hundred': np.float64(0.0006252376430041014), 'unlimited': np.float64(0.0006015180827738496), 'multilateral': np.float64(0.0005378823844752692), 'buk': np.float64(0.0003463760814565296), 'triangle': np.float64(0.00031687614685881006), 'boom': np.float64(0.000315159259852395), 'double': np.float64(0.00014848701910642528), 'twenty': np.float64(6.54681624887765e-05)}"
89,"{'portfolio': np.float64(0.9715399618448596), 'growth': np.float64(0.15057632847898117), 'various': np.float64(0.150218952026277), 'diversification': np.float64(0.06487751317920509), 'resilience': np.float64(0.05728821928281044), 'variety': np.float64(0.03186752915724335), 'holistic': np.float64(0.026274645545384882), 'complexity': np.float64(0.02526080720077614), 'innovation': np.float64(0.015312870630870558), 'lifecycle': np.float64(0.014754323585007978), 'conservation': np.float64(0.011795904917534952), 'diverse': np.float64(0.008956574062157576), 'nomenclature': np.float64(0.007911673381931451), 'evolution': np.float64(0.007616052160519275), 'biodiversity': np.float64(0.007533058010420146), 'productivity': np.float64(0.005569901283442673), 'variance': np.float64(0.005511209154598841), 'variability': np.float64(0.005300634074049993), 'ecosystem': np.float64(0.005109880749073273), 'wildlife': np.float64(0.004197968224513167), 'environmentally': np.float64(0.003914224374786761), 'pollution': np.float64(0.003272987417616761), 'holistically': np.float64(0.003065769353420631), 'diversify': np.float64(0.0028067179728587114), 'biometric': np.float64(0.0018298686514644773), 'comprehensiveness': np.float64(0.001638012149392146), 'diversifies': np.float64(0.0014657860280619713), 'renewables': np.float64(0.0009629560329129433), 'breadth': np.float64(0.0009217613608593006), 'survival': np.float64(0.0008343202808681675), 'environmen': np.float64(0.0001650388526530835)}"
90,"{'market': np.float64(0.9760047545295799), 'cash': np.float64(0.20407287736968988), 'horizon': np.float64(0.06347095308935836), 'crd': np.float64(0.02596879796524525), 'rest': np.float64(0.023660777111914746), 'stock': np.float64(0.01391127138990377), 'monte': np.float64(0.009420084201314956), 'gcrg': np.float64(0.007513728178821273), 'ccr': np.float64(0.006536264243008689), 'tltro': np.float64(0.005413482481817457), 'rollover': np.float64(0.0038020907062038217), 'srmr': np.float64(0.003575717330279163), 'investing': np.float64(0.003129373637704373), 'mormc': np.float64(0.003048671561187383), 'owns': np.float64(0.0028536644086902363), 'srm': np.float64(0.0026302754019473687), 'lrm': np.float64(0.002616910412652785), 'csrbb': np.float64(0.0022912388158184693), 'grrc': np.float64(0.002279148543027008), 'solid': np.float64(0.0021683470421390476), 'remco': np.float64(0.0021195668094049483), 'rrrcs': np.float64(0.0016066847367555393), 'mont': np.float64(0.0012734364185832778), 'iron': np.float64(0.001093382193809102), 'groenbank': np.float64(0.0007074646769907099), 'slr': np.float64(0.0006888887285461376), 'shale': np.float64(0.0005480464009627189), 'blacksmith': np.float64(0.0004898070058547234), 'vesting': np.float64(0.00047038831337051776), 'shoring': np.float64(0.000458434242796034), 'reg': np.float64(0.00041048343847651406), 'blackrock': np.float64(0.0002631770061272699), 'goldman': np.float64(1.3247612683203124e-05), 'robur': np.float64(1.3247612683203124e-05)}"
91,"{'swiss': np.float64(0.9718895905789605), 'clearing': np.float64(0.1655133710432995), 'franc': np.float64(0.13652624112902118), 'homogeneous': np.float64(0.04798470660868019), 'transparent': np.float64(0.045688441747645026), 'cleared': np.float64(0.04264024457520127), 'uncleared': np.float64(0.04145247222307163), 'colour': np.float64(0.023956557437972845), 'blanc': np.float64(0.019177983024311156), 'dans': np.float64(0.01593665970436169), 'communauté': np.float64(0.010651761438346546), 'homogenous': np.float64(0.009561962406309093), 'blue': np.float64(0.004595093967962279), 'simply': np.float64(0.004271484384784559), 'void': np.float64(0.0042617740054024895), 'chinese': np.float64(0.002337316525065257), 'clay': np.float64(0.0022185718531889526), 'grey': np.float64(0.001028396888545557), 'svart': np.float64(0.0004977773093025649), 'laun': np.float64(0.00048585447334114), 'traditionel': np.float64(0.0001601338222890687), 'fulfils': np.float64(0.00011917978873168416)}"
92,"{'stakeholder': np.float64(0.7708119759862863), 'forum': np.float64(0.3510218715408654), 'mining': np.float64(0.28686868229473694), 'chain': np.float64(0.2530714785746271), 'kingdom': np.float64(0.20811537879946604), 'project': np.float64(0.15665499353939083), 'digital': np.float64(0.15021886517636324), 'enter': np.float64(0.13324093052599914), 'platform': np.float64(0.11738218008502418), 'network': np.float64(0.09612240555208888), 'stream': np.float64(0.047297746166404135), 'stem': np.float64(0.02448538182898518), 'blockchain': np.float64(0.02404214212874126), 'zone': np.float64(0.021379863273618863), 'symbol': np.float64(0.018013405314276695), 'lockdown': np.float64(0.015691886619086857), 'tenet': np.float64(0.013012945893041753), 'botnets': np.float64(0.012478741570870616), 'cryptocurrency': np.float64(0.012478741570870616), 'cryptography': np.float64(0.010212557154520388), 'crypto': np.float64(0.006753417774975762), 'cryptocurrencies': np.float64(0.005361751308209715), 'decentralised': np.float64(0.0014509377185083433)}"
93,"{'monitor': np.float64(0.9894724421121867), 'scorecard': np.float64(0.07528612686686875), 'record': np.float64(0.06282596360550294), 'heatmaps': np.float64(0.05226277169563887), 'track': np.float64(0.04695128393470667), 'spot': np.float64(0.035677358790070016), 'trm': np.float64(0.0353263395926634), 'bluetrack': np.float64(0.02927032912295071), 'ltra': np.float64(0.028489775889327967), 'tlof': np.float64(0.021248789427318976), 'signal': np.float64(0.019117101639394316), 'vtl': np.float64(0.016374942209793512), 'hotspot': np.float64(0.015199093201476756), 'itraxx': np.float64(0.012733853700623332), 'ctrc': np.float64(0.012731864120469638), 'recording': np.float64(0.012284392832226357), 'tdi': np.float64(0.009787830230896893), 'mtm': np.float64(0.00949561555334678), 'logging': np.float64(0.00782529675264362), 'nfrtt': np.float64(0.0064735470652654776), 'mobile': np.float64(0.00542907370641486), 'nvb': np.float64(0.004686142097663257), 'heatmapping': np.float64(0.004354163025243669), 'bluetracktm': np.float64(0.004290462771914034), 'ctg': np.float64(0.0036300055534344744), 'spotlight': np.float64(0.003329380282542132), 'cickpuv': np.float64(0.002476119682431273), 'tac': np.float64(0.0017854152571157291), 'receiver': np.float64(0.0009116857204192402), 'dta': np.float64(0.0007158119453530052)}"
94,"{'sanction': np.float64(0.9726920185281753), 'moratorium': np.float64(0.14358704465284836), 'recession': np.float64(0.13583810111312647), 'slowing': np.float64(0.07883395238663503), 'exploitation': np.float64(0.05301444061045163), 'combatting': np.float64(0.03697899818184717), 'circumvention': np.float64(0.033040369714937845), 'discrimination': np.float64(0.03209392894682092), 'divestment': np.float64(0.026943304598663686), 'discounting': np.float64(0.02513377024834694), 'protest': np.float64(0.01612609602663544), 'buying': np.float64(0.014847724499307097), 'disrupting': np.float64(0.011968513811260038), 'mandating': np.float64(0.009693946117686524), 'delaying': np.float64(0.009264053414269297), 'repudiation': np.float64(0.007465348061351831), 'boycotting': np.float64(0.006150944139974155), 'stubbornly': np.float64(0.004972198977301001), 'trolling': np.float64(0.0019852615950501557), 'strike': np.float64(0.0017686954356755298)}"
95,"{'client': np.float64(0.7689283053280582), 'company': np.float64(0.5651872876974162), 'category': np.float64(0.29689437192378076), 'mark': np.float64(0.023269902801983072), 'vendor': np.float64(0.01563477116827102), 'brand': np.float64(0.01190440771294432), 'shape': np.float64(0.008661462508894423), 'marketing': np.float64(0.008353862987576465), 'campaign': np.float64(0.0064857435977642985), 'rank': np.float64(0.005296877973461728), 'corp': np.float64(0.0037895255197564408), 'trademark': np.float64(0.0029542424013888477), 'word': np.float64(0.0008098419145826631)}"
96,"{'dkk': np.float64(0.9988921024912252), 'sek': np.float64(0.04500438399491855), 'next': np.float64(0.01350411936713056), 'running': np.float64(0.0026034150380382644), 'contin': np.float64(0.00012413677148688423), 'sure': np.float64(0.00012226724395743405), 'srb': np.float64(4.6024938740083204e-05), 'orc': np.float64(2.6505080472278402e-05), 'rfr': np.float64(1.880521725997532e-05), 'ygtg': np.float64(1.119057803025282e-05), 'yjkej': np.float64(8.999524858835033e-06), 'yjgtg': np.float64(7.46038535350188e-06), 'rfrs': np.float64(6.711363812268192e-06), 'gnkikdng': np.float64(5.269332182084091e-06), 'pqp': np.float64(5.269332182084091e-06), 'rqukvkxg': np.float64(5.269332182084091e-06), 'ivu': np.float64(5.235944881871184e-06), 'tdr': np.float64(4.401436177803412e-06), 'pending': np.float64(4.105930109987245e-06), 'watching': np.float64(1.5412629850313828e-06), 'srr': np.float64(1.4994118055575604e-06), 'exiting': np.float64(5.416343146839156e-09), 'brb': np.float64(-3.003141217399359e-23)}"
97,"{'disruption': np.float64(0.8832819170425592), 'criminal': np.float64(0.3220862138029243), 'failed': np.float64(0.18484428407224973), 'misused': np.float64(0.14019418662364475), 'enforced': np.float64(0.13832841400949314), 'misconduct': np.float64(0.11399914140758603), 'deteriorated': np.float64(0.10940750952861415), 'strengthened': np.float64(0.08639664497524842), 'breached': np.float64(0.043802347978159996), 'harmed': np.float64(0.038699378695797336), 'distressed': np.float64(0.038348042307778565), 'delinquent': np.float64(0.033507132513318216), 'malfeasance': np.float64(0.033168387646900326), 'weakened': np.float64(0.032810373722825636), 'stolen': np.float64(0.027637396598003305), 'infringement': np.float64(0.02186580126740166), 'overstepping': np.float64(0.01699917432450395), 'unhedged': np.float64(0.01699917432450395), 'destroyed': np.float64(0.01663565357758808), 'intrusion': np.float64(0.014392709280070467), 'foreclosed': np.float64(0.012565495626523681), 'overrun': np.float64(0.004812955819792195), 'jeopardise': np.float64(0.003960339842673913)}"
98,"{'carrying': np.float64(0.9582812988778665), 'emission': np.float64(0.1899872020669413), 'pressure': np.float64(0.16152085957628962), 'oath': np.float64(0.0954958460028357), 'revolving': np.float64(0.05080678608909976), 'driving': np.float64(0.04886498411514953), 'functioning': np.float64(0.03550102324500222), 'consumption': np.float64(0.030161206406857165), 'risking': np.float64(0.02917023983904185), 'raising': np.float64(0.025304832627238222), 'posture': np.float64(0.021010943859668486), 'widening': np.float64(0.01760718499003021), 'heart': np.float64(0.015358463520748806), 'fighting': np.float64(0.01488331174158247), 'giving': np.float64(0.014333832516763463), 'stressing': np.float64(0.013065526591810065), 'contraction': np.float64(0.007158059980982743), 'lifting': np.float64(0.005191288870394922), 'circulation': np.float64(0.0051062016276858), 'flowing': np.float64(0.0051062016276858), 'breathing': np.float64(0.0039019922198970684), 'inflating': np.float64(0.003674398771176713), 'cooling': np.float64(0.0032690022420974454), 'letting': np.float64(0.0025231551288378475), 'renting': np.float64(0.0012313731451988115), 'nition': np.float64(0.0005757513463274096)}"
99,"{'covid': np.float64(0.9174700631253928), 'netherlands': np.float64(0.37515673549430745), 'labour': np.float64(0.06330941385399498), 'retirement': np.float64(0.06169488036962033), 'downturn': np.float64(0.05255711158180754), 'export': np.float64(0.050867078269860644), 'outbreak': np.float64(0.03065021473646731), 'sterling': np.float64(0.028036682830663916), 'excl': np.float64(0.025894232472155002), 'gdpr': np.float64(0.02428249596833872), 'eir': np.float64(0.022170332806813384), 'digitalisation': np.float64(0.021107746833327), 'brexit': np.float64(0.014774804802911478), 'clearance': np.float64(0.011296544758026604), 'europol': np.float64(0.007193901719487102), 'immigration': np.float64(0.0028112396850026697), 'deglobalisation': np.float64(0.002661014856160048), 'exporting': np.float64(0.002213395344567762), 'election': np.float64(0.0009487684643640388), 'eurostoxx': np.float64(0.0006569541693004847), 'withdrawls': np.float64(0.0006084711977059479), 'tory': np.float64(0.00033217259809958726), 'euroclear': np.float64(4.8385517782418465e-06)}"
100,"{'plan': np.float64(0.9375139838157187), 'planning': np.float64(0.29414097923067944), 'guideline': np.float64(0.16560627478204856), 'presentation': np.float64(0.06270123717659523), 'preparation': np.float64(0.04377905421438591), 'dashboard': np.float64(0.02174444390448628), 'timeline': np.float64(0.016102209274523823), 'preparing': np.float64(0.010020004765941714), 'consultation': np.float64(0.008273230267155502), 'referral': np.float64(0.008219634227696738), 'interview': np.float64(0.008044739177122116), 'concise': np.float64(0.007660161154548839), 'briefing': np.float64(0.007660161154548783), 'taskforce': np.float64(0.006620361873672157), 'bureau': np.float64(0.005744358134358986), 'prioritizing': np.float64(0.0047801834670850646), 'deciding': np.float64(0.0032240387006478785), 'filing': np.float64(0.002445827188980577), 'recap': np.float64(0.0017967705435657615), 'prioritising': np.float64(0.0014347504780743271), 'introductory': np.float64(0.0012372974704178625), 'staffing': np.float64(0.0012372974704178625), 'seminar': np.float64(0.0003716738899958549)}"
101,"{'could': np.float64(0.9704081339214241), 'given': np.float64(0.20168536353785949), 'rise': np.float64(0.07844154471938859), 'deliver': np.float64(0.0680758889835535), 'transport': np.float64(0.050399300471725667), 'incorporates': np.float64(0.040713286943247974), 'receives': np.float64(0.03803027316793033), 'raise': np.float64(0.024198247919253343), 'introduces': np.float64(0.016883689248564808), 'contributes': np.float64(0.01154643812672546), 'procures': np.float64(0.010675900310452737), 'creates': np.float64(0.0053555849806806565), 'translates': np.float64(0.00430767148854219), 'lever': np.float64(0.003695408103001386), 'transforms': np.float64(0.003695408103001386), 'expands': np.float64(0.0018204208824515416), 'brings': np.float64(0.0014922205337420619), 'delivers': np.float64(0.000957327185377571), 'conveys': np.float64(0.0006813403357603904), 'broadens': np.float64(0.000522052923988526), 'sends': np.float64(0.0002182375336101534), 'summons': np.float64(3.2903121004407964e-05)}"
102,"{'spread': np.float64(0.9864591134667775), 'generated': np.float64(0.14017033842592524), 'express': np.float64(0.05553551382247903), 'transmission': np.float64(0.045355815800782705), 'syndicated': np.float64(0.027892952672605126), 'wave': np.float64(0.023518207318763126), 'syndication': np.float64(0.020227590163483165), 'publish': np.float64(0.014016824761576185), 'launch': np.float64(0.012096541119366911), 'broadcast': np.float64(0.0049584683417212005), 'expo': np.float64(0.0012992234482906984)}"
103,"{'extent': np.float64(0.6378356053860751), 'largely': np.float64(0.51152535122932), 'systemic': np.float64(0.4656492468574439), 'broader': np.float64(0.27918416437763005), 'shorter': np.float64(0.12414648088830689), 'extend': np.float64(0.1054207335209145), 'expansion': np.float64(0.061866216420008224), 'riskier': np.float64(0.056440179689062016), 'downstream': np.float64(0.043865618538629414), 'deeper': np.float64(0.01996553130227109), 'fewer': np.float64(0.019443801986381185), 'comprehensively': np.float64(0.01911868412855462), 'darker': np.float64(0.007357707642114588), 'progressively': np.float64(0.007357707642114588), 'rounded': np.float64(0.004589362800565638)}"
104,"{'tier': np.float64(0.9744362207927062), 'relation': np.float64(0.17428900374775724), 'erm': np.float64(0.1124942500617768), 'frank': np.float64(0.08411589061420467), 'competitor': np.float64(0.012150846565803303), 'junior': np.float64(0.009346210068244962), 'cop': np.float64(0.007559957806352916), 'secondly': np.float64(0.005634799469814316), 'parental': np.float64(0.005170378651593929), 'dva': np.float64(0.0032147484222880478), 'morm': np.float64(0.0017881838272267925), 'familiar': np.float64(0.0008274782492480721), 'riot': np.float64(0.0007848585524560254), 'ned': np.float64(0.0006448638607429926), 'brother': np.float64(0.0006059306840422911), 'marcus': np.float64(0.0005857826948486248), 'couple': np.float64(0.0003997080184606526), 'compa': np.float64(0.00038322491868770766), 'cooperates': np.float64(0.00022608833668000117), 'jacob': np.float64(8.45760231631573e-05)}"
105,"{'include': np.float64(0.8974766781263239), 'form': np.float64(0.2685651090805141), 'make': np.float64(0.20449370621863122), 'embedded': np.float64(0.1295270584904461), 'buy': np.float64(0.12546434175067336), 'establish': np.float64(0.095811034686433), 'defines': np.float64(0.09339366725855595), 'create': np.float64(0.09299402146685504), 'build': np.float64(0.0824625844875182), 'construction': np.float64(0.07971359939432075), 'run': np.float64(0.07684457321326371), 'purchase': np.float64(0.049030461963713655), 'rebuild': np.float64(0.006063808164991751), 'construct': np.float64(0.00434215894798687), 'starter': np.float64(0.0017619855964762284)}"
106,"{'via': np.float64(0.9641851878537486), 'operates': np.float64(0.2620745070389689), 'pci': np.float64(0.033333333379843004), 'passenger': np.float64(0.014323328419218354), 'cius': np.float64(0.0123501482278449), 'sco': np.float64(0.0077759005886576206), 'uscb': np.float64(0.007017511050650777), 'truck': np.float64(0.005165688620298374), 'onboard': np.float64(0.005093711270183203), 'busi': np.float64(0.004288093761870115), 'transit': np.float64(0.002774275040592047), 'cugn': np.float64(0.0025800380614612248)}"
107,"{'loan': np.float64(0.9902903578962283), 'sale': np.float64(0.09255715901447746), 'repurchase': np.float64(0.0767744383125329), 'supplier': np.float64(0.05834583958079915), 'capture': np.float64(0.03644048292813934), 'buyer': np.float64(0.0076945437922175675), 'sell': np.float64(0.006168351288096538), 'selling': np.float64(0.004347363961102347), 'hire': np.float64(0.0025986490412094297), 'want': np.float64(0.0023731538229605073), 'trader': np.float64(0.0013861076537755816), 'takeover': np.float64(0.0009221599794345812), 'pick': np.float64(0.0006391852179358935)}"
108,"{'statutory': np.float64(0.6893258975216351), 'council': np.float64(0.6392455697768681), 'clause': np.float64(0.3117519204382211), 'bylaw': np.float64(0.07453812536893145), 'customary': np.float64(0.07345912690529283), 'municipal': np.float64(0.05373996190722458), 'statute': np.float64(0.03922706347680985), 'statutorily': np.float64(0.037628301271193244), 'procedural': np.float64(0.03654994415928264), 'municipality': np.float64(0.019500522015626444), 'ordinance': np.float64(0.019208928610494277), 'stipulate': np.float64(0.011210993884009531)}"
109,"{'lens': np.float64(0.7754790833726709), 'cib': np.float64(0.4629462135761698), 'contractor': np.float64(0.40798989478498704), 'harness': np.float64(0.0936492584561698), 'netted': np.float64(0.07035199439215636), 'captive': np.float64(0.032063055930062735), 'charging': np.float64(0.030893550986064968), 'textile': np.float64(0.030796389618226953), 'cdd': np.float64(0.028949910437974225), 'cable': np.float64(0.015959089915959512), 'cip': np.float64(0.008205898685561189), 'direc': np.float64(0.0061544240141659925), 'electric': np.float64(0.002692852651492457), 'cru': np.float64(0.0008768611361159436), 'yacht': np.float64(0.0006235080030627456), 'conduit': np.float64(0.0005193203077893142), 'cbc': np.float64(0.00032007623326179755), 'vessel': np.float64(1.1635339365820147e-05)}"
110,"{'cet': np.float64(0.869008365279779), 'cre': np.float64(0.3296721642896013), 'ccp': np.float64(0.27231040286696173), 'cva': np.float64(0.18621380781014296), 'rwas': np.float64(0.12479852340874116), 'ccf': np.float64(0.05997262263043017), 'csas': np.float64(0.052227084440546634), 'rca': np.float64(0.028345832527960527), 'sicr': np.float64(0.02806666550779524), 'ccar': np.float64(0.026271427701641665), 'crc': np.float64(0.021363047497986513), 'rcrmc': np.float64(0.020890833776218653), 'rtcs': np.float64(0.02030695872361824), 'ccyb': np.float64(0.01866750427048669), 'ccfs': np.float64(0.01769907921804413), 'csa': np.float64(0.017418711273533075), 'crmf': np.float64(0.01400551921507714), 'crf': np.float64(0.010949978555621848), 'ccys': np.float64(0.010129645925372613), 'gctp': np.float64(0.008586863988596415), 'icc': np.float64(0.0066865301265400445), 'scr': np.float64(0.005792517397731405), 'ccfor': np.float64(0.005616338837501752), 'rrrc': np.float64(0.00507673968090456), 'wrr': np.float64(0.00507673968090456), 'nfsr': np.float64(0.005064822962686307), 'gcr': np.float64(0.004957823081859602), 'crcf': np.float64(0.004813332594190102), 'gses': np.float64(0.004668506405025714), 'cagrs': np.float64(0.004668506405025703), 'crrgvkvg': np.float64(0.0031190303559041166), 'crcu': np.float64(0.003055475204821244), 'crrii': np.float64(0.002994789282873216), 'fcrmf': np.float64(0.002979827687797783), 'lcrs': np.float64(0.0029198960611936534), 'csrd': np.float64(0.002892607180843387), 'crdiv': np.float64(0.002478911540929801), 'mrmc': np.float64(0.0023922979511626003), 'cpac': np.float64(0.0020581390829851817), 'gsc': np.float64(0.002005163175439225), 'gdc': np.float64(0.0018160194343563435), 'ccrc': np.float64(0.0017393688565695415), 'cto': np.float64(0.0015709018237516296), 'dcugf': np.float64(0.0013367272953874784), 'vcig': np.float64(0.0013367272953874784), 'mrec': np.float64(0.0012623173738338582), 'cugf': np.float64(0.000945372541279069), 'ecas': np.float64(0.0009080097171781718), 'ocpcigogpv': np.float64(0.000891151530258319), 'gec': np.float64(0.0005019034569526553)}"
111,"{'weighting': np.float64(0.811624852668781), 'remeasurement': np.float64(0.48636044078616864), 'scoring': np.float64(0.20810923794118152), 'calculationb': np.float64(0.15829508586709862), 'factored': np.float64(0.11901369528746576), 'ratioa': np.float64(0.07412133346481696), 'repaymentsb': np.float64(0.06406891452735224), 'totalc': np.float64(0.05841697157485922), 'mathematical': np.float64(0.05833016011225291), 'subtotal': np.float64(0.044740745153798424), 'calculatione': np.float64(0.042712609684901495), 'factoring': np.float64(0.04037263776096273), 'computing': np.float64(0.01540261114474198), 'mathematics': np.float64(0.008019127389631385), 'excel': np.float64(0.004027367143894116), 'eqt': np.float64(7.512303427109722e-05)}"
112,"{'cover': np.float64(0.8463223727233246), 'covered': np.float64(0.45533493010804127), 'face': np.float64(0.20928135866961653), 'covering': np.float64(0.16733289377232008), 'capitalization': np.float64(0.0407351887268529), 'pas': np.float64(0.031493225778081925), 'tail': np.float64(0.029331176957266124), 'cap': np.float64(0.02311846499719441), 'cpf': np.float64(0.015120229196290165), 'capex': np.float64(0.011127254627126852), 'recapitalize': np.float64(0.0072225845714581375), 'recapitalized': np.float64(0.0072225845714581375), 'dac': np.float64(0.0068912403917362934), 'terminal': np.float64(0.0054369546520341115), 'caput': np.float64(0.004455169147563695), 'capitalc': np.float64(0.002044812152709046), 'fcp': np.float64(0.0017581669839188104), 'cess': np.float64(0.0013623263578731106), 'cov': np.float64(0.0008839775689993418), 'capac': np.float64(0.00014713545976595443)}"
113,"{'cro': np.float64(0.9846930723444435), 'carlo': np.float64(0.10436637787404757), 'ciso': np.float64(0.08842072617051372), 'italian': np.float64(0.08255995052075153), 'crm': np.float64(0.03989881007150359), 'terra': np.float64(0.03906351781373646), 'costa': np.float64(0.0266420563563568), 'mar': np.float64(0.02283813002920729), 'nostro': np.float64(0.016162723745343523), 'joc': np.float64(0.011066697904876787), 'oggv': np.float64(0.010445350404043485), 'collva': np.float64(0.0017136224588336427), 'johan': np.float64(0.0015625157048817157), 'catherine': np.float64(0.0010416771365878105), 'helena': np.float64(0.0010416771365878105), 'karin': np.float64(0.0010416771365878105), 'lena': np.float64(0.0010416771365878105), 'lio': np.float64(0.0010296950198354924), 'roe': np.float64(-3.0970535888326677e-18), 'karjalan': np.float64(-7.226461682665342e-18)}"
114,"{'step': np.float64(0.8257271187467079), 'continuous': np.float64(0.37615556196246186), 'escalation': np.float64(0.3130679992469699), 'cascaded': np.float64(0.19836903707026035), 'gradual': np.float64(0.11316184573813746), 'categorized': np.float64(0.0915154568839431), 'flooding': np.float64(0.08826959763808423), 'phased': np.float64(0.06455690759117066), 'scaled': np.float64(0.06278010882874951), 'layered': np.float64(0.022317959696186378), 'spillover': np.float64(0.019825854297359), 'hierarchical': np.float64(0.018479980372396693), 'fluctuated': np.float64(0.01610415353984723), 'subdivided': np.float64(0.01610415353984723), 'segmented': np.float64(0.015200733555912433), 'duplicated': np.float64(0.008756973609627584), 'emergent': np.float64(0.008756973609627584), 'diverging': np.float64(0.005586456161314668), 'scalability': np.float64(0.005120868824635733), 'switching': np.float64(0.0039847129106594945), 'divergent': np.float64(0.0035657499498664407), 'steepening': np.float64(0.003429937487811528), 'stepped': np.float64(0.001731035654828619), 'inflowing': np.float64(0.0014701602368734764)}"
115,"{'set': np.float64(0.8649739433290518), 'case': np.float64(0.45992642817460583), 'classified': np.float64(0.17293916502227627), 'litigation': np.float64(0.08752021713328105), 'evidence': np.float64(0.0387208949067924), 'picture': np.float64(0.02254981636932699), 'desk': np.float64(0.02212242224700746), 'prosecution': np.float64(0.010564146639768937), 'packaging': np.float64(0.006764065791593634), 'pursuit': np.float64(0.006126017065796896), 'hardware': np.float64(0.0031197804638675203), 'filer': np.float64(0.00280093908506073), 'dence': np.float64(0.0023197588087363946), 'onsite': np.float64(0.00179336074521292), 'occ': np.float64(0.0013242949023194006)}"
116,"{'repayment': np.float64(0.6140539289744084), 'revenue': np.float64(0.5019577587618285), 'receivables': np.float64(0.36653265664027085), 'outflow': np.float64(0.3650402985867908), 'inventory': np.float64(0.2071589306398785), 'outstandings': np.float64(0.17251569590863336), 'prepayment': np.float64(0.12699711523921023), 'inflow': np.float64(0.07477205314971737), 'expenditure': np.float64(0.04812343143020623), 'npv': np.float64(0.043322010119887656), 'spending': np.float64(0.04192568217872167), 'fiscal': np.float64(0.038712894560303295), 'receivable': np.float64(0.024281202274562187), 'turnover': np.float64(0.017818841252336765), 'workstreams': np.float64(0.01272302937274663), 'commerce': np.float64(0.010209105531988482), 'payvision': np.float64(0.00971036505802121), 'repaymentsc': np.float64(0.008567133821898465), 'procyclicality': np.float64(0.006075003191555865), 'nonperforming': np.float64(0.006041576261724121), 'lifecycles': np.float64(0.005581083538414658), 'liabilitiesa': np.float64(0.00543459552870249), 'disbursement': np.float64(0.004201367225924833), 'cashflows': np.float64(0.004028127001484968), 'portfoliooutstandings': np.float64(0.0029844782136342137), 'outturn': np.float64(0.0025755123686054134), 'cesses': np.float64(0.002542036665016369)}"
117,"{'taxonomy': np.float64(0.8917017757686686), 'list': np.float64(0.39055906213428104), 'classiﬁ': np.float64(0.1516360392084074), 'questionnaire': np.float64(0.0868319030153773), 'database': np.float64(0.08681667440969788), 'catalogue': np.float64(0.0796053614917479), 'check': np.float64(0.0698717954737985), 'exhibit': np.float64(0.029086519712135446), 'documentary': np.float64(0.02730572664330717), 'datasets': np.float64(0.026029667183996814), 'toolkit': np.float64(0.016073855836291492), 'glossary': np.float64(0.013652863321653585), 'shopping': np.float64(0.013652863321653585), 'shop': np.float64(0.009788322682257973), 'portf': np.float64(0.005204099918574409), 'enrolment': np.float64(0.0043407313774950955), 'folio': np.float64(-7.412599208158801e-19)}"
118,"{'considering': np.float64(0.9472210938121973), 'conservative': np.float64(0.22648280129081247), 'uncertain': np.float64(0.128010093732425), 'discretionary': np.float64(0.10335578263488383), 'exploratory': np.float64(0.0950026133412397), 'susceptible': np.float64(0.07152589083734684), 'consciously': np.float64(0.05223799224318827), 'kept': np.float64(0.05124070451339865), 'diligent': np.float64(0.03954489729683542), 'vigilantly': np.float64(0.03704035351722463), 'rigorous': np.float64(0.030067843193127396), 'deliberately': np.float64(0.02287733300849847), 'wilful': np.float64(0.015161746377676647), 'defensive': np.float64(0.010654518386263004), 'manipulative': np.float64(0.006789996828031664), 'discriminating': np.float64(0.006630027164540712), 'prudently': np.float64(0.006630027164540712), 'lean': np.float64(0.006455604036912016), 'risky': np.float64(0.004183440380961592), 'cautious': np.float64(0.003611769733115307)}"
119,"{'key': np.float64(0.8036143661296731), 'country': np.float64(0.588620463811624), 'kyc': np.float64(0.05147971846114704), 'iccc': np.float64(0.044489908543599146), 'cdx': np.float64(0.03706336807071092), 'singapore': np.float64(0.02316127936375327), 'island': np.float64(0.021403896922047798), 'cayman': np.float64(0.021403896922047472), 'offshore': np.float64(0.013383019533723978), 'cyclone': np.float64(0.0052726225264731865), 'hurricane': np.float64(0.005216483094430578), 'kensington': np.float64(0.0032192383350611305), 'cyprus': np.float64(0.00299095268466008), 'jcu': np.float64(0.0024396680500532873), 'sarbanes': np.float64(0.0021621798745216935), 'cisos': np.float64(0.0020007455312279123), 'lehman': np.float64(0.0018750929561050873), 'qatar': np.float64(0.0014888944620658224), 'copenhagen': np.float64(0.0004533445557923929)}"
120,"{'sii': np.float64(0.8296320674648185), 'dodd': np.float64(0.4258610475951789), 'dws': np.float64(0.22447878368542684), 'ecls': np.float64(0.16635341993734304), 'msci': np.float64(0.16355160313513253), 'unemploymentd': np.float64(0.08558281232253737), 'discontinued': np.float64(0.07293580757054105), 'isda': np.float64(0.06777994253326598), 'smes': np.float64(0.0470996237229791), 'tcfd': np.float64(0.04048298028838005), 'unemploymentc': np.float64(0.03423312492901495), 'ddos': np.float64(0.029483736685507297), 'disposalsc': np.float64(0.0259153606724873), 'offsd': np.float64(0.0259153606724873), 'mda': np.float64(0.020598779961742582), 'isdas': np.float64(0.013901462783304097), 'mdbs': np.float64(0.013901462783304097), 'disposalsd': np.float64(0.012717163360517566), 'sdif': np.float64(0.006729310229377726), 'cdss': np.float64(0.0055117476568535455), 'csddd': np.float64(0.0020595840926677317), 'ssm': np.float64(0.0015795145732380332), 'vjcv': np.float64(0.0015091634996671442), 'sdgs': np.float64(0.001129078463227414), 'dggp': np.float64(0.0007545817498335721), 'dsk': np.float64(0.0006794502331701056), 'uwdlgev': np.float64(0.0005832556773377005), 'spvs': np.float64(5.0036958438153895e-05), 'issc': np.float64(1.9510740382811577e-06)}"
121,"{'ecl': np.float64(0.9689162281540622), 'traded': np.float64(0.24549214094371488), 'column': np.float64(0.019491788055582944), 'securitisations': np.float64(0.017980060915448202), 'sec': np.float64(0.010925273703667174), 'cft': np.float64(0.009171963279426246), 'lods': np.float64(0.0027941226694303315), 'cedulas': np.float64(0.0026052306382616797), 'decimal': np.float64(0.002538079052117542), 'stamp': np.float64(0.0021547891230504633), 'numis': np.float64(0.001404506254712776), 'czech': np.float64(0.0006530323029906353), 'ludes': np.float64(0.0004174030985184142), 'cheque': np.float64(4.7524733950991985e-06)}"
122,"{'limit': np.float64(0.9908582521542286), 'tenor': np.float64(0.08178767506245718), 'floor': np.float64(0.0549185308857273), 'nace': np.float64(0.05123204760426844), 'continuing': np.float64(0.039772998830523244), 'projection': np.float64(0.03667574772625783), 'ceo': np.float64(0.024609287357077424), 'standing': np.float64(0.021168500480702408), 'unfloored': np.float64(0.01982010234568822), 'imposition': np.float64(0.015962010098517245), 'stand': np.float64(0.01552112080915047), 'panel': np.float64(0.01457789254042844), 'faced': np.float64(0.014547434905530718), 'flat': np.float64(0.013983896976477159), 'concrete': np.float64(0.013042063883402007), 'surface': np.float64(0.00877084692018588), 'ceiling': np.float64(0.006248757749074227), 'floored': np.float64(0.005506495647098937), 'mezzanine': np.float64(0.004820702537299525), 'conﬁ': np.float64(0.004291338841209861), 'cushion': np.float64(0.0038444773113639258), 'flooring': np.float64(0.002266815944122159), 'room': np.float64(0.0015024363119689721), 'confronting': np.float64(0.0008754838051006443)}"
123,"{'iii': np.float64(0.9807424700262224), 'tgxgpwgu': np.float64(0.08101002126436622), 'vjg': np.float64(0.07119634015937018), 'qdlgevkxgu': np.float64(0.05603821832760645), 'ecrkvcn': np.float64(0.05094383484327855), 'vtcfkpi': np.float64(0.05063126329022888), 'etgfkv': np.float64(0.040755067874622866), 'gzrquwtgu': np.float64(0.040755067874622866), 'dcemvguvkpi': np.float64(0.04050501063218312), 'tgfkv': np.float64(0.03566068439029497), 'uvtguu': np.float64(0.03056630090596715), 'fghcwnv': np.float64(0.025471917421639276), 'kpkvkcn': np.float64(0.025471917421639276), 'uwhƃekgpv': np.float64(0.025471917421639276), 'tgiwncvqt': np.float64(0.025346888800419427), 'gxgpv': np.float64(0.020377533937311433), 'tgeqipkvkqp': np.float64(0.020377533937311433), 'ugxgtg': np.float64(0.020377533937311433), 'eqpƃfgpeg': np.float64(0.020252505316091556), 'kpvtcfc': np.float64(0.020252505316091556), 'vckn': np.float64(0.020252505316091556), 'cemvguvkpi': np.float64(0.020252505316091372), 'vcoe': np.float64(0.016665307988577207), 'gctpkpiu': np.float64(0.015283150452983575), 'htcogyqtm': np.float64(0.015283150452983575), 'hwpfkpi': np.float64(0.015283150452983575), 'kpetgcug': np.float64(0.015283150452983575), 'ogcuwtgu': np.float64(0.015283150452983575), 'qtkikpcvgf': np.float64(0.015283150452983575), 'ukipkƃecpv': np.float64(0.015283150452983575), 'ykfg': np.float64(0.015283150452983575), 'ykvj': np.float64(0.015283150452983575), 'tgugtxgu': np.float64(0.015220636142373643), 'gmd': np.float64(0.012497374771627701), 'kswkfkv': np.float64(0.010188766968655717), 'ngxgtcig': np.float64(0.010188766968655717), 'octmgv': np.float64(0.010188766968655717), 'rtkpekrngu': np.float64(0.010188766968655717), 'swcpvkvcvkxg': np.float64(0.010188766968655717), 'tcvkq': np.float64(0.010188766968655717), 'tgswktgogpvu': np.float64(0.010188766968655717), 'tgurqpukdknkvkgu': np.float64(0.010188766968655717), 'tgƃgev': np.float64(0.010188766968655717), 'encuukƃgf': np.float64(0.010188766968655715), 'cvkqp': np.float64(0.010188766968655703), 'cflwuvgf': np.float64(0.010188766968655701), 'cevwcn': np.float64(0.010126252658045834), 'evwcn': np.float64(0.010126252658045778), 'fgxgnqrogpv': np.float64(0.010126252658045778), 'fkuvtkdwvkqp': np.float64(0.010126252658045778), 'gzenwfgu': np.float64(0.010126252658045778), 'hggu': np.float64(0.010126252658045778), 'jgfigu': np.float64(0.010126252658045778), 'penwfgu': np.float64(0.010126252658045778), 'pgicvkxg': np.float64(0.010126252658045778), 'rqukvkqpu': np.float64(0.010126252658045778), 'uvcpfcnqpg': np.float64(0.010126252658045778), 'vjgkt': np.float64(0.010126252658045778), 'xcnwcvkqp': np.float64(0.010126252658045778), 'zenwfgu': np.float64(0.010126252658045778), 'eqookuukqpu': np.float64(0.01012625265804576), 'spv': np.float64(0.003973939698417672), 'xvas': np.float64(0.001513274857945141), 'cjeu': np.float64(1.5621624187318025e-05)}"
124,"{'central': np.float64(0.78229210660625), 'external': np.float64(0.4745878594873629), 'chief': np.float64(0.2358111586451815), 'region': np.float64(0.2253057499094686), 'local': np.float64(0.1989811434502583), 'north': np.float64(0.08797625562632662), 'located': np.float64(0.05119868367589007), 'complex': np.float64(0.04931027534567873), 'centrally': np.float64(0.04613785334242794), 'centre': np.float64(0.034623299993692375), 'centralised': np.float64(0.01858107947945136), 'western': np.float64(0.017714336421406185), 'city': np.float64(0.0037047243047026402), 'peripheral': np.float64(0.003158288116132822), 'centralises': np.float64(0.002523222226947188), 'centric': np.float64(0.0023864666818271566), 'centricity': np.float64(0.0022396572005592475), 'centralising': np.float64(0.00155186027698584)}"
125,"{'corporation': np.float64(0.9709333104207831), 'inaugural': np.float64(0.19171834566299398), 'ceremony': np.float64(0.11319361710960132), 'workshop': np.float64(0.06697297397123418), 'organisa': np.float64(0.040529271529162504), 'circle': np.float64(0.03989720045307743)}"
126,"{'executive': np.float64(0.8112196381215276), 'supervisory': np.float64(0.515245920253561), 'steering': np.float64(0.1572827496450649), 'president': np.float64(0.1266387104442052), 'chaired': np.float64(0.11872293180456539), 'overseeing': np.float64(0.109836138955847), 'directorship': np.float64(0.08329165611758318), 'characterized': np.float64(0.031240873376899413), 'chairperson': np.float64(0.028640989871249564), 'chairman': np.float64(0.020048316509055707), 'dominated': np.float64(0.013934830782413025), 'steered': np.float64(0.010780248918475318), 'secretary': np.float64(0.005728006854170042), 'empowered': np.float64(0.004379739087032321), 'mittee': np.float64(0.003447204036802927)}"
127,"{'stress': np.float64(0.9115738166191528), 'strategy': np.float64(0.3871669284885353), 'challenge': np.float64(0.09721652592125962), 'threat': np.float64(0.09600313552730923), 'challenger': np.float64(0.017594041035301072), 'question': np.float64(0.008306890458555262), 'fight': np.float64(0.004915982482530398), 'mission': np.float64(0.00490240402432483), 'reaction': np.float64(0.004511935201486865), 'chance': np.float64(0.0027546430691385102), 'confronted': np.float64(0.0023478989676924853), 'struggle': np.float64(0.0021257005740984262), 'threaten': np.float64(0.0014061053648154619), 'controversy': np.float64(0.0007630565846379471)}"
128,"{'comprises': np.float64(0.7837607015417726), 'household': np.float64(0.5954205733152942), 'contains': np.float64(0.13588351367661064), 'suite': np.float64(0.10073792848240913), 'membership': np.float64(0.03550202138602947), 'comfort': np.float64(0.03192969999439783), 'filling': np.float64(0.013136714149445975), 'parliament': np.float64(0.009702482671816363), 'session': np.float64(0.0052167504218158574), 'workgroup': np.float64(0.0026710871248029557), 'guest': np.float64(0.00029001220588375555), 'chamber': np.float64(8.733129092775016e-06)}"
129,"{'migration': np.float64(0.712508695658595), 'downgrade': np.float64(0.5233796010729652), 'sfts': np.float64(0.30036013478199347), 'transformation': np.float64(0.21655126249735665), 'sft': np.float64(0.19894015460924136), 'serf': np.float64(0.1462726727985921), 'chf': np.float64(0.1275140610169322), 'transitioning': np.float64(0.04790611522398549), 'tfsme': np.float64(0.028868049061054293), 'rsf': np.float64(0.018051862674751395), 'esf': np.float64(0.01251071178045673), 'transferring': np.float64(0.011693638508503525), 'fcmp': np.float64(0.010733330316606213), 'swaptions': np.float64(0.009991411779009906), 'changesf': np.float64(0.0067156374096616345), 'changesg': np.float64(0.0061325799446978685), 'restructuringcredit': np.float64(0.004067711223565285)}"
130,"{'see': np.float64(0.8465674406566562), 'shown': np.float64(0.3839278184120203), 'scale': np.float64(0.2778237793141975), 'graph': np.float64(0.1370112516520349), 'heatmap': np.float64(0.13638423843249928), 'chart': np.float64(0.12656198507647243), 'draw': np.float64(0.039426582028620136), 'drawing': np.float64(0.03772216422506318), 'file': np.float64(0.02642776678021432), 'schedule': np.float64(0.026417320293872684), 'goto': np.float64(0.01993286602374799), 'schematic': np.float64(0.013681573596792344), 'square': np.float64(0.013681573596792344), 'histogram': np.float64(0.013570305354397143), 'tabletop': np.float64(0.004087140583928735)}"
131,"{'climate': np.float64(0.9930075828714621), 'energy': np.float64(0.0709084800801309), 'composition': np.float64(0.05870502565188729), 'liquid': np.float64(0.05319921186568014), 'metal': np.float64(0.030349257645283352), 'fuel': np.float64(0.021624002411120356), 'chemical': np.float64(0.01673883246868546), 'coal': np.float64(0.016426033216674213), 'mechanism': np.float64(0.015768125519314835), 'mix': np.float64(0.013971486645088602), 'temperature': np.float64(0.012789947069514572), 'thermal': np.float64(0.006993594703503342), 'petrochemical': np.float64(0.004041853969256449), 'processed': np.float64(0.00391266768235019), 'substance': np.float64(0.0014164569086529365), 'electronics': np.float64(0.0013697443192934656), 'corrosive': np.float64(0.0009001308518230025), 'organic': np.float64(0.000382049116729773)}"
132,"{'mainly': np.float64(0.8360847623203415), 'primarily': np.float64(0.47586139427342894), 'predominantly': np.float64(0.16368369155407295), 'majority': np.float64(0.15630885040815068), 'priority': np.float64(0.08741521442334593), 'principally': np.float64(0.08702214396241674), 'consisting': np.float64(0.046769064634968605), 'initially': np.float64(0.04199066931278479), 'commonly': np.float64(0.03746379602704596), 'inherently': np.float64(0.02982014373958871), 'entirely': np.float64(0.024150293198522327), 'predominately': np.float64(0.02288051472902172), 'wholly': np.float64(0.014416931617306342), 'strongly': np.float64(0.013665852250630266), 'prioritise': np.float64(0.011763163590692825), 'traditionally': np.float64(0.009987428260342756), 'divisionally': np.float64(0.00897997169261018), 'chiefly': np.float64(0.003031562955899044), 'salient': np.float64(0.00248714813767196), 'primacy': np.float64(0.0003824467682137784), 'ticularly': np.float64(0.0003779899971126931)}"
133,"{'whether': np.float64(0.8651081427464379), 'selected': np.float64(0.3062175332257295), 'depends': np.float64(0.20819589697577828), 'differs': np.float64(0.18695802215313229), 'distinguishes': np.float64(0.17226338362967003), 'chosen': np.float64(0.10761013041719819), 'decide': np.float64(0.09438544135371829), 'employ': np.float64(0.09191571388528556), 'participates': np.float64(0.0781605718901349), 'varies': np.float64(0.06212519388093435), 'designates': np.float64(0.060460061444799935), 'specifies': np.float64(0.0461649609680316), 'select': np.float64(0.033096940462343155), 'vote': np.float64(0.032480616088430496), 'chooses': np.float64(0.029836593411913727), 'selectively': np.float64(0.026986093720295794), 'whichever': np.float64(0.026986093720295794), 'elect': np.float64(0.016933641892920195), 'wish': np.float64(0.01572386737931489), 'pursues': np.float64(0.009407183608709891), 'utilises': np.float64(0.005772973448461791)}"
134,"{'high': np.float64(0.8768007997049054), 'long': np.float64(0.32357023091212184), 'historical': np.float64(0.27271030064542384), 'severe': np.float64(0.1390847863420661), 'phase': np.float64(0.09958822981208693), 'temporary': np.float64(0.09641517689039496), 'transitional': np.float64(0.08407169490911218), 'recent': np.float64(0.06974775746631152), 'prolonged': np.float64(0.03431366050425892), 'chronic': np.float64(0.018189361717406982), 'delayed': np.float64(0.01018616599206521), 'sustained': np.float64(0.005814284268412358), 'progressive': np.float64(0.002090636433201231), 'persistently': np.float64(0.0017090712941954156), 'episodic': np.float64(0.0015949596420849915), 'prolongation': np.float64(0.0015351553250889324), 'prolonging': np.float64(0.0015351553250889324), 'lifelong': np.float64(0.0002977935101744673), 'temporal': np.float64(0.0002977935101744673), 'lingering': np.float64(0.00029115124584841326), 'perma': np.float64(0.00011697913410547986), 'longstanding': np.float64(8.467250639873916e-05)}"
135,"{'way': np.float64(0.9309592413649257), 'fvoci': np.float64(0.35965867981424415), 'surrounding': np.float64(0.04326364760059811), 'whenever': np.float64(0.03237776304768223), 'perioda': np.float64(0.020711082122500935), 'circular': np.float64(0.017671564759556446), 'circa': np.float64(0.014623286476018458), 'idea': np.float64(0.009166273063633103), 'circum': np.float64(0.0011696216749483674)}"
136,"{'government': np.float64(0.6415157004883419), 'commercial': np.float64(0.5791704990766737), 'residential': np.float64(0.49100209152692914), 'domestic': np.float64(0.04931218413892304), 'workforce': np.float64(0.044109972387016666), 'personnel': np.float64(0.04268679028471028), 'sectoral': np.float64(0.03791008847039711), 'societal': np.float64(0.03531650160940022), 'nation': np.float64(0.031448240232563617), 'civilian': np.float64(0.02980354977897576), 'voluntary': np.float64(0.021882064313900617), 'governmental': np.float64(0.021275313251400887), 'exempt': np.float64(0.009785506499885658), 'pensioner': np.float64(0.008521439394030748), 'taxpayer': np.float64(0.005600325445692807), 'tourist': np.float64(0.0038354307105861202), 'refugee': np.float64(0.00363814669608149), 'humanitarian': np.float64(0.0033404031542616738), 'judicial': np.float64(0.0014151443914999578), 'justice': np.float64(0.0014151443914999578), 'gov': np.float64(0.0007482092063409566)}"
137,"{'class': np.float64(0.9897007878919849), 'incl': np.float64(0.12821373909910364), 'grading': np.float64(0.057775898293113755), 'std': np.float64(0.01883026004307805), 'language': np.float64(0.013968189343742122), 'ist': np.float64(0.009003441974894187), 'decl': np.float64(0.007155592373953709), 'orm': np.float64(0.005017907112075598), 'const': np.float64(0.002898320272027133)}"
138,"{'regulatory': np.float64(0.7589041407895348), 'economic': np.float64(0.6187676165584584), 'macroeconomic': np.float64(0.17277463574724486), 'geographical': np.float64(0.061209555459583224), 'geopolitical': np.float64(0.051731432136223034), 'sustainable': np.float64(0.05115811049920922), 'cycle': np.float64(0.031081827337201103), 'organizational': np.float64(0.02232368859405295), 'moody': np.float64(0.019182605036397432), 'conditioning': np.float64(0.015050575955981726), 'thematic': np.float64(0.010897262426797437), 'economically': np.float64(0.008013424133776453), 'wind': np.float64(0.0043208426691222195), 'demographic': np.float64(0.0038711053567852603), 'climatic': np.float64(0.0024789291396015265), 'pluvial': np.float64(0.0021597319643855153), 'precipitation': np.float64(0.0021597319643855153), 'storm': np.float64(0.0014657810860343068), 'rainfall': np.float64(0.0013066520476905398), 'contextual': np.float64(0.0012314036224178036), 'warming': np.float64(0.0012170836681593504), 'heatwaves': np.float64(0.0010056128100017912), 'hydrological': np.float64(0.0007889450656819473), 'solar': np.float64(0.0007703329809316745), 'managerial': np.float64(0.0001815030934522709), 'environ': np.float64(0.00014105881506615972), 'situational': np.float64(0.00010055202250555992), 'econ': np.float64(8.254350708034389e-05)}"
139,"{'return': np.float64(0.8193024728273097), 'close': np.float64(0.40368693372531317), 'ended': np.float64(0.3022514983945661), 'window': np.float64(0.21994675911588046), 'split': np.float64(0.11454232895880713), 'opening': np.float64(0.10164049157348463), 'concludes': np.float64(0.038206144244057196), 'deadline': np.float64(0.021986894305990625), 'ending': np.float64(0.01616632552410394), 'submit': np.float64(0.01559390371596025), 'compress': np.float64(0.008721272138668202), 'expire': np.float64(0.007804099976857184), 'fade': np.float64(0.0024920195748132008), 'reopening': np.float64(0.0024920195748132008)}"
140,"{'retail': np.float64(0.9111167515272628), 'trading': np.float64(0.40964058615901305), 'modelling': np.float64(0.02935113586777021), 'laundering': np.float64(0.02747445256917837), 'leisure': np.float64(0.018418716235537546), 'modeling': np.float64(0.007725272327818129), 'fashion': np.float64(0.005530001070495091), 'fencing': np.float64(0.0034086190042900647), 'placing': np.float64(0.0012347400184956998), 'disguising': np.float64(0.0008495463271117279), 'retailing': np.float64(0.0006609363453077263), 'disguise': np.float64(0.000596536781274632), 'kles': np.float64(0.0005137483323755092), 'clothing': np.float64(0.0002984277726503226)}"
141,"{'lod': np.float64(0.947165562511216), 'hoc': np.float64(0.21568647342026614), 'storage': np.float64(0.15032649533190914), 'light': np.float64(0.1474215019853195), 'landscape': np.float64(0.10262850714643765), 'cloud': np.float64(0.028789595396310076), 'floating': np.float64(0.021738653446609302), 'lag': np.float64(0.013673528630180194), 'ice': np.float64(0.001948257709763936), 'web': np.float64(0.0008980538921831587)}"
142,"{'cost': np.float64(0.9995015298160401), 'coordination': np.float64(0.023899218802076076), 'headwind': np.float64(0.01397529488393769), 'perimeter': np.float64(0.00801631759096914), 'territorial': np.float64(0.0073689367087029795), 'onshore': np.float64(0.004983369492359956), 'resort': np.float64(0.004843943641014997), 'landing': np.float64(0.004473075702197792), 'lateral': np.float64(0.004312678779284581), 'storyline': np.float64(0.003510036634413794), 'coastline': np.float64(0.0025869184323465966), 'pohjois': np.float64(0.0019269115087269504), 'etelä': np.float64(0.0009634557543634752), 'coherence': np.float64(0.0007320543844519308), 'pohjanmaan': np.float64(0.0006423038362423168), 'periphery': np.float64(0.0003744730801275648)}"
143,"{'equity': np.float64(0.9936490480759604), 'collateralized': np.float64(0.07204790871996017), 'collateralization': np.float64(0.04815865271798369), 'securitization': np.float64(0.044685634072644836), 'securitizations': np.float64(0.0358120436946718), 'securitisation': np.float64(0.023072249536094075), 'uncollateralized': np.float64(0.02024685073104339), 'creditor': np.float64(0.017865120588888863), 'collateralised': np.float64(0.013415349175902381), 'securitized': np.float64(0.010950489570147735), 'monetization': np.float64(0.00719668745325989), 'realkredit': np.float64(0.006851172047794678), 'deleveraging': np.float64(0.006799738228814396), 'indebtedness': np.float64(0.00679574497772358), 'collateralisation': np.float64(0.005785503640714673), 'securitize': np.float64(0.004359780362157549), 'noncollateralized': np.float64(0.004082296095727876), 'monetised': np.float64(0.0034448538493650877), 'materialisation': np.float64(0.003063236978443437), 'loanse': np.float64(0.0028561378120521815), 'indemnification': np.float64(0.002762451243628313), 'refinanced': np.float64(0.001921677794449814), 'collateralise': np.float64(0.0017224269246825439), 'monetising': np.float64(0.0017224269246825439), 'secures': np.float64(0.0015471978224379942), 'recapitalisation': np.float64(0.0009107515189158971), 'prioritisation': np.float64(0.0007809077793001791)}"
144,"{'originated': np.float64(0.6933090854303701), 'pursuant': np.float64(0.5947503980150952), 'started': np.float64(0.3128057414273507), 'originating': np.float64(0.13818810884431756), 'comprising': np.float64(0.12028927190744529), 'originates': np.float64(0.09479746445618135), 'initiated': np.float64(0.09033528808201159), 'conducting': np.float64(0.0800337387629608), 'originate': np.float64(0.07859426011424261), 'initiation': np.float64(0.03290800891679621), 'founding': np.float64(0.03104796293070128), 'launching': np.float64(0.03104796293070128), 'onset': np.float64(0.030090658901648422), 'onboarding': np.float64(0.020549514768467222), 'commencing': np.float64(0.0105146048204664), 'concluding': np.float64(0.0014537678200142916), 'constituting': np.float64(0.0009008686350910169)}"
145,"{'qualitative': np.float64(0.8731774015516931), 'comparative': np.float64(0.27824171494309524), 'differ': np.float64(0.2731380494670998), 'whereas': np.float64(0.20454861125845428), 'complementary': np.float64(0.14870367763331183), 'methodological': np.float64(0.09062215160657874), 'conjunction': np.float64(0.07522352266081324), 'comparing': np.float64(0.06623229629275695), 'considerable': np.float64(0.032419206702041806), 'differing': np.float64(0.03017437224895795), 'indicative': np.float64(0.02423748062548162), 'differential': np.float64(0.02138579620259788), 'compositional': np.float64(0.013787825229206402), 'differentiate': np.float64(0.010365830361069799), 'theoretical': np.float64(0.003479154119307726), 'plinary': np.float64(0.003439038558158144)}"
146,"{'recover': np.float64(0.5719245099824316), 'complement': np.float64(0.5456465576712829), 'comprise': np.float64(0.5091164731289388), 'compromise': np.float64(0.20722675047842198), 'satisfy': np.float64(0.18138567555786186), 'repaid': np.float64(0.1643065012676476), 'compensating': np.float64(0.08773269972586469), 'reimburse': np.float64(0.051357269795959254), 'compensatory': np.float64(0.04069135844474366), 'compensate': np.float64(0.01915415526153974), 'punitive': np.float64(0.01886544701013331), 'remunerated': np.float64(0.016577998457642785), 'compli': np.float64(0.008636160189162998), 'indemnifies': np.float64(0.00834910395370543)}"
147,"{'consists': np.float64(0.8924500561987144), 'involves': np.float64(0.403338712961815), 'comprised': np.float64(0.16416300782769516), 'constitute': np.float64(0.09407531249391325), 'incorporation': np.float64(0.05677462364417119), 'consortium': np.float64(0.03951018565896556), 'constitutes': np.float64(0.01403645199756837), 'inclu': np.float64(0.008347910632687276)}"
148,"{'due': np.float64(0.988264255893097), 'necessary': np.float64(0.11628329631673988), 'mandate': np.float64(0.06613738073638224), 'guaranteed': np.float64(0.05437883600546442), 'mandated': np.float64(0.026843165285326015), 'obligor': np.float64(0.02621302292933858), 'imposed': np.float64(0.019146905545849937), 'compulsory': np.float64(0.01873519919940026), 'forced': np.float64(0.010408921388923636), 'necessarily': np.float64(0.009326227687802217), 'obligors': np.float64(0.007678441090640878), 'unwilling': np.float64(0.005899586792171419), 'prerequisite': np.float64(0.0051214581475101705), 'necessity': np.float64(0.004752021853701671), 'conditional': np.float64(0.003603684814957403), 'obliged': np.float64(0.001803286789721393), 'imposes': np.float64(0.000963001578784341), 'facultative': np.float64(0.0005593377752681496), 'obliges': np.float64(0.00025140228990108937), 'quirements': np.float64(0.0001191437541374653)}"
149,"{'concentration': np.float64(0.9970344990602887), 'concentrated': np.float64(0.04683378728728583), 'intensive': np.float64(0.04332548608370855), 'integrate': np.float64(0.03137635693226159), 'solvent': np.float64(0.017882160216297027), 'devote': np.float64(0.012289033028011258), 'mixture': np.float64(0.01017401205681716), 'concentrate': np.float64(0.010174012056816784), 'dilution': np.float64(0.010019044060070922), 'intense': np.float64(0.006101114933979873), 'conclude': np.float64(0.005881142404542789), 'elaborate': np.float64(0.0034811404874718105), 'diluted': np.float64(0.002181267877776268), 'solidation': np.float64(0.0005903827758269031)}"
150,"{'strategic': np.float64(0.9916590070624077), 'notional': np.float64(0.1212126888744744), 'hypothetical': np.float64(0.022845175854761163), 'organisational': np.float64(0.01739248788602569), 'institutional': np.float64(0.01637396598347563), 'meaning': np.float64(0.015264711287527941), 'intellectual': np.float64(0.013296627971215733), 'conceptually': np.float64(0.011145944043985492), 'normative': np.float64(0.010716100438454305), 'innovative': np.float64(0.00969962698226822), 'terminology': np.float64(0.007165007373165592), 'consequential': np.float64(0.004458171412700541), 'generative': np.float64(0.002267947068697394), 'thought': np.float64(0.0020437091605653482), 'operationalization': np.float64(0.001807610630054191), 'functionally': np.float64(0.0005075745714388701), 'conventional': np.float64(0.0004992438604064593), 'conceptual': np.float64(0.0003487944238567131)}"
151,"{'premise': np.float64(0.7328823172508057), 'ultimately': np.float64(0.43366013953930954), 'opinion': np.float64(0.39956248674036277), 'judgment': np.float64(0.22184082120446572), 'finally': np.float64(0.1800138441576439), 'conclusion': np.float64(0.14595786482281764), 'resultant': np.float64(0.08906604367123296), 'continuation': np.float64(0.0495535981888352), 'inconclusive': np.float64(0.029715800669506024), 'substantiation': np.float64(0.029715800669506017), 'deduce': np.float64(0.009787871750640558)}"
152,"{'noncontrolling': np.float64(0.8736867056179302), 'decisive': np.float64(0.27765579250140915), 'inconsistent': np.float64(0.23992265086746772), 'destabilizing': np.float64(0.21842167640448254), 'damaging': np.float64(0.15145370588931575), 'interfering': np.float64(0.10726598462621316), 'misleading': np.float64(0.07755402178761822), 'dispute': np.float64(0.07084491890712373), 'divergence': np.float64(0.07059697038260819), 'varying': np.float64(0.036726802552752714), 'hostile': np.float64(0.031894733923182775), 'inconsistency': np.float64(0.030810346666978256), 'contaminating': np.float64(0.019208371296495903), 'conflicting': np.float64(0.012686362626686876), 'cooperating': np.float64(0.0008954256939793357)}"
153,"{'corruption': np.float64(0.723737195702908), 'regime': np.float64(0.6004147996825371), 'retention': np.float64(0.19515569870416097), 'conservatism': np.float64(0.17161615762191496), 'safeguarding': np.float64(0.16544440692252224), 'ethical': np.float64(0.12331018809870206), 'overreliance': np.float64(0.049248479386405135), 'retains': np.float64(0.0383878319765881), 'republic': np.float64(0.03530983455664982), 'restoration': np.float64(0.011101153956384018), 'deconsolidation': np.float64(0.01091938470284081), 'preserving': np.float64(0.008297930333224013), 'deontology': np.float64(0.008240156636564525), 'ism': np.float64(0.00814776785089481)}"
154,"{'potentially': np.float64(0.9581392284292969), 'worked': np.float64(0.15680680700053912), 'dynamically': np.float64(0.15454463544814157), 'strategically': np.float64(0.11994507450443145), 'solve': np.float64(0.10521319406863382), 'stimulating': np.float64(0.06829948184823367), 'structurally': np.float64(0.050344070419145605), 'intentionally': np.float64(0.028996864077093235), 'constructively': np.float64(-0.0)}"
155,"{'continues': np.float64(0.9886065441951871), 'occurs': np.float64(0.1491747553355935), 'encore': np.float64(0.015467525404899013), 'resumption': np.float64(0.012366311473503134), 'grows': np.float64(0.0034292115327403394), 'undisrupted': np.float64(0.00025229282280556824), 'reiterates': np.float64(1.5406318189996236e-18)}"
156,"{'scl': np.float64(1.0), 'contractsc': np.float64(0.0), 'offsc': np.float64(-4.052918492008168e-16), 'jocs': np.float64(-6.19645052860785e-16), 'scam': np.float64(-1.1598758973717588e-15)}"
157,"{'hybrid': np.float64(0.8996321659972601), 'repayable': np.float64(0.2966980944357559), 'reversal': np.float64(0.2012559837029183), 'turnaround': np.float64(0.15508297438809387), 'redeemable': np.float64(0.13829936133447968), 'refinance': np.float64(0.1260606649923211), 'deductibility': np.float64(0.055312766484344744), 'convertible': np.float64(-0.0)}"
158,"{'corporates': np.float64(0.9106634237010799), 'correlation': np.float64(0.40494531545584883), 'orps': np.float64(0.054636960728148914), 'corona': np.float64(0.05025978763553823), 'coronavirus': np.float64(0.023601634053512552), 'korcktgf': np.float64(0.02062332262711199), 'subordi': np.float64(0.012658785908077806), 'copula': np.float64(0.005183677303108193), 'covariance': np.float64(0.00395820223891801), 'corpo': np.float64(0.002951264899063515), 'coorpid': np.float64(0.002434075286005477), 'prospera': np.float64(0.000632853394547978)}"
159,"{'recovery': np.float64(0.9592912231696997), 'downward': np.float64(0.21211446357351693), 'countercyclical': np.float64(0.16918727872977812), 'inflationary': np.float64(0.07112962662842903), 'declining': np.float64(0.02486068320330738), 'economiques': np.float64(0.01344195202274972), 'reoccurrence': np.float64(0.011354116162398975), 'deflation': np.float64(0.005534935823121772), 'macroeconomics': np.float64(0.004990343231471333), 'recessionary': np.float64(0.004892678385965223), 'rebound': np.float64(0.004290973143551677), 'macroeconomy': np.float64(0.004015470177203873), 'fluctuate': np.float64(0.003531827881145092), 'inversely': np.float64(0.0031148885729756722), 'recurs': np.float64(0.0031148885729756722), 'stagflation': np.float64(0.002925961990939603), 'stagflationary': np.float64(0.0013910105258175998)}"
160,"{'rating': np.float64(0.9626691055610198), 'principle': np.float64(0.2349761923632542), 'criterion': np.float64(0.11101522798578145), 'qualifying': np.float64(0.06723851810964857), 'qualify': np.float64(0.027090621854262267), 'guide': np.float64(0.019174679235437694), 'indication': np.float64(0.008848397684110146), 'rationale': np.float64(0.004502136690179861), 'reviewer': np.float64(0.002473156205426939), 'criticality': np.float64(0.0016531982016032565)}"
161,"{'relevant': np.float64(0.9932338704168415), 'vulnerable': np.float64(0.10202734582520213), 'crucial': np.float64(0.03333833761695582), 'precious': np.float64(0.0284933811873863), 'significance': np.float64(0.02555282746779269), 'vital': np.float64(0.01784248079546808), 'serious': np.float64(0.01128864731867369), 'devastating': np.float64(0.005005883726599603), 'impossible': np.float64(0.00423871954260881), 'imposing': np.float64(0.0033065168995102642), 'krone': np.float64(0.0009425996085833189)}"
162,"{'original': np.float64(0.9648964655264402), 'hard': np.float64(0.20705573163892654), 'exploited': np.float64(0.11877359748211312), 'rigour': np.float64(0.07020616203554154), 'worst': np.float64(0.05708302646769573), 'friction': np.float64(0.04096523437826483), 'ruction': np.float64(0.03694469814395519), 'rigor': np.float64(0.01729277644484035), 'crude': np.float64(0.01627419503515115), 'sluggish': np.float64(0.013653202296921246), 'rudimentary': np.float64(0.0037157450254013897), 'gory': np.float64(0.001011369791411819)}"
163,"{'ltv': np.float64(0.9824965888631236), 'cst': np.float64(0.17222137356108788), 'gwst': np.float64(0.052296270721524915), 'ctf': np.float64(0.037381155332648075), 'ltvs': np.float64(0.02255459796521418), 'sep': np.float64(0.01997998381896853), 'sftl': np.float64(0.0003016834391013852)}"
164,"{'developing': np.float64(0.8633912106308623), 'diligence': np.float64(0.31621587100264525), 'quarrying': np.float64(0.2589483694676256), 'maturing': np.float64(0.22038967417607574), 'promoting': np.float64(0.16157970953663295), 'practitioner': np.float64(0.06377491165057773), 'treating': np.float64(0.060242971613548774), 'fostering': np.float64(0.047277500628905796), 'cultivating': np.float64(0.038550864333059), 'recruiting': np.float64(0.03632236740408324), 'fertilizer': np.float64(0.009600557215171205)}"
165,"{'current': np.float64(0.9863468064847256), 'status': np.float64(0.1288821430596404), 'latest': np.float64(0.09518443414240166), 'static': np.float64(0.02631773474428812), 'instantaneous': np.float64(0.023008800388763823), 'today': np.float64(0.014850677369684923), 'presently': np.float64(0.002592944077498851)}"
166,"{'oversight': np.float64(0.9683619426458863), 'enforcement': np.float64(0.24650907797017294), 'foster': np.float64(0.032343215525115494), 'discipline': np.float64(0.020523625124693634), 'territory': np.float64(0.005000148803004949), 'custody': np.float64(0.003953676317929851), 'ligence': np.float64(0.000697631806974767)}"
167,"{'short': np.float64(0.780819272233225), 'segment': np.float64(0.5254125975071458), 'haircut': np.float64(0.3116095480788653), 'cut': np.float64(0.08243587451223289), 'quoted': np.float64(0.07499120810943528), 'sharp': np.float64(0.04977254079994807), 'drop': np.float64(0.029321549738787315), 'hit': np.float64(0.02388746609570632), 'quick': np.float64(0.017359228024427218), 'saw': np.float64(0.015731694491924506), 'sampling': np.float64(0.012195231973699818), 'skew': np.float64(0.010126575685300294), 'extract': np.float64(0.004656786857042817), 'stick': np.float64(0.0036803955605867605)}"
168,"{'defence': np.float64(0.961419311292179), 'cyberattacks': np.float64(0.14222589598914362), 'phishing': np.float64(0.1035222715778329), 'ransomware': np.float64(0.1007258795035921), 'cybercrime': np.float64(0.0912463589379357), 'terrorist': np.float64(0.08792369255789172), 'cyberattack': np.float64(0.0738813026452647), 'terrorism': np.float64(0.07069905699585528), 'invasion': np.float64(0.05991436239051778), 'virus': np.float64(0.029195952402927612), 'dod': np.float64(0.0259150975185365), 'cybercriminals': np.float64(0.024527517503575062), 'surge': np.float64(0.023285650818463944), 'fraudsters': np.float64(0.01942115697853433), 'steal': np.float64(0.017099309792297342), 'malware': np.float64(0.016037648446388327), 'infection': np.float64(0.01545392520375501), 'hacktivists': np.float64(0.014814428639833567), 'smishing': np.float64(0.014814428639833567), 'destruction': np.float64(0.010566815360153654), 'surveillance': np.float64(0.009650227459698792), 'digitalization': np.float64(0.001380501075073119), 'theft': np.float64(0.0003027436922524064)}"
169,"{'danica': np.float64(0.9999723726581938), 'dep': np.float64(0.007432046762788995), 'marika': np.float64(0.00013638642974407852), 'dora': np.float64(1.0789522813858665e-19), 'motorcycle': np.float64(2.112769731961313e-20), 'performin': np.float64(2.0444525462734865e-20), 'dax': np.float64(0.0), 'dhvar': np.float64(-1.0366995267770562e-20), 'delta': np.float64(-2.439106314276784e-20), 'drag': np.float64(-5.351833775730772e-20)}"
170,"{'lower': np.float64(0.963417353191241), 'small': np.float64(0.20136743634855392), 'east': np.float64(0.1088960019462791), 'deep': np.float64(0.08643291751682236), 'depth': np.float64(0.07365513141226362), 'orange': np.float64(0.05687631927318917), 'delay': np.float64(0.03389082353019351), 'modern': np.float64(0.030048017898186584), 'decay': np.float64(0.021329989769015976), 'slow': np.float64(0.016050263572182467), 'deeply': np.float64(0.014749467144430478), 'dry': np.float64(0.010794820661973773), 'muted': np.float64(0.009806077082080913), 'shade': np.float64(0.007232480555621607), 'heavy': np.float64(0.005101504715511832), 'dark': np.float64(0.003933855879677317), 'shaded': np.float64(0.0010404075306271376)}"
171,"{'metric': np.float64(0.6165387486837616), 'measurement': np.float64(0.6077823014331397), 'parameter': np.float64(0.4760999553851808), 'divisional': np.float64(0.14568562551937034), 'dimension': np.float64(0.044647056132600324), 'discrete': np.float64(0.016808060382672785), 'quantiles': np.float64(0.01271396111778284), 'quantified': np.float64(0.008324823698326433), 'quantitatively': np.float64(0.005310966699924896), 'trajectory': np.float64(0.004638934642282376), 'numerator': np.float64(0.0038647100359126708), 'quantity': np.float64(0.00259614971549069), 'viewpoint': np.float64(0.001585884259824539), 'pinpointed': np.float64(0.0014983381657681578), 'datapoints': np.float64(0.0014819980614109163)}"
172,"{'gdpa': np.float64(0.9805806756909199), 'gdpe': np.float64(0.19611613513818404), 'stockholm': np.float64(3.0393880098106893e-17), 'glimström': np.float64(1.200131231722815e-17), 'lars': np.float64(4.0430399642769305e-18), 'göran': np.float64(4.0430399642769274e-18), 'sven': np.float64(4.043039964276926e-18), 'davegårdh': np.float64(-2.075727817313107e-17), 'wallenberg': np.float64(-7.123208273229764e-17)}"
173,"{'led': np.float64(0.9830635358349072), 'dealogic': np.float64(0.1329330945612199), 'philosophy': np.float64(0.09279404606429818), 'logistic': np.float64(0.05830397968040166), 'linkage': np.float64(0.052334404298488506), 'dpo': np.float64(0.02562327030726541), 'sustainalytics': np.float64(0.020792248997230336), 'lng': np.float64(0.007846872396034859), 'gdmo': np.float64(0.0039312811287481745)}"
174,"{'deterioration': np.float64(0.9792623754263949), 'greenwashing': np.float64(0.10947489918543629), 'degradation': np.float64(0.06918518182188632), 'decarbonization': np.float64(0.068725096456944), 'normalisation': np.float64(0.0677686935292607), 'regenerated': np.float64(0.06283466825633874), 'decommissioned': np.float64(0.04415023991151558), 'decompression': np.float64(0.041147605665736726), 'depreciation': np.float64(0.035390047349523605), 'recycling': np.float64(0.032979955842771524), 'decommissioning': np.float64(0.03251465340032769), 'downgrading': np.float64(0.02688456572759083), 'reorganization': np.float64(0.02688456572759083), 'digitisation': np.float64(0.024423361610153068), 'redevelopment': np.float64(0.021584150908185926), 'harmonisation': np.float64(0.02101928365853539), 'decarbonize': np.float64(0.019716554715993956), 'polarisation': np.float64(0.014759879075432908), 'softening': np.float64(0.01455707695017923), 'normalising': np.float64(0.010894732239334995), 'decarbonisation': np.float64(0.00905181366603769), 'divestments': np.float64(0.001157743389419831)}"
175,"{'divided': np.float64(0.9324664772887069), 'laid': np.float64(0.33038141981039026), 'trapped': np.float64(0.07741116679141812), 'depleted': np.float64(0.06725098398352007), 'staged': np.float64(0.06371190451118086), 'suffered': np.float64(0.05950633865038098), 'inflated': np.float64(0.032954644545494016), 'misinterpreted': np.float64(0.021275865368537396), 'misled': np.float64(0.020433776898175028), 'elude': np.float64(0.016055650785612725), 'relied': np.float64(0.016055650785612725), 'detective': np.float64(0.01478947991937933), 'gave': np.float64(0.014763362824373186), 'tricked': np.float64(0.012067293770132584), 'educate': np.float64(0.011012728968097291), 'deceived': np.float64(0.007976714030960452)}"
176,"{'decreased': np.float64(0.9730438680825031), 'decline': np.float64(0.16024875354075818), 'subsidence': np.float64(0.1197056032029452), 'deteriorating': np.float64(0.10383194103543018), 'deteriorate': np.float64(0.03295160285840067), 'deteriorates': np.float64(0.018037944764957178), 'weakening': np.float64(0.016462227020847306), 'decreasing': np.float64(0.014828368923170144), 'resurgence': np.float64(0.014005665240285162), 'stagnate': np.float64(0.011468086003676159), 'slump': np.float64(0.010819558063553789), 'weaken': np.float64(0.0038261604664089717), 'weakens': np.float64(0.0034587320545513395), 'downwards': np.float64(0.003241590644833456), 'depression': np.float64(0.0031044203532976412), 'depreciates': np.float64(0.0009912480187609038), 'worsening': np.float64(0.0009667475904059983)}"
177,"{'embed': np.float64(0.9456670558350411), 'false': np.float64(0.2565085162728154), 'forensic': np.float64(0.17486252585354417), 'flattening': np.float64(0.0886748362321457), 'embeds': np.float64(0.02710478484398818), 'deepfakes': np.float64(0.02710478484398798), 'simulates': np.float64(0.0027807078678932532)}"
178,"{'represent': np.float64(0.9396771418276536), 'demonstrate': np.float64(0.2860626625146403), 'defend': np.float64(0.13407663353410057), 'distinguish': np.float64(0.10830269907858381), 'immunize': np.float64(0.0627370575503399), 'prosecutor': np.float64(0.03143153686862257), 'propose': np.float64(0.019596138978795818), 'discover': np.float64(0.012693123777409838)}"
181,"{'outsourcing': np.float64(0.9166532505209297), 'staging': np.float64(0.3991134678121297), 'unleashing': np.float64(0.01738965131575221), 'deploying': np.float64(0.00904703439730188), 'hiring': np.float64(0.006226332550353375), 'replicating': np.float64(0.005439924566601484), 'pushing': np.float64(0.0016136763658891197), 'rollout': np.float64(0.0001531121566632447), 'rendering': np.float64(0.0001461332674113542), 'onshoring': np.float64(2.387727794606593e-05)}"
182,"{'placed': np.float64(0.9243877316670066), 'depositor': np.float64(0.3481592320963811), 'retailer': np.float64(0.12094303226076626), 'instalment': np.float64(0.07035317630836828), 'disposalsf': np.float64(0.04461329247244494), 'respondent': np.float64(0.029251950358392842), 'steepener': np.float64(0.02923023541318073), 'revolver': np.float64(0.028911036597396952), 'exposu': np.float64(0.010342128033863224), 'dop': np.float64(0.00851160406524538)}"
183,"{'reclassified': np.float64(0.8098610233187346), 'derecognized': np.float64(0.39158456903408523), 'recognises': np.float64(0.3125628251194411), 'recognise': np.float64(0.27034810212828836), 'retired': np.float64(0.08923980458392086), 'recognizes': np.float64(0.08618509017093882), 'repossessed': np.float64(0.05871008874351185), 'respected': np.float64(0.03213254233144283), 'redefined': np.float64(0.011491081133038546)}"
184,"{'derivative': np.float64(0.9826455304710313), 'source': np.float64(0.1498302189518685), 'derived': np.float64(0.0871182656313816), 'determination': np.float64(0.04862774084926334), 'derive': np.float64(0.0360882746151511), 'stemming': np.float64(0.021295250155125973), 'generating': np.float64(0.013204622826159232), 'derives': np.float64(0.00562304258954486), 'iterative': np.float64(0.004579989102709247), 'extraction': np.float64(0.003850742099277653), 'differentiation': np.float64(0.001924969176322676), 'derivation': np.float64(0.001657575438072545), 'succession': np.float64(0.0005727600247856252)}"
185,"{'described': np.float64(0.8282761199696093), 'describes': np.float64(0.424318314050367), 'written': np.float64(0.36399065617369925), 'illustrated': np.float64(0.029810151240314033), 'explain': np.float64(0.023122649764178375), 'exemplified': np.float64(0.00037096993903565345)}"
188,"{'would': np.float64(0.8120955349526696), 'right': np.float64(0.5518477671247164), 'reason': np.float64(0.18482314090513632), 'yen': np.float64(0.027973361437682483), 'siis': np.float64(0.023934459069559363), 'dilemma': np.float64(0.01714405206587155), 'weighteda': np.float64(0.006706509669407958), 'insti': np.float64(0.006605509800828973), 'philippine': np.float64(0.005804945364691016), 'diba': np.float64(0.00580494536469097)}"
190,"{'prescription': np.float64(0.9704378755450519), 'ratiosa': np.float64(0.24135105076963423), 'digitalis': np.float64(-0.0), 'remedia': np.float64(-1.3559665670974985e-16), 'strengthens': np.float64(-5.478239626614734e-16)}"
191,"{'electronic': np.float64(0.8850259283798266), 'translational': np.float64(0.3967892185782769), 'discovering': np.float64(0.19839460928913832), 'translating': np.float64(0.10049529523648658), 'harmonization': np.float64(0.05194881047473308), 'inventorization': np.float64(0.05194881047473308), 'materialization': np.float64(0.05194881047473308), 'digitization': np.float64(0.039950745497675924), 'documenting': np.float64(0.011643683311370605), 'image': np.float64(0.0001503320048858949)}"
192,"{'issuance': np.float64(0.972981921240182), 'waste': np.float64(0.15958548593162383), 'sewerage': np.float64(0.15387523747882279), 'dislocation': np.float64(0.04656128602048026), 'discus': np.float64(0.04333542534358825), 'dissatisfaction': np.float64(0.008827225223782945), 'disseminated': np.float64(0.005831331540198214), 'discharge': np.float64(0.0015728422759872917), 'dissolved': np.float64(0.0008685041558840039)}"
193,"{'resale': np.float64(0.9950484434735002), 'undiscounted': np.float64(0.0877530568185241), 'discounted': np.float64(0.044509886431014764), 'reprice': np.float64(0.014024802953175835), 'promotional': np.float64(0.00041360850109795066)}"
194,"{'nonlinear': np.float64(0.6894282718009137), 'underperformance': np.float64(0.37965816953092696), 'overstatement': np.float64(0.36802562321951177), 'disproportionate': np.float64(0.3447141359004571), 'overstated': np.float64(0.34471413590045685), 'unsuitability': np.float64(0.058414557865704875), 'ineligible': np.float64(0.046063144314253665), 'underperforming': np.float64(0.028748319855010487), 'unrepresentative': np.float64(0.02820418091747243), 'unweighted': np.float64(0.016636838737941053), 'proportional': np.float64(0.00348050767508983), 'unappropriated': np.float64(0.002210913246376433)}"
195,"{'evolve': np.float64(0.6595644417192715), 'fishing': np.float64(0.5475280310649266), 'dive': np.float64(0.3713090586921659), 'fli': np.float64(0.19682734296620474), 'explore': np.float64(0.1744933738977316), 'swing': np.float64(0.17048809735716028), 'find': np.float64(0.10793297415677368), 'embedment': np.float64(0.1031272500166722), 'hike': np.float64(0.05406503505838245), 'jump': np.float64(0.052294120607035546), 'diverge': np.float64(0.03343479335136376), 'reveal': np.float64(0.0013814696271319607)}"
196,"{'holiday': np.float64(0.9781853281870709), 'settled': np.float64(0.17187860751948178), 'domicile': np.float64(0.08424253778285053), 'occupied': np.float64(0.07961094091956737), 'relocation': np.float64(0.01258110589825737), 'lieu': np.float64(0.004268100853886634)}"
197,"{'relief': np.float64(0.966345097755423), 'redemption': np.float64(0.21117640258644638), 'left': np.float64(0.09234504393525857), 'toward': np.float64(0.07328190935226175), 'suffering': np.float64(0.0727475949539986), 'totald': np.float64(0.03831438147412636), 'onward': np.float64(0.027405830838291928), 'durables': np.float64(0.008898101082163712), 'ore': np.float64(0.007345304110891084), 'doright': np.float64(0.006143832329302612), 'winnie': np.float64(0.0012935697423220275)}"
198,"{'stable': np.float64(0.979601287058429), 'residual': np.float64(0.1631250578478903), 'prepared': np.float64(0.11500183124054292), 'unutilised': np.float64(0.015548114932347024), 'reset': np.float64(0.014160453494010882), 'restoring': np.float64(0.007401963750786921), 'stimulated': np.float64(0.006894959737236227), 'grounded': np.float64(0.0009620693221273902), 'dormant': np.float64(0.0007715382571780568)}"
199,"{'filed': np.float64(0.7380651407806699), 'drawn': np.float64(0.6655587037829148), 'refreshed': np.float64(0.09769490205170767), 'tightened': np.float64(0.05105449369399588), 'lifted': np.float64(0.011857679788745506)}"
200,"{'unemployment': np.float64(0.9080514181064703), 'inflation': np.float64(0.39475498083790983), 'water': np.float64(0.12343918739445142), 'soil': np.float64(0.045989002502120915), 'erosion': np.float64(0.036799693011728134), 'strain': np.float64(0.01903658508671368), 'drought': np.float64(0.01243743185712598), 'wildfire': np.float64(0.010728688531868612), 'tear': np.float64(0.010565184113169802), 'poverty': np.float64(0.00834700066527372), 'trough': np.float64(0.007312028196945439), 'unrest': np.float64(0.006134965447499912), 'wastewater': np.float64(0.0003214087202328571)}"
201,"{'idiosyncratic': np.float64(0.972041082152751), 'ineffective': np.float64(0.14726163711200893), 'misuse': np.float64(0.1343488669350674), 'instability': np.float64(0.12198271421687183), 'dysfunctionalities': np.float64(0.013285135006985629), 'fragility': np.float64(0.012364943441719012), 'misusing': np.float64(0.010320542473834387), 'suffers': np.float64(0.009211079878265685), 'inflexibility': np.float64(-5.50929199125288e-18)}"
202,"{'esr': np.float64(0.9903090447172966), 'shock': np.float64(0.13752815111787842), 'turmoil': np.float64(0.017966657304098098), 'earthquake': np.float64(0.006473322471471888), 'electricity': np.float64(0.002983540197953693), 'uplift': np.float64(0.0004634829761643271), 'turbulence': np.float64(0.0003699246322928875), 'elasticity': np.float64(0.00021389225236545517)}"
203,"{'smooth': np.float64(0.8011422416905538), 'easing': np.float64(0.4284435316826638), 'rolling': np.float64(0.35079784342254394), 'soon': np.float64(0.14928255386526165), 'slows': np.float64(0.12759583911016917), 'unwinding': np.float64(0.11393920634114733)}"
204,"{'esg': np.float64(0.9994715963853528), 'epc': np.float64(0.032268134762614385), 'eps': np.float64(0.002870975644187624), 'esma': np.float64(0.0020421241647562943), 'webinars': np.float64(0.0014355335878393917), 'esate': np.float64(0.0006702327428944186), 'ecam': np.float64(0.0004759567671610957), 'uwej': np.float64(0.00038239004533175916), 'samlit': np.float64(3.041785834189868e-18), 'emba': np.float64(-1.1102230246251565e-16)}"
205,"{'gdp': np.float64(0.9030977701733351), 'economy': np.float64(0.3898702702929202), 'trend': np.float64(0.14087524451176964), 'society': np.float64(0.09207168509483572), 'employment': np.float64(0.05777038069757512), 'workplace': np.float64(0.01903129498600851), 'économiques': np.float64(0.017593189546347254), 'wage': np.float64(0.008865574418075117), 'marketplace': np.float64(0.0021845747774556458), 'entrepreneurship': np.float64(0.0002489323200534485)}"
206,"{'tesco': np.float64(0.9973077488846246), 'tnfd': np.float64(0.07332976213436583), 'itx': np.float64(1.58811697571179e-16), 'etd': np.float64(1.2688333962060597e-16), 'ormf': np.float64(5.815572817770372e-17), 'edtf': np.float64(2.6266055041301442e-17), 'wpfgt': np.float64(2.717102275972503e-18), 'qeewt': np.float64(1.0371503476349199e-18), 'tqwr': np.float64(-2.3958396496138355e-18), 'ejctig': np.float64(-1.2650439440024481e-16)}"
207,"{'ethic': np.float64(0.9396042450859774), 'sufficiency': np.float64(0.2792050059177883), 'plausibility': np.float64(0.1503630737646627), 'utilization': np.float64(0.12776199101831612), 'efficacy': np.float64(0.016007716449798252)}"
208,"{'hpic': np.float64(0.5671074774058357), 'hpie': np.float64(0.5671074774058357), 'lra': np.float64(0.5138975438215954), 'hpid': np.float64(0.2268429909623343), 'pfe': np.float64(0.15198009379387895), 'internationala': np.float64(0.11867116620141017), 'lossesa': np.float64(0.05671074774058357), 'iso': np.float64(0.028671987578791764), 'eiopa': np.float64(0.002963602254120068), 'npe': np.float64(0.0013908000023496936), 'npes': np.float64(0.00027816000046993876), 'owe': np.float64(9.503687158001575e-05), 'operandi': np.float64(-6.394632909386341e-19), 'isps': np.float64(-1.9733986218078308e-18), 'naics': np.float64(-1.9894378994652585e-18), 'orsa': np.float64(-2.4940536303594376e-18), 'eonia': np.float64(-6.377685040367516e-18)}"
209,"{'output': np.float64(0.9913339642801314), 'lesson': np.float64(0.12402378300587333), 'interval': np.float64(0.03392527766357123), 'length': np.float64(0.020951114746777383), 'elapsed': np.float64(0.016887831117930574)}"
210,"{'input': np.float64(0.9422380184319965), 'overlay': np.float64(0.32209507609524085), 'reflection': np.float64(0.07339435801723755), 'embedding': np.float64(0.05065466999644786), 'placement': np.float64(0.016759395028195227), 'underpin': np.float64(0.014449009433999882)}"
211,"{'exposure': np.float64(0.9972715720182403), 'emerging': np.float64(0.0737504252013458), 'inception': np.float64(0.002273499745196847), 'emergence': np.float64(0.0017455457053132193), 'momentum': np.float64(0.0009148271634521467), 'outreach': np.float64(0.0008050995359661204), 'evolves': np.float64(0.0007430540197525693), 'surmount': np.float64(0.00016736518029193746), 'emerges': np.float64(7.390268079909834e-05)}"
212,"{'mrel': np.float64(0.9656011681948251), 'emir': np.float64(0.190326097270344), 'mev': np.float64(0.14389878161467443), 'mevs': np.float64(0.10326291211785724), 'iss': np.float64(0.0031168088027230113), 'remit': np.float64(0.0028727829144785857), 'hram': np.float64(0.0014975873833612977), 'emolument': np.float64(0.00023652874223061633), 'emirate': np.float64(7.884613172093324e-05), 'isin': np.float64(2.5443021016586107e-07)}"
214,"{'initiative': np.float64(0.9917549464573548), 'journey': np.float64(0.08954937206574737), 'ship': np.float64(0.08847488580897636), 'exploration': np.float64(0.019674731693664516), 'endeavour': np.float64(0.013716255096442682)}"
215,"{'institute': np.float64(0.7233369334066118), 'shareholding': np.float64(0.6708886388896362), 'inves': np.float64(0.13039274192040226), 'tuition': np.float64(0.09203986848607809), 'investee': np.float64(0.031243278277017558), 'endowment': np.float64(0.01556817281441403)}"
216,"{'impose': np.float64(0.9164028759933914), 'reinforced': np.float64(0.39174197491239304), 'validating': np.float64(0.07282760990766539), 'injunctive': np.float64(0.03673966044327573), 'enforces': np.float64(0.009504238445511768)}"
218,"{'outstanding': np.float64(0.9169650079453563), 'ten': np.float64(0.29052145000299673), 'substantial': np.float64(0.25144718132770844), 'seven': np.float64(0.08148077128196045), 'enough': np.float64(0.06235949223608182), 'exhaustive': np.float64(0.026683197082985277), 'something': np.float64(0.01752030042734606)}"
219,"{'enters': np.float64(0.8705100031469748), 'utilizes': np.float64(0.4602781727802546), 'submits': np.float64(0.1663106743356355), 'incurs': np.float64(0.04968447040640972), 'penetration': np.float64(0.015103250845583224), 'login': np.float64(0.0006655069355745985), 'invitee': np.float64(2.449590544842114e-17)}"
220,"{'shareholder': np.float64(0.9998731698501585), 'franchise': np.float64(0.01182850080489184), 'opportunist': np.float64(0.008064525965495624), 'invention': np.float64(0.00443898459232102), 'monetise': np.float64(0.004405232404935368), 'supervisor': np.float64(0.003077136230316428), 'expatriate': np.float64(0.00033879093777859377), 'entrepreneur': np.float64(1.5640896525639178e-07)}"
221,"{'uncertainty': np.float64(0.9964469581776683), 'intensity': np.float64(0.08164556069364291), 'intrinsic': np.float64(0.01816053961683435), 'für': np.float64(0.005998537743015367), 'hnw': np.float64(0.005998537743015349), 'neo': np.float64(0.0048130497695961765), 'stringency': np.float64(0.001484661220320964), 'ernst': np.float64(0.0004539576229580196), 'nyman': np.float64(0.0003407398749912982), 'evolu': np.float64(0.0)}"
222,"{'tlac': np.float64(0.9988746083080067), 'hqla': np.float64(0.04386683118983748), 'lay': np.float64(0.017048369902031783), 'iclaap': np.float64(0.005878762781057144), 'eshla': np.float64(0.00010597517008314839), 'ylä': np.float64(-6.509498727192338e-20)}"
223,"{'likely': np.float64(0.7782462315682813), 'increasingly': np.float64(0.5800064002568792), 'latter': np.float64(0.2305347395486986), 'never': np.float64(0.05299120595629344), 'eventually': np.float64(0.04439644876943702)}"
224,"{'increased': np.float64(0.9996532241117893), 'exceeds': np.float64(0.021048768467119987), 'supra': np.float64(0.013120197856754072), 'overlifts': np.float64(0.0066827225950233165), 'supersedes': np.float64(0.005021435198717599), 'outperformed': np.float64(0.0021226040302261538), 'supersede': np.float64(0.0019652573663252893)}"
225,"{'fully': np.float64(0.9962576081929787), 'unfunded': np.float64(0.07886027566039433), 'unsuccessful': np.float64(0.022973841345422793), 'exhausted': np.float64(0.022973841345422786), 'insolvent': np.float64(0.014008578373364299)}"
226,"{'use': np.float64(0.9983090265468789), 'pose': np.float64(0.04129387359185173), 'expose': np.float64(0.040532555590575156), 'extortion': np.float64(0.005142734869793331), 'posing': np.float64(0.0021372258091643523)}"
227,"{'international': np.float64(0.9113393994896384), 'sovereign': np.float64(0.40881318266604955), 'extraterritorial': np.float64(0.030431986135817546), 'nontrading': np.float64(0.030288336004784585), 'supranational': np.float64(0.016542043387628092), 'supranationals': np.float64(0.014184162499896298), 'unrestricted': np.float64(0.0036074881613434753), 'outgoing': np.float64(0.0009657103238177861), 'intergovernmental': np.float64(0.00012371614799433495)}"
228,"{'health': np.float64(0.7933217840384261), 'knowledge': np.float64(0.45036002292887295), 'union': np.float64(0.37171130085623877), 'strength': np.float64(0.1539020189242506), 'fire': np.float64(0.07332091699927054), 'virtue': np.float64(0.017424451779253666), 'fell': np.float64(0.01406964373309542), 'faith': np.float64(0.0068544923427858746), 'fear': np.float64(0.00606356124084334)}"
229,"{'stated': np.float64(0.7025963301982808), 'federal': np.float64(0.5213485992663418), 'state': np.float64(0.4809563853569522), 'federation': np.float64(0.05600960989253401), 'fmrc': np.float64(0.009854528380493333), 'fied': np.float64(0.000895594434339973)}"
230,"{'size': np.float64(0.858605458497252), 'fine': np.float64(0.3977528053921618), 'sound': np.float64(0.3200192571072493), 'golden': np.float64(0.034779149828578215), 'micro': np.float64(0.03110399104800734)}"
231,"{'third': np.float64(0.6595200342350155), 'first': np.float64(0.5222104147549318), 'lead': np.float64(0.4634541771146169), 'since': np.float64(0.27840950456617525), 'greatest': np.float64(0.0052896735585460375)}"
232,"{'reflect': np.float64(0.9034175987053017), 'found': np.float64(0.3167336191582695), 'turn': np.float64(0.2527394698218043), 'fossil': np.float64(0.10761954738561562), 'miner': np.float64(0.07474545529460469), 'glass': np.float64(0.03519421336689678), 'york': np.float64(0.025659147921844705), 'fluvial': np.float64(0.021817683245752575), 'lighter': np.float64(0.007804740571603325), 'wiron': np.float64(0.004624333129654284), 'silicon': np.float64(0.003875630795500371), 'flint': np.float64(0.00011134097484877259)}"
236,"{'offs': np.float64(0.9914061827093702), 'napa': np.float64(0.07787015145601174), 'loansa': np.float64(0.07525923906074831), 'rose': np.float64(0.055208188174176984), 'sofr': np.float64(0.04191083733802372), 'taiwan': np.float64(0.022634736062766826), 'spe': np.float64(0.0055863054068853585), 'formosa': np.float64(0.0055220331060141), 'portfo': np.float64(0.002751350760372347), 'frankfurt': np.float64(6.431818371532838e-05), 'gustavia': np.float64(1.9521559751467385e-06)}"
240,"{'ghg': np.float64(0.9951333266680702), 'lebanon': np.float64(0.0985376179666422), 'glasgow': np.float64(3.069291361663615e-17), 'gaza': np.float64(-0.0), 'warsaw': np.float64(-2.2096398636774377e-16)}"
242,"{'gia': np.float64(0.9653643677967794), 'lie': np.float64(0.24735381807145648), 'inv': np.float64(0.058657799507096486), 'vice': np.float64(0.052339165402164496), 'tal': np.float64(0.0201517837245412), 'vision': np.float64(0.017363928371964755)}"
243,"{'view': np.float64(0.710203205277541), 'perspective': np.float64(0.592506475140537), 'insight': np.float64(0.28519513202242497), 'seek': np.float64(0.21903390591601646), 'peer': np.float64(0.12290475297259867), 'visit': np.float64(0.010699086096282248), 'glance': np.float64(0.00391409164134531)}"
244,"{'oil': np.float64(0.9495016813885602), 'green': np.float64(0.2581584731768959), 'gold': np.float64(0.17411437362066753), 'hot': np.float64(0.027224297086795857), 'mined': np.float64(0.0171568748003458), 'zloty': np.float64(0.01566073804307748), 'jun': np.float64(0.01428864042220016)}"
246,"{'oversee': np.float64(0.5671216882053876), 'ruling': np.float64(0.5509205768968224), 'taxation': np.float64(0.5282938958332135), 'governing': np.float64(0.23850662180229415), 'voting': np.float64(0.19717925778480547)}"
247,"{'granular': np.float64(0.9943178198730489), 'unconsolidated': np.float64(0.08714088290707489), 'pulp': np.float64(0.03706609074001391), 'inorganic': np.float64(0.03442438066068519), 'segmental': np.float64(0.03434540060129771)}"
249,"{'xva': np.float64(0.9999999999999999), 'jpy': np.float64(5.782525508357196e-17), 'sox': np.float64(1.5837128291289705e-17), 'gxgp': np.float64(0.0), 'viii': np.float64(-2.2806990757934495e-16), 'hpig': np.float64(-5.551115123125783e-16)}"
251,"{'narrative': np.float64(0.8518309961853894), 'intention': np.float64(0.37829987794556186), 'perception': np.float64(0.33235452249491415), 'stimulus': np.float64(0.1342914112646243), 'hallucination': np.float64(0.0396986998840338), 'subjective': np.float64(0.034690888565022907), 'hyp': np.float64(0.0)}"
252,"{'help': np.float64(0.7006714121354866), 'joint': np.float64(0.6836008608802296), 'motor': np.float64(0.18368101887036298), 'manually': np.float64(0.06931302538036373), 'hand': np.float64(0.043124025071237485), 'manual': np.float64(0.036697976795641546)}"
253,"{'shipping': np.float64(0.9796546694866954), 'haulage': np.float64(0.1730260587006365), 'trafficking': np.float64(0.0674878654522393), 'weigh': np.float64(0.05436599488696615), 'procurement': np.float64(0.045574799316657554), 'hiking': np.float64(0.021978443409661153), 'train': np.float64(0.01638059439162336)}"
256,"{'immaterial': np.float64(0.9824738724281228), 'valuing': np.float64(0.16659971441117935), 'sentiment': np.float64(0.07669968061326096), 'hedonic': np.float64(0.03088142610510931), 'oversensitivity': np.float64(0.01210116406927001), 'tolerant': np.float64(0.0022817062463542977), 'moral': np.float64(0.001215448277355906)}"
257,"{'hämeen': np.float64(0.7108942609884278), 'jaakko': np.float64(0.3554471304942139), 'pehkonen': np.float64(0.3554471304942139), 'heinonen': np.float64(0.3554471304942138), 'suomen': np.float64(0.24382179452528266), 'tarkkanen': np.float64(0.23696475366280922), 'svein': np.float64(5.1933560113626095e-17)}"
260,"{'htqo': np.float64(0.6011031117401512), 'kpkowo': np.float64(0.46140186716003767), 'okpkowo': np.float64(0.46140186716003767), 'ƃto': np.float64(0.46140186716003767), 'ihc': np.float64(-0.0), 'mrmq': np.float64(-1.0724282702149378e-16)}"
263,"{'lre': np.float64(0.9339665406125255), 'intelligence': np.float64(0.26852535967597385), 'inc': np.float64(0.22675165746718706), 'intercompany': np.float64(0.05966507829644535), 'icf': np.float64(0.01796525615530212), 'ibm': np.float64(0.015060333675357765), 'wibid': np.float64(0.005886071582355054), 'sebgroup': np.float64(0.004621889262084691), 'ibors': np.float64(0.004338745989437731), 'intel': np.float64(8.362656630461464e-19)}"
264,"{'index': np.float64(0.9972535770277833), 'ibor': np.float64(0.06335955357785587), 'interdependency': np.float64(0.029548040749847394), 'rniv': np.float64(0.02081805477816426), 'lira': np.float64(0.011140032283809418), 'inr': np.float64(0.006325712552880516), 'ifrss': np.float64(0.0005263081021039673)}"
265,"{'identiﬁ': np.float64(0.986466762185833), 'replicate': np.float64(0.159468677786676), 'seamless': np.float64(0.038119127843766636), 'identiﬁcation': np.float64(7.179870730260256e-18), 'identical': np.float64(-0.0), 'simultaneous': np.float64(-2.5167615609421277e-20)}"
266,"{'intangible': np.float64(0.9739580040940281), 'unsettled': np.float64(0.1478911751036514), 'illiquidity': np.float64(0.11143348598758918), 'unviable': np.float64(0.08358688673090192), 'unpredictable': np.float64(0.07589918159249391), 'illiquid': np.float64(0.06479493765973042), 'uncollectible': np.float64(0.013067036473045196)}"
272,"{'intragroup': np.float64(0.9938775196465874), 'intervention': np.float64(0.11045561324225102), 'proliferation': np.float64(0.0025629938355246945), 'infiltration': np.float64(0.0005446840206162267), 'swell': np.float64(0.0004096661357345334)}"
273,"{'unchanged': np.float64(0.8288883163585333), 'minority': np.float64(0.34914887906016606), 'regardless': np.float64(0.3481663320507531), 'irrespective': np.float64(0.22347407599280353), 'insignificant': np.float64(0.10206405363301875), 'signiﬁ': np.float64(0.09713089819208037), 'irrelevant': np.float64(0.0052229697709686995)}"
276,"{'irrevo': np.float64(1.0), 'reclaiming': np.float64(0.0), 'reclaims': np.float64(0.0), 'repre': np.float64(0.0), 'reﬁ': np.float64(0.0), 'reﬂ': np.float64(0.0), 'supervi': np.float64(0.0), 'tive': np.float64(0.0)}"
278,"{'nii': np.float64(0.9935558634610788), 'japanese': np.float64(0.09180940098318245), 'latin': np.float64(0.04781247842619374), 'translate': np.float64(0.04223399799948276), 'nikkei': np.float64(0.018655733513964542)}"
281,"{'tkum': np.float64(0.9999999999999999), 'kmc': np.float64(1.3750462666506182e-16), 'nking': np.float64(4.186123509386692e-18), 'sks': np.float64(4.186123509386692e-18), 'tmnl': np.float64(3.3507460189775938e-18), 'mrwa': np.float64(-8.708982682029444e-19), 'lrmf': np.float64(-6.463906661332067e-17), 'mrc': np.float64(-8.762920219750716e-17), 'mrm': np.float64(-2.4978414131742264e-16), 'krona': np.float64(-2.7527923301377135e-16)}"
283,"{'kum': np.float64(0.9363704546748216), 'kong': np.float64(0.3508987474084933), 'skullman': np.float64(0.007035744772501029), 'thun': np.float64(0.0039898471525388795), 'paramount': np.float64(0.0038755766556014177)}"
284,"{'tpas': np.float64(0.8816745987679436), 'pricewaterhousecoopers': np.float64(0.47185792553202455), 'pandora': np.float64(2.639794324693998e-16), 'puwtg': np.float64(1.7991207611446874e-16), 'kpis': np.float64(-0.0)}"
285,"{'mlod': np.float64(0.989146207576675), 'layer': np.float64(0.14693461143202755), 'leaf': np.float64(-0.0), 'league': np.float64(-4.214048030400789e-18), 'render': np.float64(-7.71547112058109e-18)}"
288,"{'usd': np.float64(0.9999982248405923), 'snlp': np.float64(0.0017642681644282603), 'lowa': np.float64(0.00055941724074271), 'solvv': np.float64(0.00029391037436705237), 'loansd': np.float64(0.00019581254070786587)}"
293,"{'wti': np.float64(1.0), 'ltva': np.float64(8.724349107439204e-17), 'ltip': np.float64(6.786033089406172e-17), 'nlp': np.float64(-1.1102230246251565e-16), 'tional': np.float64(-2.794436215854657e-16)}"
297,"{'mindset': np.float64(0.9999999999999999), 'mtns': np.float64(2.3241118157987767e-17), 'tions': np.float64(1.4177639356012688e-17), 'tomers': np.float64(1.3204212851126787e-17), 'merton': np.float64(-1.4256977190886292e-16), 'megatrends': np.float64(-9.112927412477979e-16)}"
313,"{'onecompliance': np.float64(0.9222040828714845), 'opportunistic': np.float64(0.23227262338410534), 'virulent': np.float64(0.22160339784978095), 'omicron': np.float64(0.2155945083318741), 'sigma': np.float64(-2.6890412820855456e-16)}"
